Query_ID,Latency_ms
1,2.275
2,2.0575
3,1.953
4,1.8121
5,2.0924
6,2.0952
7,1.9891
8,1.785
9,2.0401
10,2.0821
11,2.1418
12,1.997
13,2.1156
14,2.0304
15,2.0493
16,1.8583
17,2.1827
18,1.9317
19,1.9181
20,1.9375
21,1.8418
22,1.9895
23,1.9124
24,2.0192
25,1.9701
26,2.0581
27,1.9886
28,2.0066
29,2.075
30,1.768
31,2.0097
32,2.1298
33,2.1517
34,1.9077
35,1.9602
36,2.0078
37,2.029
38,1.9268
39,2.0778
40,1.9531
41,1.9674
42,1.8942
43,2.0611
44,2.079
45,1.9051
46,2.0188
47,1.9002
48,2.0924
49,2.1105
50,1.9407
51,1.9846
52,1.8841
53,2.0607
54,1.9608
55,1.7443
56,1.7504
57,1.9251
58,1.9781
59,1.982
60,1.7431
61,1.9424
62,1.8804
63,1.6877
64,1.7564
65,2.0494
66,1.8667
67,1.6793
68,1.8314
69,1.7534
70,1.8475
71,1.66
72,1.7479
73,1.9897
74,1.8649
75,1.8595
76,1.8208
77,1.7699
78,1.8242
79,1.8168
80,1.7578
81,2.1475
82,1.8612
83,1.9093
84,1.8212
85,1.8807
86,1.7808
87,1.9897
88,1.7896
89,1.8689
90,1.8522
91,1.797
92,1.7325
93,1.8855
94,1.867
95,1.7179
96,1.7456
97,2.0417
98,1.7544
99,1.6279
100,1.7624
101,1.8611
102,1.7146
103,1.9205
104,1.856
105,1.8714
106,1.7387
107,1.7778
108,1.6489
109,1.68
110,1.721
111,1.6808
112,2.0573
113,1.922
114,1.9727
115,1.8793
116,1.9883
117,1.6176
118,1.8418
119,1.8523
120,1.7211
121,1.9947
122,1.9168
123,1.8912
124,1.7527
125,1.6914
126,1.8141
127,1.9907
128,1.9779
129,2.0934
130,1.7634
131,1.804
132,1.8851
133,1.9509
134,1.8863
135,1.6684
136,1.8782
137,1.9903
138,1.8525
139,1.774
140,1.8473
141,1.8541
142,1.7381
143,1.8553
144,2.0022
145,2.0662
146,1.7654
147,1.8776
148,1.8863
149,1.7789
150,1.8754
151,1.91
152,1.6731
153,1.7821
154,1.8261
155,1.7927
156,1.8946
157,2.0466
158,1.9667
159,1.9929
160,1.9519
161,2.1193
162,1.9783
163,1.9611
164,1.8919
165,1.8544
166,1.7626
167,1.8014
168,1.8755
169,1.829
170,2.048
171,1.8662
172,1.8786
173,2.0592
174,1.9844
175,1.9883
176,1.9743
177,2.1584
178,1.9092
179,1.9635
180,1.8734
181,1.7829
182,1.8196
183,1.7731
184,1.8374
185,1.9141
186,1.5736
187,1.8706
188,1.9266
189,1.8783
190,1.9113
191,1.8752
192,2.1076
193,2.239
194,1.8653
195,1.8908
196,1.8551
197,1.8545
198,1.9122
199,1.7928
200,1.94
201,1.9014
202,1.766
203,1.8975
204,1.8736
205,1.9033
206,1.7773
207,1.8388
208,1.7665
209,1.9098
210,1.7623
211,2.0479
212,1.8343
213,1.6846
214,1.8045
215,1.8061
216,1.7563
217,1.9614
218,1.9189
219,1.8319
220,1.9065
221,1.8893
222,1.8343
223,1.9056
224,1.9309
225,2.0431
226,1.9172
227,1.9445
228,1.9451
229,2.044
230,2.1215
231,1.9038
232,2.1147
233,1.8731
234,2.0743
235,2.0486
236,1.9473
237,1.9452
238,2.0767
239,2.0114
240,1.9499
241,1.9931
242,1.9908
243,1.9239
244,1.9741
245,1.9562
246,1.9478
247,2.0474
248,1.8257
249,1.9657
250,1.9808
251,1.9367
252,1.9605
253,1.8328
254,1.8362
255,1.9407
256,1.8323
257,2.0266
258,1.952
259,1.9354
260,2.1074
261,2.1508
262,1.871
263,2.0265
264,1.7614
265,1.9043
266,1.6845
267,1.772
268,1.7851
269,2.0404
270,1.7255
271,1.8577
272,1.8686
273,2.1785
274,1.8654
275,1.9276
276,1.8473
277,1.8346
278,1.9008
279,2.0694
280,1.9105
281,1.9379
282,2.2976
283,2.0016
284,1.9349
285,1.966
286,1.9853
287,1.8927
288,1.9708
289,2.0171
290,1.9613
291,1.899
292,2.1308
293,1.9207
294,2.061
295,1.9881
296,2.1081
297,1.9484
298,2.0139
299,1.9293
300,1.9132
301,1.9869
302,1.8938
303,1.9765
304,1.9221
305,2.1374
306,2.0078
307,2.0156
308,1.9673
309,1.9191
310,2.0319
311,2.0104
312,2.0919
313,2.0078
314,1.9718
315,1.8901
316,1.9091
317,1.9293
318,1.8049
319,1.8202
320,1.8474
321,2.0924
322,1.8947
323,1.9023
324,2.0401
325,2.0764
326,1.9959
327,1.9716
328,1.9613
329,1.9029
330,1.9136
331,1.9134
332,1.9946
333,1.9854
334,1.9891
335,2.0452
336,2.0029
337,2.1302
338,1.909
339,1.9708
340,1.9508
341,2.007
342,2.0555
343,2.1315
344,1.8798
345,1.9338
346,2.001
347,1.9923
348,1.9495
349,2.0209
350,1.9333
351,1.9316
352,1.857
353,2.1387
354,1.8517
355,1.9255
356,1.9432
357,1.8831
358,1.9394
359,1.8928
360,2.059
361,1.933
362,2.0869
363,1.9616
364,1.9259
365,1.9799
366,1.8663
367,1.9993
368,2.0492
369,2.1449
370,1.8516
371,1.9172
372,1.9433
373,1.9502
374,1.8475
375,1.7691
376,1.8345
377,1.8051
378,1.8019
379,1.8561
380,2.1421
381,2.031
382,2.0834
383,1.9545
384,2.0531
385,2.1693
386,2.019
387,1.8678
388,2.0429
389,2.0021
390,1.9724
391,1.9898
392,2.0591
393,2.0077
394,1.9349
395,2.0141
396,2.0008
397,1.9604
398,1.8735
399,1.9487
400,1.9047
401,2.2823
402,1.919
403,1.9524
404,1.9015
405,1.8802
406,2.0305
407,1.9328
408,2.0054
409,1.9099
410,2.0841
411,2.0735
412,1.9295
413,1.9293
414,1.9325
415,1.9363
416,1.9198
417,2.1737
418,2.0922
419,2.198
420,1.8835
421,1.8979
422,1.9783
423,1.9708
424,1.8422
425,1.9006
426,1.9344
427,1.8579
428,1.8429
429,1.8827
430,1.8584
431,1.9514
432,2.0108
433,2.1717
434,1.8864
435,1.941
436,1.9197
437,2.026
438,1.9858
439,1.9729
440,1.9818
441,1.8759
442,1.8532
443,1.8973
444,1.876
445,1.8633
446,1.8545
447,1.9603
448,2.0249
449,2.1531
450,1.7728
451,2.0808
452,2.0544
453,1.9618
454,1.9787
455,2.0792
456,2.0773
457,1.959
458,1.8794
459,2.0145
460,1.9639
461,1.9181
462,1.9697
463,1.6338
464,1.8218
465,2.1106
466,1.9281
467,1.9635
468,1.8085
469,1.7868
470,1.9122
471,2.0211
472,1.8608
473,1.8627
474,1.7852
475,1.8454
476,1.706
477,1.7964
478,1.9641
479,1.7208
480,1.8244
481,1.8962
482,1.7937
483,1.9011
484,2.1019
485,1.9638
486,1.9195
487,2.0694
488,1.9918
489,2.0365
490,2.0402
491,1.8894
492,1.9705
493,2.0264
494,1.7298
495,1.8697
496,1.9236
497,2.0319
498,1.9172
499,1.674
500,1.925
501,2.0015
502,1.9614
503,1.8715
504,2.0963
505,1.9935
506,1.9642
507,2.0472
508,2.0283
509,1.9689
510,1.9235
511,1.931
512,2.0732
513,2.3204
514,1.9655
515,1.6792
516,2.1371
517,1.9919
518,1.9215
519,1.9072
520,1.9925
521,1.9297
522,1.7266
523,1.9774
524,1.9323
525,1.789
526,1.864
527,1.8092
528,1.6592
529,2.242
530,1.9725
531,1.8761
532,1.795
533,1.5567
534,1.7683
535,1.8785
536,1.771
537,1.8838
538,1.8553
539,1.7523
540,2.0523
541,1.9448
542,1.8646
543,1.988
544,1.8188
545,2.1414
546,1.9178
547,1.8145
548,1.8169
549,1.8719
550,1.8306
551,1.7898
552,2.0659
553,1.9129
554,2.0236
555,1.9496
556,1.8585
557,1.8562
558,1.6884
559,1.8162
560,1.9083
561,2.1071
562,1.8604
563,1.9799
564,1.9458
565,1.9577
566,2.0458
567,1.9968
568,1.9839
569,1.9707
570,1.7297
571,1.8849
572,1.8248
573,1.8475
574,1.9046
575,1.9426
576,2.0075
577,2.1171
578,1.8432
579,1.9786
580,1.7688
581,1.8075
582,1.7745
583,1.7542
584,1.8317
585,1.9006
586,1.7533
587,1.841
588,1.7803
589,1.8655
590,1.8188
591,1.9493
592,1.8441
593,1.9161
594,1.8332
595,1.8499
596,1.8796
597,1.9873
598,1.9022
599,1.9769
600,2.0176
601,1.9362
602,1.9685
603,2.0293
604,1.8871
605,2.1946
606,2.0119
607,2.0543
608,1.8756
609,2.0486
610,1.9351
611,1.9655
612,2.06
613,1.9419
614,2.0258
615,1.9872
616,1.9853
617,2.0026
618,2.0747
619,2.0012
620,1.8577
621,2.141
622,1.8582
623,1.7278
624,1.7478
625,2.0
626,1.5997
627,1.697
628,1.7372
629,1.7149
630,1.7073
631,1.7893
632,1.6931
633,1.6487
634,1.7069
635,1.7133
636,1.7194
637,1.6772
638,1.9005
639,1.9027
640,1.7279
641,2.0983
642,1.9104
643,1.6551
644,1.731
645,1.9884
646,1.9051
647,1.9108
648,1.8946
649,1.8792
650,1.7041
651,1.7385
652,1.6662
653,1.5795
654,1.6993
655,1.6924
656,1.8611
657,1.9672
658,1.7285
659,1.5588
660,1.7545
661,1.671
662,1.8109
663,1.5899
664,1.7533
665,1.8612
666,1.9041
667,2.0399
668,1.8597
669,1.8946
670,1.9884
671,2.0728
672,1.9562
673,2.1489
674,1.9624
675,1.9944
676,2.0338
677,1.9917
678,1.7296
679,1.6286
680,1.7927
681,1.8711
682,1.7985
683,1.9882
684,1.9133
685,1.6829
686,1.8478
687,1.6958
688,1.8862
689,2.1162
690,1.82
691,1.9174
692,1.7239
693,1.7599
694,1.8235
695,1.7356
696,1.6999
697,1.8605
698,1.6586
699,1.7167
700,1.6286
701,1.729
702,1.9062
703,1.8417
704,2.0112
705,2.0292
706,1.8366
707,1.6984
708,1.7023
709,1.75
710,1.7732
711,2.0325
712,2.029
713,2.0087
714,1.8881
715,1.927
716,1.9503
717,1.868
718,2.0071
719,1.9342
720,1.9391
721,2.14
722,1.9388
723,1.9705
724,1.9252
725,1.9111
726,1.876
727,1.9452
728,1.9229
729,2.0599
730,2.0436
731,2.0538
732,2.0356
733,1.9112
734,1.6648
735,1.9068
736,2.1254
737,2.2301
738,2.067
739,1.9408
740,1.9924
741,1.9291
742,1.99
743,1.9609
744,1.8501
745,1.789
746,1.8573
747,1.7896
748,2.1536
749,1.8973
750,1.7518
751,1.9544
752,1.9233
753,2.1236
754,1.8509
755,1.8001
756,1.6318
757,1.8684
758,1.8679
759,1.7988
760,1.7917
761,1.8898
762,1.7546
763,1.7987
764,1.9121
765,1.7117
766,1.6321
767,1.74
768,1.849
769,1.9416
770,1.7476
771,1.7512
772,1.7736
773,1.8056
774,1.9329
775,1.5882
776,1.9024
777,1.6523
778,1.705
779,1.8272
780,1.8424
781,1.9516
782,1.7474
783,1.8815
784,1.831
785,2.0731
786,1.7497
787,1.8431
788,1.8459
789,1.8312
790,1.8412
791,1.7643
792,2.0779
793,2.0789
794,1.931
795,1.7821
796,1.8001
797,1.731
798,1.6939
799,1.6691
800,1.8241
801,2.0805
802,1.7416
803,1.7365
804,1.8158
805,1.9037
806,1.7562
807,1.7322
808,1.6645
809,1.8582
810,1.7043
811,1.7614
812,1.9196
813,1.9304
814,2.0575
815,1.7607
816,1.8264
817,2.145
818,1.8816
819,1.687
820,1.9095
821,1.7136
822,1.7258
823,1.9797
824,1.919
825,1.865
826,1.8923
827,1.9682
828,1.9761
829,1.7889
830,1.8188
831,1.9498
832,1.8876
833,2.064
834,1.819
835,1.9178
836,1.7553
837,1.9136
838,1.9539
839,1.8905
840,1.852
841,1.9015
842,2.0489
843,1.9719
844,1.9993
845,2.0422
846,1.9315
847,2.007
848,1.9394
849,2.0529
850,1.9375
851,2.0275
852,1.8839
853,1.9039
854,1.7935
855,1.9126
856,1.8951
857,1.7186
858,1.9026
859,1.9025
860,1.9758
861,2.022
862,2.0058
863,1.9487
864,1.8072
865,2.0538
866,1.781
867,1.8647
868,1.7927
869,1.8916
870,1.822
871,2.0113
872,2.0245
873,1.9986
874,1.9135
875,1.7218
876,1.8182
877,1.8033
878,1.8756
879,1.8372
880,1.979
881,2.0974
882,1.8983
883,1.8447
884,1.927
885,1.8879
886,1.8354
887,1.8783
888,1.9367
889,1.9228
890,1.8593
891,1.929
892,1.7815
893,2.1315
894,2.0164
895,2.0403
896,1.8855
897,2.0749
898,1.9535
899,1.9438
900,1.8854
901,1.9108
902,1.9328
903,1.8967
904,1.8889
905,1.8588
906,1.8201
907,1.9467
908,1.869
909,1.7936
910,1.9129
911,1.8849
912,1.8318
913,2.1671
914,1.8428
915,2.018
916,1.8789
917,1.9877
918,1.8661
919,2.0556
920,2.0055
921,2.1332
922,2.0383
923,1.9775
924,1.9928
925,2.0372
926,1.8126
927,1.9058
928,2.022
929,2.2481
930,1.9284
931,2.0504
932,1.9285
933,1.9627
934,1.9372
935,1.9794
936,1.9533
937,2.0414
938,2.0471
939,2.0508
940,1.86
941,2.0918
942,2.1029
943,1.8117
944,1.8693
945,2.0353
946,1.8146
947,2.1082
948,2.0695
949,2.046
950,1.9792
951,1.9761
952,2.0644
953,2.0162
954,2.0097
955,1.9406
956,1.9746
957,2.0459
958,2.0616
959,1.9892
960,1.8988
961,2.0569
962,1.8929
963,1.8879
964,1.9714
965,1.9108
966,1.7992
967,1.7476
968,1.7901
969,1.9422
970,1.9885
971,2.0257
972,1.937
973,1.9014
974,2.0668
975,1.9237
976,2.0807
977,1.9745
978,1.9002
979,1.8619
980,1.816
981,1.9957
982,1.9058
983,1.9567
984,1.8213
985,1.8257
986,1.9404
987,1.8547
988,1.987
989,1.9658
990,2.02
991,1.972
992,2.0374
993,2.0825
994,1.9678
995,1.8086
996,1.8231
997,1.8543
998,1.7157
999,1.7985
1000,2.0022
1001,2.0673
1002,1.8525
1003,1.8976
1004,1.8312
1005,1.7765
1006,1.8271
1007,1.8187
1008,1.8647
1009,2.0532
1010,1.7989
1011,1.813
1012,1.7527
1013,1.8084
1014,1.8071
1015,1.9194
1016,1.8374
1017,1.9425
1018,1.8582
1019,1.9721
1020,1.7748
1021,1.7789
1022,1.9761
1023,1.9042
1024,1.8889
1025,2.0538
1026,1.9118
1027,1.7438
1028,1.8745
1029,2.043
1030,1.9902
1031,1.8463
1032,1.7314
1033,1.8741
1034,2.1478
1035,2.0893
1036,2.0033
1037,2.0376
1038,1.9308
1039,1.8022
1040,1.8163
1041,2.2114
1042,2.0493
1043,1.9424
1044,2.0156
1045,1.99
1046,2.1203
1047,1.8622
1048,1.9058
1049,2.0553
1050,2.0542
1051,1.9966
1052,2.0056
1053,1.9409
1054,2.0454
1055,1.974
1056,1.7505
1057,2.2536
1058,1.9337
1059,2.0489
1060,1.9794
1061,2.0797
1062,1.9479
1063,1.875
1064,2.0555
1065,2.0712
1066,2.0176
1067,1.9311
1068,2.0203
1069,1.9403
1070,1.9088
1071,2.1596
1072,1.8973
1073,2.1227
1074,1.9184
1075,1.9751
1076,1.847
1077,1.9389
1078,1.8055
1079,1.7683
1080,1.8481
1081,1.8408
1082,2.0391
1083,1.8961
1084,2.0253
1085,1.9787
1086,1.8771
1087,2.0092
1088,1.8188
1089,2.1333
1090,2.0218
1091,1.8996
1092,1.7109
1093,1.7604
1094,1.7794
1095,1.8958
1096,2.01
1097,2.016
1098,1.9046
1099,1.8483
1100,1.747
1101,1.8736
1102,1.7524
1103,1.7517
1104,1.8567
1105,2.0346
1106,1.7108
1107,1.7996
1108,1.8143
1109,1.9184
1110,2.0711
1111,2.0716
1112,1.824
1113,2.0732
1114,1.948
1115,2.0648
1116,1.9946
1117,1.9065
1118,1.7633
1119,1.8226
1120,1.7978
1121,2.1075
1122,1.7969
1123,1.8091
1124,1.8444
1125,1.8601
1126,1.8183
1127,1.7345
1128,1.8223
1129,1.921
1130,1.7968
1131,2.1047
1132,1.8361
1133,2.0286
1134,1.8662
1135,1.8427
1136,1.9254
1137,2.0119
1138,1.8689
1139,1.8111
1140,1.7538
1141,1.9723
1142,2.058
1143,1.9425
1144,1.8909
1145,2.0277
1146,2.0666
1147,1.9206
1148,1.8939
1149,1.828
1150,1.8473
1151,1.6941
1152,1.8223
1153,2.0873
1154,1.8119
1155,1.9938
1156,1.991
1157,2.0261
1158,1.9651
1159,1.8881
1160,1.8582
1161,1.8626
1162,1.8596
1163,1.8159
1164,1.9325
1165,1.7823
1166,1.8142
1167,1.8361
1168,1.8081
1169,2.1238
1170,1.887
1171,1.8234
1172,1.8946
1173,1.9007
1174,1.875
1175,2.0393
1176,2.0216
1177,1.8815
1178,1.9694
1179,1.9366
1180,1.8958
1181,1.8354
1182,1.8541
1183,1.8403
1184,1.838
1185,2.0575
1186,1.859
1187,1.9431
1188,2.0064
1189,1.9492
1190,1.9327
1191,1.751
1192,1.8975
1193,1.7674
1194,1.7855
1195,1.802
1196,1.6732
1197,1.8429
1198,1.819
1199,1.8903
1200,1.7338
1201,2.0001
1202,1.9678
1203,1.8346
1204,1.8713
1205,1.8703
1206,1.9918
1207,1.8909
1208,2.0633
1209,1.7222
1210,1.9119
1211,1.8519
1212,1.8857
1213,1.9547
1214,1.8824
1215,1.8647
1216,1.8716
1217,2.1982
1218,1.8685
1219,1.9978
1220,1.8766
1221,1.903
1222,1.9095
1223,2.1591
1224,1.9767
1225,2.1018
1226,1.9735
1227,1.8475
1228,1.8987
1229,1.9376
1230,2.0997
1231,1.7811
1232,1.9832
1233,2.2221
1234,2.0175
1235,1.8872
1236,1.8801
1237,2.0525
1238,1.876
1239,1.9041
1240,1.8344
1241,1.8053
1242,1.8704
1243,1.8988
1244,1.9273
1245,1.742
1246,1.7503
1247,1.9018
1248,1.9292
1249,2.1055
1250,1.9334
1251,1.9518
1252,1.7893
1253,1.8015
1254,1.9279
1255,1.9765
1256,1.9911
1257,1.8709
1258,1.8614
1259,1.7242
1260,1.8555
1261,1.7842
1262,2.0262
1263,1.9179
1264,1.8764
1265,2.0421
1266,1.8718
1267,1.7568
1268,1.77
1269,1.676
1270,1.9738
1271,1.8119
1272,1.7646
1273,1.7532
1274,1.8055
1275,1.8054
1276,1.6676
1277,1.9313
1278,1.7763
1279,1.9324
1280,1.9772
1281,2.178
1282,1.9552
1283,1.9405
1284,2.0181
1285,1.8593
1286,2.0093
1287,2.011
1288,1.9186
1289,2.0033
1290,2.1199
1291,1.912
1292,1.95
1293,1.9084
1294,2.0198
1295,1.9487
1296,2.0409
1297,2.1688
1298,1.9251
1299,1.9139
1300,1.9014
1301,1.9579
1302,1.951
1303,2.0149
1304,2.0346
1305,1.9705
1306,1.8728
1307,1.8033
1308,1.8029
1309,1.7305
1310,1.9167
1311,1.7678
1312,1.8165
1313,2.1069
1314,1.973
1315,1.9452
1316,2.0834
1317,2.0191
1318,2.1295
1319,1.9981
1320,1.9411
1321,2.0766
1322,2.0337
1323,2.0365
1324,1.8395
1325,2.0227
1326,1.9734
1327,1.9928
1328,1.9807
1329,2.0814
1330,1.9546
1331,1.9861
1332,1.9905
1333,1.7683
1334,1.8876
1335,1.7828
1336,1.8628
1337,1.8858
1338,1.8037
1339,1.8086
1340,1.8411
1341,1.7407
1342,1.8385
1343,1.8486
1344,1.9447
1345,2.1258
1346,1.9133
1347,1.9979
1348,1.9259
1349,1.6654
1350,1.8621
1351,1.7421
1352,1.7876
1353,1.944
1354,1.8568
1355,1.7352
1356,1.8978
1357,1.9095
1358,1.8767
1359,2.0335
1360,2.0019
1361,2.2364
1362,1.9196
1363,1.8891
1364,1.8761
1365,1.9809
1366,1.8714
1367,2.0646
1368,2.0128
1369,1.9256
1370,2.0993
1371,2.0301
1372,1.9223
1373,2.0243
1374,1.8519
1375,2.0016
1376,2.0136
1377,2.156
1378,1.8093
1379,1.8797
1380,2.0046
1381,1.9533
1382,1.6164
1383,1.7854
1384,1.8564
1385,1.8976
1386,1.9047
1387,1.9825
1388,1.9543
1389,1.9209
1390,1.7067
1391,1.8845
1392,1.8386
1393,1.9765
1394,2.1003
1395,1.881
1396,1.8324
1397,1.9023
1398,1.9544
1399,1.7962
1400,1.7743
1401,1.7052
1402,1.7199
1403,1.6687
1404,1.7441
1405,1.7154
1406,1.8015
1407,1.905
1408,1.7942
1409,2.276
1410,1.7852
1411,1.756
1412,1.8131
1413,1.8275
1414,1.8972
1415,1.8626
1416,1.8376
1417,1.8936
1418,1.9941
1419,1.891
1420,1.7724
1421,1.7299
1422,1.974
1423,1.924
1424,1.9427
1425,1.863
1426,1.7431
1427,1.7565
1428,1.6903
1429,1.7478
1430,1.9133
1431,1.9569
1432,1.7449
1433,1.8675
1434,1.8587
1435,2.0525
1436,1.6939
1437,1.7069
1438,1.7402
1439,1.9658
1440,1.6505
1441,2.1595
1442,2.0823
1443,1.9005
1444,1.7265
1445,1.7882
1446,1.7897
1447,1.8199
1448,1.8904
1449,1.7828
1450,1.7952
1451,1.8185
1452,1.8796
1453,1.9184
1454,1.8705
1455,2.0501
1456,1.9559
1457,2.283
1458,1.851
1459,1.8242
1460,1.9648
1461,1.9747
1462,2.1084
1463,1.9088
1464,1.9548
1465,1.9925
1466,1.949
1467,1.8681
1468,1.8583
1469,1.7908
1470,1.8737
1471,1.774
1472,1.7205
1473,2.1772
1474,1.9883
1475,1.946
1476,1.8611
1477,1.6761
1478,1.7931
1479,1.6338
1480,1.9596
1481,1.8312
1482,1.8649
1483,1.808
1484,1.8252
1485,1.9639
1486,1.7973
1487,1.839
1488,1.8748
1489,2.1083
1490,1.8405
1491,1.8382
1492,1.8724
1493,1.7997
1494,1.6787
1495,1.765
1496,1.7808
1497,1.8112
1498,1.922
1499,1.7245
1500,1.911
1501,1.8409
1502,1.7812
1503,1.845
1504,1.8403
1505,2.0589
1506,2.1162
1507,1.8621
1508,1.9682
1509,1.8684
1510,1.8434
1511,1.6674
1512,1.7801
1513,1.835
1514,1.7723
1515,1.7302
1516,1.8623
1517,1.7692
1518,1.7513
1519,1.9096
1520,2.0916
1521,2.2333
1522,2.0962
1523,1.7976
1524,1.9259
1525,1.9958
1526,2.0525
1527,1.7782
1528,2.0229
1529,2.1137
1530,2.0995
1531,2.0528
1532,1.7695
1533,2.058
1534,1.8847
1535,1.8684
1536,1.9513
1537,2.1759
1538,2.0406
1539,1.8785
1540,1.8836
1541,1.8731
1542,1.8156
1543,1.8165
1544,1.8362
1545,1.9012
1546,1.8663
1547,2.047
1548,1.9862
1549,2.0301
1550,1.9859
1551,2.003
1552,2.0671
1553,2.1548
1554,1.7292
1555,1.8189
1556,1.9014
1557,1.8329
1558,1.9195
1559,1.9832
1560,1.9904
1561,1.994
1562,1.9011
1563,1.971
1564,2.0081
1565,2.0855
1566,1.848
1567,2.0443
1568,1.9832
1569,2.1208
1570,1.8391
1571,1.9483
1572,1.8973
1573,1.9937
1574,1.9112
1575,1.811
1576,1.8853
1577,1.7886
1578,1.8122
1579,1.8193
1580,1.9007
1581,2.0556
1582,1.9115
1583,1.8145
1584,1.957
1585,2.2914
1586,2.1672
1587,1.9468
1588,1.9975
1589,1.9686
1590,1.9977
1591,1.951
1592,1.9067
1593,1.7347
1594,1.9417
1595,1.8512
1596,2.0279
1597,1.8668
1598,1.8618
1599,1.8738
1600,1.7196
1601,43.9994
1602,2.1273
1603,2.1815
1604,2.0598
1605,2.1748
1606,2.0148
1607,1.9229
1608,1.9542
1609,2.037
1610,1.9362
1611,1.8175
1612,2.0071
1613,2.0737
1614,2.1012
1615,1.7616
1616,2.0137
1617,1.9984
1618,2.0048
1619,2.0888
1620,1.945
1621,1.9749
1622,2.0011
1623,2.0724
1624,2.3567
1625,1.9107
1626,1.9215
1627,1.9152
1628,1.8901
1629,1.962
1630,2.0415
1631,2.0
1632,1.9797
1633,2.1377
1634,1.9112
1635,1.9508
1636,1.9896
1637,1.9606
1638,1.7786
1639,2.2773
1640,1.8093
1641,1.9992
1642,1.9032
1643,2.0398
1644,1.7387
1645,1.7632
1646,1.8293
1647,1.8791
1648,1.9088
1649,1.8722
1650,2.0568
1651,1.9138
1652,2.0625
1653,1.8936
1654,1.8775
1655,2.1266
1656,1.7289
1657,1.5984
1658,1.9153
1659,1.8973
1660,1.9394
1661,1.9049
1662,2.0579
1663,1.9863
1664,2.0185
1665,2.0005
1666,1.932
1667,2.0338
1668,1.9932
1669,1.9292
1670,2.1916
1671,1.8683
1672,1.9568
1673,2.001
1674,1.9401
1675,2.0164
1676,1.9372
1677,1.9531
1678,1.854
1679,1.9646
1680,1.819
1681,1.832
1682,1.757
1683,1.9405
1684,1.9623
1685,1.9905
1686,2.183
1687,1.804
1688,1.8449
1689,1.9186
1690,1.8689
1691,1.8606
1692,1.9525
1693,1.8524
1694,1.9846
1695,1.9189
1696,1.9396
1697,1.8797
1698,1.9376
1699,1.9984
1700,1.8696
1701,2.1442
1702,2.0083
1703,1.9984
1704,2.0422
1705,1.8788
1706,1.9338
1707,1.886
1708,1.7101
1709,1.8265
1710,1.93
1711,1.9582
1712,1.9495
1713,1.7376
1714,1.8275
1715,1.8644
1716,1.9625
1717,2.0811
1718,1.8714
1719,2.0302
1720,1.9165
1721,1.9368
1722,1.9214
1723,1.9899
1724,1.9163
1725,1.9081
1726,2.1012
1727,1.9125
1728,1.8662
1729,2.1151
1730,2.0015
1731,2.1639
1732,2.139
1733,1.8696
1734,1.8454
1735,1.8686
1736,1.7159
1737,1.6627
1738,1.876
1739,1.8289
1740,1.8671
1741,1.8995
1742,1.9297
1743,1.8429
1744,1.8208
1745,1.7938
1746,1.8442
1747,2.0869
1748,2.1863
1749,1.9014
1750,1.8728
1751,1.9014
1752,1.8297
1753,1.8201
1754,1.9726
1755,1.855
1756,1.8632
1757,1.7054
1758,1.8747
1759,2.0133
1760,1.8245
1761,2.0771
1762,2.0075
1763,2.1172
1764,1.786
1765,2.0622
1766,2.0382
1767,1.991
1768,1.9972
1769,1.886
1770,1.8998
1771,1.8585
1772,1.7871
1773,1.812
1774,1.8977
1775,1.9509
1776,1.8885
1777,1.8918
1778,2.0007
1779,2.113
1780,1.9138
1781,2.068
1782,1.9791
1783,1.8901
1784,2.022
1785,1.9049
1786,1.6432
1787,1.7656
1788,1.7949
1789,1.9181
1790,1.9333
1791,1.9603
1792,1.9153
1793,1.8329
1794,1.8533
1795,2.0606
1796,1.9206
1797,1.9134
1798,1.8372
1799,1.7668
1800,1.9519
1801,1.9753
1802,1.8433
1803,1.9351
1804,1.7887
1805,1.8541
1806,1.9092
1807,1.8221
1808,1.9194
1809,1.9462
1810,1.7196
1811,2.2435
1812,2.0078
1813,1.9613
1814,2.0345
1815,2.0306
1816,1.8999
1817,1.8941
1818,1.8803
1819,1.8789
1820,1.9606
1821,1.9116
1822,1.8572
1823,1.9421
1824,1.8906
1825,1.868
1826,1.9476
1827,2.1366
1828,1.8995
1829,1.9479
1830,1.868
1831,1.8816
1832,1.8482
1833,1.9739
1834,2.0496
1835,1.911
1836,1.999
1837,1.8953
1838,1.8575
1839,1.9841
1840,1.7418
1841,2.0087
1842,1.9939
1843,2.1221
1844,1.895
1845,1.8382
1846,1.9609
1847,1.748
1848,1.9195
1849,1.9784
1850,2.0708
1851,1.8401
1852,1.899
1853,1.8212
1854,1.9495
1855,1.9072
1856,2.0446
1857,1.8769
1858,1.9087
1859,2.1718
1860,1.9832
1861,1.8842
1862,1.7962
1863,1.7046
1864,1.9567
1865,1.8289
1866,1.7759
1867,1.9229
1868,2.0547
1869,2.0724
1870,2.0566
1871,2.1079
1872,1.7947
1873,1.7884
1874,1.8707
1875,1.9153
1876,1.807
1877,1.7017
1878,1.8694
1879,1.8233
1880,1.707
1881,1.8299
1882,1.8891
1883,1.8854
1884,1.7245
1885,1.8088
1886,1.7159
1887,1.8594
1888,1.7819
1889,2.0575
1890,1.9423
1891,2.1242
1892,1.891
1893,2.0624
1894,2.0056
1895,1.871
1896,1.8605
1897,1.8849
1898,1.9363
1899,1.8123
1900,1.8585
1901,1.9362
1902,1.6385
1903,1.8051
1904,1.8266
1905,1.889
1906,1.7863
1907,1.9624
1908,1.7232
1909,1.7687
1910,1.9268
1911,1.8573
1912,1.6657
1913,1.8971
1914,1.8969
1915,1.9021
1916,1.9133
1917,1.7858
1918,1.6943
1919,1.6912
1920,1.8659
1921,1.9471
1922,1.7323
1923,2.0529
1924,1.6461
1925,1.629
1926,1.7874
1927,1.6654
1928,1.7506
1929,1.8631
1930,1.9396
1931,1.6806
1932,1.8219
1933,1.8595
1934,1.8325
1935,1.8621
1936,1.9482
1937,1.9098
1938,1.7763
1939,1.9336
1940,1.8299
1941,1.9331
1942,1.8768
1943,1.7539
1944,1.9311
1945,1.8019
1946,1.7902
1947,1.7852
1948,1.7072
1949,1.6715
1950,1.8375
1951,1.627
1952,1.6818
1953,1.7489
1954,1.8371
1955,1.883
1956,1.6227
1957,2.0701
1958,2.0243
1959,1.9964
1960,1.8137
1961,1.7768
1962,1.8924
1963,1.6879
1964,1.8947
1965,1.768
1966,1.9201
1967,1.8663
1968,1.949
1969,2.0126
1970,1.8739
1971,2.0639
1972,1.6906
1973,1.8929
1974,1.9858
1975,2.0545
1976,1.7991
1977,2.0519
1978,1.8544
1979,1.8293
1980,1.5978
1981,1.8315
1982,1.8625
1983,1.8474
1984,1.955
1985,1.747
1986,1.8956
1987,2.3098
1988,1.8921
1989,1.9018
1990,1.8416
1991,1.7808
1992,1.7346
1993,1.8706
1994,1.8517
1995,1.8822
1996,1.9403
1997,1.8759
1998,1.8847
1999,1.8125
2000,1.9781
2001,1.819
2002,1.8939
2003,2.1747
2004,2.1234
2005,2.0306
2006,2.0234
2007,2.1699
2008,1.9053
2009,2.0381
2010,2.0169
2011,1.9474
2012,2.0693
2013,2.0236
2014,1.9901
2015,1.9007
2016,2.0296
2017,1.8722
2018,1.9617
2019,2.1228
2020,1.888
2021,1.9655
2022,1.9896
2023,1.9632
2024,1.906
2025,1.9937
2026,1.9794
2027,1.8361
2028,1.7228
2029,1.9316
2030,1.8739
2031,1.9096
2032,1.9453
2033,1.9081
2034,1.8347
2035,2.0833
2036,1.8708
2037,1.9185
2038,1.9677
2039,1.8645
2040,1.9582
2041,1.9626
2042,1.9316
2043,1.9705
2044,1.9302
2045,1.8406
2046,1.9524
2047,1.8375
2048,1.8638
2049,1.9152
2050,1.9717
2051,2.0449
2052,1.9045
2053,1.8457
2054,1.869
2055,1.8415
2056,1.8861
2057,1.955
2058,2.0167
2059,2.036
2060,1.9858
2061,1.9652
2062,1.9705
2063,1.9975
2064,1.8589
2065,2.0447
2066,1.963
2067,2.1709
2068,2.0414
2069,1.8778
2070,1.872
2071,1.9239
2072,1.9664
2073,2.0113
2074,2.0402
2075,1.9782
2076,1.9686
2077,1.9982
2078,1.9949
2079,1.9712
2080,1.8999
2081,1.9887
2082,1.8162
2083,2.0293
2084,1.8094
2085,1.8335
2086,1.9397
2087,1.6792
2088,2.0241
2089,2.1125
2090,1.9361
2091,1.9924
2092,1.6832
2093,1.8703
2094,1.7002
2095,1.7886
2096,2.0382
2097,2.0307
2098,2.0332
2099,2.0451
2100,1.8291
2101,2.1859
2102,2.0009
2103,2.0601
2104,2.0416
2105,1.7531
2106,1.9994
2107,1.6837
2108,1.804
2109,1.8853
2110,2.152
2111,1.9286
2112,1.8108
2113,1.8764
2114,1.7832
2115,1.9975
2116,1.6822
2117,1.7615
2118,1.718
2119,1.8576
2120,1.6019
2121,1.7536
2122,1.7014
2123,1.8594
2124,1.8516
2125,1.7358
2126,1.714
2127,1.8397
2128,1.9131
2129,1.9394
2130,1.9407
2131,2.1842
2132,1.8838
2133,2.0311
2134,1.9444
2135,1.934
2136,2.0214
2137,1.9756
2138,1.9748
2139,1.9793
2140,2.0314
2141,1.9877
2142,1.9777
2143,2.0118
2144,2.0071
2145,1.981
2146,1.884
2147,1.9721
2148,1.7763
2149,1.8784
2150,1.8308
2151,1.8499
2152,1.8946
2153,1.9781
2154,1.9924
2155,1.9639
2156,1.9393
2157,2.0334
2158,1.9828
2159,2.0061
2160,2.043
2161,2.0294
2162,1.7719
2163,2.0267
2164,1.6275
2165,1.8031
2166,1.8648
2167,1.8379
2168,1.9481
2169,1.9507
2170,1.8885
2171,1.8927
2172,1.9326
2173,1.6866
2174,1.8844
2175,1.7724
2176,1.9005
2177,2.0274
2178,2.1133
2179,2.2193
2180,2.0262
2181,2.0853
2182,1.9133
2183,1.8514
2184,1.8948
2185,1.9324
2186,1.9631
2187,2.026
2188,1.8648
2189,1.9387
2190,1.6745
2191,1.8353
2192,2.0112
2193,1.7527
2194,2.03
2195,2.0757
2196,1.8963
2197,2.0095
2198,1.99
2199,1.9191
2200,1.9603
2201,1.9779
2202,1.9997
2203,1.8841
2204,1.7877
2205,1.6531
2206,1.8583
2207,1.7428
2208,1.9067
2209,1.6948
2210,1.7886
2211,2.0419
2212,1.8107
2213,1.8451
2214,1.8455
2215,1.7346
2216,1.8495
2217,1.6923
2218,1.9979
2219,1.9963
2220,2.0588
2221,2.0123
2222,1.8985
2223,1.9625
2224,2.0709
2225,2.0208
2226,1.9596
2227,2.0868
2228,1.7839
2229,1.8143
2230,1.7188
2231,1.8201
2232,1.7358
2233,1.8205
2234,1.825
2235,1.7636
2236,1.8863
2237,1.8403
2238,1.8778
2239,1.8757
2240,1.9996
2241,1.9128
2242,1.9141
2243,2.1224
2244,1.8844
2245,1.9344
2246,1.7822
2247,1.7674
2248,1.6966
2249,1.9423
2250,1.8648
2251,1.8446
2252,1.8118
2253,1.7381
2254,1.668
2255,2.0141
2256,1.9781
2257,1.9009
2258,1.8493
2259,2.1342
2260,1.8236
2261,1.9132
2262,1.8411
2263,1.8543
2264,1.8489
2265,1.8933
2266,1.8982
2267,1.7356
2268,1.9355
2269,1.9042
2270,1.8804
2271,1.8468
2272,1.9497
2273,1.8659
2274,2.0462
2275,2.1442
2276,1.975
2277,1.8645
2278,2.0272
2279,1.8151
2280,1.8438
2281,1.9802
2282,1.82
2283,1.8668
2284,1.8119
2285,1.8655
2286,1.7971
2287,1.8503
2288,1.7825
2289,1.8553
2290,1.9017
2291,2.0487
2292,1.829
2293,1.8639
2294,1.902
2295,1.9286
2296,2.0474
2297,1.9196
2298,1.9822
2299,2.0322
2300,1.8822
2301,1.9948
2302,1.8727
2303,1.8511
2304,1.8352
2305,1.89
2306,1.86
2307,2.0459
2308,1.8015
2309,1.909
2310,1.9152
2311,1.7878
2312,1.8946
2313,1.8749
2314,1.6848
2315,1.8577
2316,1.779
2317,1.9518
2318,1.8567
2319,1.9346
2320,1.86
2321,1.7619
2322,1.9544
2323,2.0189
2324,1.9574
2325,1.9364
2326,2.0005
2327,1.9428
2328,1.9498
2329,1.8176
2330,1.8108
2331,1.9525
2332,1.7856
2333,1.9458
2334,1.9499
2335,1.9633
2336,1.9089
2337,1.9635
2338,1.9533
2339,2.0732
2340,1.7711
2341,1.7688
2342,1.7908
2343,1.7467
2344,1.8467
2345,1.9424
2346,1.7748
2347,1.8309
2348,1.9483
2349,1.8736
2350,1.7878
2351,1.9398
2352,1.9611
2353,1.9715
2354,1.9533
2355,2.1425
2356,1.8707
2357,1.9689
2358,2.0021
2359,1.9172
2360,1.8938
2361,1.7867
2362,1.8719
2363,1.8008
2364,1.7938
2365,1.934
2366,1.9471
2367,2.0062
2368,1.7512
2369,1.824
2370,1.8172
2371,2.1561
2372,1.8881
2373,1.8452
2374,1.8373
2375,1.8007
2376,1.7477
2377,1.9026
2378,1.8326
2379,1.7569
2380,1.8906
2381,1.9185
2382,2.1053
2383,2.0901
2384,1.9865
2385,2.0082
2386,2.0136
2387,2.1231
2388,1.9354
2389,1.9219
2390,2.0093
2391,2.0031
2392,1.9935
2393,1.9592
2394,1.8846
2395,1.8678
2396,2.1712
2397,2.0657
2398,2.1033
2399,1.9979
2400,1.8971
2401,2.0493
2402,2.0202
2403,2.113
2404,1.9967
2405,2.086
2406,1.9732
2407,1.8472
2408,2.0047
2409,1.8602
2410,2.0803
2411,2.0637
2412,1.9899
2413,2.0636
2414,2.0038
2415,1.8215
2416,1.974
2417,2.0833
2418,1.9665
2419,2.0772
2420,1.939
2421,1.8685
2422,2.0932
2423,1.9547
2424,1.9372
2425,2.0027
2426,2.0918
2427,1.9913
2428,1.9911
2429,2.0484
2430,1.9608
2431,1.9927
2432,1.974
2433,1.9642
2434,2.0562
2435,2.0883
2436,1.9274
2437,1.9735
2438,2.0331
2439,1.9529
2440,2.0003
2441,2.0161
2442,1.9758
2443,1.7578
2444,1.9381
2445,1.7958
2446,1.7866
2447,1.8471
2448,1.768
2449,1.9368
2450,2.0169
2451,2.1796
2452,1.767
2453,1.977
2454,2.0142
2455,1.9948
2456,1.9979
2457,1.9528
2458,2.0313
2459,1.8798
2460,1.7644
2461,1.7698
2462,1.9114
2463,1.824
2464,1.8706
2465,1.9445
2466,1.9054
2467,1.9485
2468,1.8451
2469,1.8002
2470,1.7809
2471,1.7697
2472,1.9785
2473,1.9559
2474,1.9375
2475,1.8981
2476,1.7654
2477,1.8193
2478,1.8017
2479,1.8685
2480,2.0404
2481,1.8826
2482,1.7384
2483,2.0879
2484,1.9839
2485,1.8113
2486,1.9577
2487,1.8169
2488,1.6241
2489,2.0119
2490,1.951
2491,2.1123
2492,1.9213
2493,1.9876
2494,1.9481
2495,1.992
2496,2.0518
2497,1.8899
2498,1.9249
2499,1.9483
2500,1.7068
2501,1.8399
2502,1.8242
2503,1.9538
2504,1.9173
2505,1.8111
2506,1.8186
2507,1.7337
2508,2.0854
2509,1.8282
2510,1.8001
2511,1.857
2512,1.9939
2513,1.916
2514,1.8653
2515,2.2082
2516,1.8193
2517,1.7891
2518,1.8618
2519,1.8216
2520,1.7417
2521,2.0032
2522,1.9952
2523,1.8602
2524,1.9733
2525,1.8012
2526,1.9177
2527,1.8885
2528,1.7923
2529,1.8626
2530,1.9659
2531,2.1244
2532,1.8091
2533,1.9022
2534,1.9442
2535,1.903
2536,1.7961
2537,1.96
2538,1.919
2539,1.6783
2540,1.8686
2541,1.8055
2542,1.8061
2543,1.7925
2544,1.7827
2545,1.8171
2546,1.9756
2547,2.0901
2548,1.8877
2549,1.9138
2550,1.6765
2551,1.7811
2552,1.8394
2553,1.855
2554,2.0938
2555,1.8748
2556,2.0084
2557,2.0444
2558,2.0286
2559,1.9979
2560,1.9751
2561,1.9255
2562,2.0376
2563,2.2296
2564,1.8929
2565,2.0079
2566,2.0319
2567,1.9212
2568,1.9282
2569,1.9416
2570,1.9984
2571,2.063
2572,2.0058
2573,1.9092
2574,2.052
2575,2.0218
2576,1.9527
2577,2.1746
2578,1.9376
2579,2.0515
2580,1.8919
2581,1.8922
2582,1.8721
2583,1.935
2584,1.9056
2585,1.8529
2586,1.812
2587,1.8537
2588,1.7235
2589,1.774
2590,1.9025
2591,1.8373
2592,1.7571
2593,1.749
2594,2.005
2595,1.9377
2596,1.8894
2597,1.9757
2598,1.897
2599,1.8535
2600,1.8361
2601,1.9294
2602,1.8361
2603,1.7855
2604,1.906
2605,1.8371
2606,1.8649
2607,1.8478
2608,1.8888
2609,1.8442
2610,1.8541
2611,2.1359
2612,1.9233
2613,1.8543
2614,1.8929
2615,1.8958
2616,1.9633
2617,1.8186
2618,1.8472
2619,1.8444
2620,1.7809
2621,1.9489
2622,1.9434
2623,1.9194
2624,1.7546
2625,1.8516
2626,1.9204
2627,1.951
2628,1.8153
2629,2.0291
2630,2.0747
2631,1.9334
2632,1.8593
2633,1.9202
2634,2.0025
2635,1.8762
2636,1.9532
2637,1.8403
2638,1.7924
2639,1.8787
2640,1.6772
2641,1.8591
2642,2.0313
2643,2.0947
2644,1.8264
2645,1.9238
2646,1.7729
2647,1.6779
2648,1.7058
2649,1.8956
2650,2.0333
2651,1.9672
2652,1.8315
2653,1.8662
2654,1.733
2655,1.8008
2656,1.7129
2657,1.7977
2658,1.9364
2659,2.3356
2660,2.0025
2661,1.8339
2662,1.8042
2663,1.8129
2664,1.8298
2665,1.7615
2666,1.9604
2667,1.9905
2668,1.9834
2669,2.072
2670,1.942
2671,1.9579
2672,2.0161
2673,2.0163
2674,2.0467
2675,2.0973
2676,1.9223
2677,1.8538
2678,1.893
2679,1.8059
2680,1.8152
2681,1.8345
2682,1.8274
2683,2.0148
2684,1.8415
2685,2.0331
2686,2.003
2687,1.9535
2688,2.0143
2689,2.0667
2690,2.0254
2691,2.103
2692,1.9023
2693,1.9536
2694,1.9936
2695,1.8887
2696,1.9527
2697,1.9034
2698,1.8546
2699,1.8672
2700,1.8822
2701,1.9366
2702,1.8273
2703,1.8654
2704,2.0083
2705,1.8805
2706,2.032
2707,2.0763
2708,1.8828
2709,1.8754
2710,1.8043
2711,1.8335
2712,1.9096
2713,1.9114
2714,1.8201
2715,1.8458
2716,1.9902
2717,1.9232
2718,1.697
2719,1.8698
2720,1.8474
2721,1.969
2722,1.8648
2723,2.0686
2724,1.7943
2725,1.9287
2726,1.9327
2727,1.7913
2728,1.8103
2729,1.8005
2730,1.7661
2731,2.1102
2732,2.0268
2733,1.9354
2734,1.8412
2735,1.9219
2736,1.9569
2737,2.093
2738,2.1186
2739,2.2843
2740,1.9672
2741,1.9043
2742,1.885
2743,1.7288
2744,1.8984
2745,1.9327
2746,1.9863
2747,1.9313
2748,1.8749
2749,1.889
2750,1.935
2751,2.0031
2752,1.9582
2753,1.9309
2754,1.9084
2755,2.1287
2756,1.8726
2757,1.6976
2758,1.8033
2759,1.8679
2760,1.847
2761,1.7773
2762,1.9334
2763,1.9461
2764,1.9336
2765,1.8391
2766,1.8453
2767,1.8562
2768,1.7875
2769,1.9279
2770,1.8384
2771,2.0595
2772,1.9156
2773,1.8807
2774,2.0262
2775,2.0182
2776,1.8772
2777,1.7586
2778,1.8913
2779,1.8758
2780,1.7567
2781,1.9184
2782,1.81
2783,1.8977
2784,1.8281
2785,1.8152
2786,1.8041
2787,2.0629
2788,1.8643
2789,1.9353
2790,1.876
2791,1.9706
2792,1.9024
2793,1.874
2794,1.7728
2795,1.7307
2796,1.8112
2797,1.9202
2798,1.9325
2799,1.9866
2800,1.8613
2801,1.6953
2802,1.654
2803,2.0479
2804,1.7759
2805,2.0072
2806,1.9444
2807,2.0083
2808,1.8213
2809,1.8429
2810,1.819
2811,1.8594
2812,1.8683
2813,1.8206
2814,2.1098
2815,1.8215
2816,1.95
2817,1.9068
2818,1.9277
2819,1.9935
2820,1.9154
2821,1.772
2822,1.8165
2823,1.9227
2824,1.8216
2825,1.9179
2826,1.9038
2827,1.8132
2828,1.784
2829,1.845
2830,1.8725
2831,1.871
2832,1.9449
2833,1.8854
2834,1.9594
2835,1.9862
2836,1.7837
2837,1.8473
2838,1.7974
2839,1.8381
2840,1.8941
2841,1.8005
2842,1.8054
2843,1.7993
2844,1.7243
2845,1.8499
2846,1.9145
2847,1.8534
2848,1.7671
2849,1.6484
2850,1.8571
2851,2.0408
2852,2.0472
2853,1.9625
2854,1.9214
2855,1.9201
2856,1.9786
2857,1.8789
2858,1.8567
2859,1.8465
2860,1.8779
2861,1.9989
2862,1.9382
2863,1.8852
2864,1.9709
2865,1.8895
2866,2.0395
2867,2.2043
2868,1.9684
2869,2.0481
2870,1.906
2871,1.8861
2872,1.9169
2873,1.8732
2874,1.9223
2875,1.8662
2876,1.8322
2877,1.8201
2878,1.9019
2879,1.8784
2880,1.9049
2881,2.0065
2882,1.9374
2883,2.2181
2884,1.8499
2885,1.8321
2886,1.7055
2887,1.8613
2888,1.7497
2889,1.8558
2890,1.9444
2891,1.7266
2892,1.8395
2893,1.7136
2894,1.8537
2895,1.8202
2896,1.9622
2897,2.011
2898,1.8524
2899,2.1162
2900,1.8228
2901,1.814
2902,1.8516
2903,1.746
2904,1.9338
2905,1.8963
2906,1.9173
2907,1.9923
2908,1.684
2909,1.8251
2910,1.7379
2911,1.8241
2912,1.8124
2913,1.6937
2914,1.8798
2915,2.0981
2916,1.928
2917,1.8369
2918,1.7076
2919,1.9492
2920,1.9359
2921,1.9588
2922,1.9388
2923,1.8123
2924,1.7845
2925,1.7269
2926,1.7771
2927,1.8712
2928,1.7485
2929,1.9294
2930,1.9922
2931,2.2952
2932,2.1599
2933,2.1091
2934,2.099
2935,1.9728
2936,2.0553
2937,2.0063
2938,1.9753
2939,1.9565
2940,1.9171
2941,1.9416
2942,1.904
2943,1.7466
2944,1.901
2945,1.9973
2946,1.8848
2947,2.1684
2948,1.8256
2949,1.8464
2950,1.8556
2951,1.9052
2952,1.8753
2953,2.1801
2954,2.0649
2955,2.0332
2956,2.0583
2957,1.8321
2958,1.9341
2959,1.8716
2960,1.7874
2961,1.9451
2962,1.8299
2963,2.3361
2964,1.995
2965,1.9718
2966,2.0768
2967,2.1243
2968,2.1284
2969,2.0684
2970,1.812
2971,1.8124
2972,1.6543
2973,1.8446
2974,1.7468
2975,1.8722
2976,1.805
2977,1.7993
2978,1.8442
2979,2.1066
2980,1.8466
2981,1.7712
2982,1.8628
2983,2.056
2984,1.8177
2985,1.9781
2986,1.7256
2987,1.7773
2988,1.7344
2989,1.8626
2990,1.7612
2991,1.7092
2992,1.8048
2993,1.8726
2994,1.8841
2995,2.1571
2996,2.0584
2997,1.7531
2998,1.9262
2999,2.0731
3000,1.9634
3001,1.9861
3002,1.9324
3003,2.0077
3004,1.8512
3005,1.7935
3006,1.818
3007,1.8234
3008,1.8317
3009,1.739
3010,1.8926
3011,2.1378
3012,1.7558
3013,1.8389
3014,1.8271
3015,1.7814
3016,1.7178
3017,1.8129
3018,1.8694
3019,1.9165
3020,1.7577
3021,1.8475
3022,1.937
3023,1.8828
3024,1.8472
3025,1.7659
3026,1.8595
3027,2.0294
3028,1.6905
3029,2.0083
3030,2.0365
3031,1.9793
3032,1.9035
3033,1.7843
3034,1.7316
3035,1.7062
3036,1.8515
3037,1.8746
3038,1.9303
3039,1.8793
3040,2.2361
3041,1.8718
3042,1.9783
3043,2.1732
3044,2.1045
3045,1.9538
3046,2.0078
3047,2.0268
3048,1.9571
3049,2.0317
3050,2.0092
3051,1.9811
3052,2.1163
3053,2.0677
3054,1.86
3055,1.9515
3056,1.9059
3057,2.0334
3058,1.7989
3059,2.0467
3060,1.9819
3061,1.9114
3062,1.8821
3063,1.9498
3064,1.8964
3065,1.9558
3066,1.7697
3067,1.9387
3068,1.7761
3069,1.9261
3070,2.0648
3071,1.8934
3072,2.0233
3073,1.9736
3074,1.9396
3075,1.986
3076,2.0419
3077,1.9407
3078,1.7814
3079,1.8334
3080,1.6985
3081,1.9542
3082,1.9811
3083,1.9122
3084,1.8568
3085,1.9338
3086,1.7893
3087,1.9099
3088,1.8245
3089,1.8945
3090,1.9044
3091,2.0519
3092,1.8578
3093,1.9059
3094,1.9709
3095,1.9091
3096,1.8929
3097,1.8124
3098,1.8441
3099,1.8356
3100,1.8818
3101,1.7953
3102,2.0321
3103,1.9037
3104,1.7949
3105,1.8739
3106,1.8954
3107,2.0855
3108,1.8638
3109,1.8337
3110,1.8668
3111,1.8136
3112,2.08
3113,1.8521
3114,1.8444
3115,1.8758
3116,1.7482
3117,1.733
3118,1.8937
3119,2.0095
3120,1.9372
3121,1.9937
3122,1.9555
3123,2.1395
3124,1.9822
3125,1.8698
3126,1.9737
3127,1.9604
3128,1.6679
3129,1.8472
3130,1.9251
3131,1.8534
3132,1.7973
3133,1.9828
3134,1.8375
3135,1.9154
3136,1.9033
3137,1.852
3138,1.7251
3139,1.9887
3140,1.8821
3141,1.8046
3142,1.8565
3143,1.8666
3144,1.8827
3145,1.9275
3146,1.8925
3147,1.9402
3148,1.8905
3149,1.9072
3150,1.9423
3151,1.8825
3152,1.8577
3153,1.8916
3154,1.8611
3155,2.1573
3156,1.7571
3157,1.8012
3158,1.8281
3159,1.9134
3160,1.8998
3161,1.9048
3162,1.817
3163,1.799
3164,1.6962
3165,2.0649
3166,2.0509
3167,2.0085
3168,1.9579
3169,2.0228
3170,1.8112
3171,1.9612
3172,2.0144
3173,1.9486
3174,2.012
3175,2.0248
3176,1.9009
3177,1.7612
3178,1.8145
3179,1.854
3180,1.788
3181,1.8489
3182,1.8691
3183,1.8745
3184,1.9403
3185,1.8169
3186,1.973
3187,2.1444
3188,1.9465
3189,1.8954
3190,1.7846
3191,2.0065
3192,1.9383
3193,1.914
3194,2.0782
3195,2.0543
3196,1.8586
3197,1.9182
3198,1.8631
3199,1.8057
3200,1.7767
3201,1.8445
3202,1.8631
3203,2.1284
3204,1.6314
3205,1.6706
3206,1.6201
3207,1.7195
3208,1.7962
3209,1.6228
3210,1.65
3211,1.8339
3212,1.809
3213,1.7775
3214,1.6693
3215,1.7844
3216,1.6481
3217,1.7522
3218,1.7564
3219,1.8874
3220,1.8541
3221,1.7629
3222,1.6525
3223,1.7752
3224,1.7593
3225,1.5273
3226,1.6682
3227,1.8581
3228,1.694
3229,1.7138
3230,1.7651
3231,1.8733
3232,1.77
3233,1.7838
3234,1.6413
3235,1.9936
3236,1.804
3237,1.8303
3238,1.7992
3239,1.6201
3240,1.9365
3241,1.7908
3242,1.7764
3243,1.8923
3244,1.9024
3245,1.6836
3246,1.7361
3247,2.0316
3248,1.8196
3249,1.7529
3250,1.7666
3251,1.9815
3252,1.7648
3253,1.789
3254,1.8628
3255,1.8203
3256,1.8238
3257,1.6619
3258,1.9081
3259,1.9125
3260,1.8337
3261,1.8703
3262,1.9002
3263,1.9384
3264,1.8269
3265,1.9378
3266,1.9903
3267,2.0259
3268,2.1057
3269,2.0793
3270,1.8107
3271,1.9908
3272,1.7513
3273,1.8504
3274,1.8063
3275,1.8434
3276,1.8392
3277,1.8503
3278,1.8273
3279,2.0273
3280,1.8886
3281,1.8933
3282,1.8007
3283,2.1667
3284,1.787
3285,1.8264
3286,1.7321
3287,1.9823
3288,1.8623
3289,1.993
3290,1.897
3291,1.7612
3292,1.8324
3293,1.6934
3294,1.758
3295,1.9265
3296,1.8882
3297,1.8952
3298,1.6695
3299,2.033
3300,1.8194
3301,1.9159
3302,1.8238
3303,1.9007
3304,1.8324
3305,1.8378
3306,1.7841
3307,1.923
3308,1.8913
3309,1.9195
3310,1.7396
3311,1.7189
3312,1.6714
3313,1.767
3314,2.0502
3315,2.0589
3316,1.9406
3317,2.0348
3318,1.9162
3319,2.0003
3320,1.8554
3321,1.6666
3322,1.8334
3323,1.7896
3324,1.9854
3325,1.9472
3326,1.9028
3327,2.0448
3328,1.9549
3329,2.0017
3330,1.8564
3331,2.1073
3332,2.02
3333,1.7136
3334,1.7274
3335,1.5741
3336,1.8607
3337,1.8252
3338,1.8507
3339,1.8185
3340,1.7181
3341,1.8989
3342,1.9877
3343,1.9052
3344,1.7482
3345,1.6986
3346,1.8226
3347,1.9141
3348,1.8895
3349,1.9882
3350,1.8889
3351,1.796
3352,1.8042
3353,2.1322
3354,1.8037
3355,1.8221
3356,1.851
3357,1.9443
3358,1.9801
3359,2.052
3360,1.9384
3361,1.9283
3362,1.8375
3363,2.0907
3364,1.8237
3365,1.814
3366,1.9395
3367,1.9667
3368,1.8339
3369,1.975
3370,1.9894
3371,2.1151
3372,1.9481
3373,1.91
3374,2.0154
3375,2.0344
3376,2.0297
3377,2.0108
3378,1.9411
3379,2.1263
3380,1.8953
3381,1.9201
3382,1.9487
3383,2.0553
3384,1.976
3385,2.0969
3386,1.946
3387,1.8688
3388,1.9045
3389,1.8569
3390,1.8072
3391,1.8726
3392,1.7021
3393,1.8627
3394,1.9489
3395,2.1086
3396,1.8784
3397,2.0499
3398,1.8724
3399,1.9671
3400,1.8951
3401,1.7348
3402,1.8089
3403,1.8465
3404,1.8297
3405,2.0974
3406,1.9753
3407,2.213
3408,1.906
3409,2.0296
3410,1.9459
3411,2.2245
3412,2.0531
3413,1.9485
3414,1.8679
3415,1.9599
3416,1.9016
3417,1.8932
3418,1.9263
3419,1.8754
3420,2.0146
3421,1.9911
3422,1.9358
3423,1.8654
3424,2.0106
3425,1.9605
3426,1.762
3427,2.0864
3428,1.9748
3429,1.9287
3430,1.7924
3431,1.9062
3432,1.957
3433,1.8894
3434,1.9072
3435,1.9524
3436,1.9062
3437,1.9695
3438,1.8603
3439,1.9276
3440,1.875
3441,1.8484
3442,1.8754
3443,2.0513
3444,1.8491
3445,1.9789
3446,1.9163
3447,1.9375
3448,2.0247
3449,1.9817
3450,1.9406
3451,1.9944
3452,1.8851
3453,1.7503
3454,1.8734
3455,1.9068
3456,1.8465
3457,1.9196
3458,1.8396
3459,2.1078
3460,1.9976
3461,1.8615
3462,2.019
3463,2.0118
3464,2.0158
3465,2.0516
3466,1.8766
3467,1.9976
3468,1.9769
3469,1.7777
3470,1.9602
3471,1.7655
3472,1.8858
3473,1.848
3474,1.8734
3475,2.0669
3476,1.9863
3477,1.8926
3478,1.96
3479,2.0065
3480,1.9883
3481,2.0544
3482,1.9987
3483,1.9909
3484,1.9652
3485,1.9373
3486,1.9838
3487,1.8851
3488,1.8373
3489,1.8609
3490,1.8724
3491,2.1253
3492,1.8532
3493,1.9378
3494,1.9565
3495,1.8631
3496,1.894
3497,1.9893
3498,1.9804
3499,1.9887
3500,1.9461
3501,1.9181
3502,1.8507
3503,1.8282
3504,1.8262
3505,1.98
3506,1.829
3507,2.0507
3508,1.9527
3509,1.9396
3510,1.6987
3511,1.8798
3512,1.8564
3513,1.9176
3514,1.8787
3515,1.8272
3516,1.809
3517,1.9348
3518,1.9393
3519,1.9703
3520,1.8367
3521,1.8605
3522,1.8706
3523,2.1024
3524,1.8775
3525,1.7263
3526,1.8067
3527,1.8725
3528,1.7338
3529,1.749
3530,1.8123
3531,1.7266
3532,1.7839
3533,1.8474
3534,1.7978
3535,1.9845
3536,2.0967
3537,1.776
3538,1.9745
3539,2.1944
3540,2.0828
3541,1.9654
3542,1.8641
3543,1.8143
3544,2.026
3545,1.9998
3546,1.9084
3547,1.9759
3548,2.0192
3549,2.0385
3550,1.9369
3551,1.8055
3552,1.8743
3553,1.7286
3554,1.7884
3555,2.0498
3556,1.7253
3557,1.9172
3558,1.9394
3559,2.0621
3560,2.0604
3561,1.9132
3562,1.8153
3563,1.8057
3564,1.6681
3565,1.912
3566,1.7814
3567,1.9008
3568,1.8132
3569,1.8549
3570,1.8435
3571,2.2275
3572,1.8699
3573,1.7325
3574,1.81
3575,1.6896
3576,1.8146
3577,1.8465
3578,1.7582
3579,1.9075
3580,1.9907
3581,2.0179
3582,2.1112
3583,1.8939
3584,2.1388
3585,1.9246
3586,1.9658
3587,2.168
3588,1.7549
3589,1.9828
3590,1.8684
3591,1.86
3592,1.8803
3593,1.9637
3594,1.6445
3595,1.6982
3596,1.8664
3597,1.7765
3598,1.8013
3599,1.5841
3600,1.8839
3601,1.8214
3602,1.8975
3603,2.3384
3604,1.9431
3605,2.0863
3606,1.9707
3607,1.7868
3608,1.8505
3609,1.7624
3610,1.731
3611,1.9905
3612,2.0819
3613,1.9896
3614,2.0509
3615,1.9487
3616,1.8753
3617,1.9333
3618,2.0855
3619,2.0001
3620,1.974
3621,1.8001
3622,1.7243
3623,1.8594
3624,1.6825
3625,1.885
3626,1.9915
3627,1.9854
3628,1.8798
3629,1.8499
3630,1.874
3631,1.8309
3632,1.71
3633,1.9456
3634,1.8117
3635,2.1614
3636,1.9067
3637,1.86
3638,1.8434
3639,1.831
3640,1.8412
3641,1.845
3642,1.9148
3643,1.9829
3644,1.7865
3645,1.8034
3646,1.8361
3647,1.7594
3648,1.893
3649,1.8236
3650,1.8959
3651,2.0957
3652,1.928
3653,1.9537
3654,1.7985
3655,1.7857
3656,1.815
3657,1.8783
3658,1.7158
3659,1.6974
3660,1.8104
3661,1.8593
3662,1.6309
3663,1.8098
3664,1.7312
3665,1.6841
3666,1.7929
3667,1.9007
3668,1.7603
3669,1.7991
3670,1.8042
3671,1.9775
3672,1.8727
3673,1.916
3674,1.8791
3675,1.7217
3676,1.7241
3677,1.6277
3678,1.7537
3679,1.7582
3680,1.7799
3681,2.0753
3682,1.9364
3683,2.1879
3684,1.9771
3685,1.7945
3686,2.0226
3687,2.0243
3688,1.9675
3689,1.9766
3690,1.9272
3691,2.0164
3692,2.0816
3693,1.8607
3694,1.8417
3695,2.0442
3696,2.0
3697,1.9274
3698,1.9839
3699,2.1562
3700,1.8249
3701,1.9793
3702,1.7857
3703,1.7513
3704,1.8546
3705,1.6915
3706,2.0323
3707,2.0002
3708,1.7907
3709,1.8777
3710,1.7841
3711,1.7959
3712,1.8807
3713,1.9208
3714,1.7775
3715,2.1191
3716,1.93
3717,2.0244
3718,1.8596
3719,1.6568
3720,1.8013
3721,1.7317
3722,1.8379
3723,1.6725
3724,1.9027
3725,1.8592
3726,1.6581
3727,1.7214
3728,1.8026
3729,1.8869
3730,1.8686
3731,2.0674
3732,1.8369
3733,1.9645
3734,1.9967
3735,2.0762
3736,1.94
3737,1.8157
3738,2.0463
3739,1.9803
3740,2.081
3741,1.8132
3742,2.0244
3743,1.8828
3744,1.8434
3745,1.836
3746,1.8767
3747,2.0433
3748,1.8751
3749,1.8723
3750,1.6978
3751,1.9073
3752,1.896
3753,1.8381
3754,1.9073
3755,1.8082
3756,1.8703
3757,1.7549
3758,1.7897
3759,1.9902
3760,1.8511
3761,1.8621
3762,1.907
3763,1.9849
3764,1.734
3765,1.9987
3766,1.9193
3767,1.9596
3768,2.0673
3769,2.0631
3770,1.6431
3771,1.8067
3772,1.7974
3773,1.9175
3774,1.8515
3775,2.0342
3776,1.9493
3777,1.7771
3778,1.9454
3779,2.2079
3780,2.0094
3781,1.9847
3782,1.8966
3783,1.9043
3784,1.8404
3785,1.8509
3786,1.8214
3787,1.8581
3788,1.8826
3789,1.9252
3790,1.9642
3791,1.7976
3792,1.9283
3793,1.8936
3794,1.8258
3795,1.9905
3796,1.9417
3797,1.9112
3798,1.9218
3799,1.978
3800,1.8436
3801,2.0235
3802,1.6565
3803,1.8522
3804,1.6915
3805,1.5868
3806,1.8179
3807,1.7629
3808,1.6714
3809,1.881
3810,1.9292
3811,2.0565
3812,1.9421
3813,2.0329
3814,1.9893
3815,2.0457
3816,1.936
3817,1.8665
3818,1.7109
3819,1.7069
3820,1.7057
3821,1.8723
3822,1.9411
3823,1.9218
3824,1.7462
3825,1.8892
3826,1.8455
3827,2.0851
3828,1.8239
3829,1.85
3830,1.9503
3831,1.7379
3832,1.708
3833,1.8421
3834,1.695
3835,1.5959
3836,1.681
3837,1.7779
3838,1.7797
3839,1.9189
3840,1.6886
3841,1.7989
3842,1.747
3843,1.9089
3844,1.6712
3845,1.6671
3846,1.8323
3847,1.6814
3848,1.8702
3849,1.8187
3850,1.6566
3851,1.7638
3852,1.8732
3853,1.698
3854,1.5933
3855,1.7152
3856,1.7767
3857,1.6717
3858,1.8952
3859,2.2066
3860,1.8303
3861,1.7653
3862,1.9131
3863,1.8249
3864,1.9246
3865,1.6543
3866,1.9223
3867,1.9224
3868,1.9752
3869,2.0631
3870,2.1204
3871,1.9875
3872,1.9477
3873,1.8841
3874,1.9326
3875,2.1287
3876,1.8476
3877,1.7479
3878,1.7279
3879,1.8606
3880,2.0114
3881,1.9263
3882,1.9258
3883,1.9259
3884,1.9672
3885,1.8968
3886,1.8881
3887,1.8931
3888,1.8489
3889,1.8549
3890,1.7795
3891,2.1062
3892,1.8221
3893,1.913
3894,1.9063
3895,2.0169
3896,1.9508
3897,1.8795
3898,1.8242
3899,1.7964
3900,1.8889
3901,1.8773
3902,1.8988
3903,1.8855
3904,1.7655
3905,1.8422
3906,1.8794
3907,2.1309
3908,1.8274
3909,1.7933
3910,1.6652
3911,1.7153
3912,1.8147
3913,1.8349
3914,1.6939
3915,1.8286
3916,1.784
3917,1.7916
3918,1.8449
3919,1.6159
3920,1.8823
3921,1.8633
3922,1.7471
3923,1.9846
3924,1.8458
3925,1.705
3926,1.6878
3927,1.8128
3928,1.6236
3929,2.0123
3930,1.856
3931,1.9799
3932,1.9561
3933,1.776
3934,1.9601
3935,1.9057
3936,1.8198
3937,1.8653
3938,1.9217
3939,2.0884
3940,1.8538
3941,1.8229
3942,1.9721
3943,1.8245
3944,1.7308
3945,1.7867
3946,1.8441
3947,1.9759
3948,2.0569
3949,2.0081
3950,1.7789
3951,1.7305
3952,1.8416
3953,1.8159
3954,1.8478
3955,2.0547
3956,1.9279
3957,1.7176
3958,1.9098
3959,1.905
3960,1.8003
3961,1.8453
3962,1.9652
3963,1.8093
3964,1.8609
3965,2.0604
3966,1.9674
3967,1.9874
3968,1.8345
3969,1.7876
3970,1.8751
3971,2.2301
3972,1.9057
3973,1.8979
3974,1.9057
3975,1.7736
3976,1.8488
3977,1.9537
3978,1.9437
3979,1.856
3980,1.896
3981,1.9792
3982,1.8803
3983,1.9292
3984,1.9748
3985,1.9691
3986,1.8699
3987,2.0078
3988,1.8095
3989,1.8498
3990,1.9323
3991,1.9216
3992,1.8193
3993,1.9581
3994,1.9736
3995,1.9376
3996,1.8101
3997,1.7969
3998,1.8873
3999,1.8872
4000,2.1116
4001,2.0032
4002,2.0467
4003,2.0563
4004,1.9447
4005,1.973
4006,1.9713
4007,1.9725
4008,2.0599
4009,1.9267
4010,1.9391
4011,1.8686
4012,2.0313
4013,1.9237
4014,1.9687
4015,1.7786
4016,1.7925
4017,1.7324
4018,1.7962
4019,2.032
4020,1.7585
4021,1.7698
4022,1.8385
4023,1.8101
4024,1.8161
4025,1.96
4026,1.819
4027,1.4848
4028,1.5988
4029,1.6142
4030,1.7896
4031,1.7796
4032,1.986
4033,1.6086
4034,1.6692
4035,1.9269
4036,1.6939
4037,1.9012
4038,1.9764
4039,1.9578
4040,1.9072
4041,1.8732
4042,1.9029
4043,1.9525
4044,1.959
4045,1.7802
4046,1.793
4047,1.9534
4048,2.0762
4049,1.9567
4050,2.0585
4051,2.2667
4052,1.8967
4053,1.947
4054,1.9705
4055,1.8701
4056,1.8866
4057,1.9235
4058,1.7923
4059,1.9058
4060,1.6888
4061,1.8592
4062,1.7112
4063,1.7241
4064,1.7403
4065,1.869
4066,1.7433
4067,2.039
4068,2.006
4069,2.0299
4070,1.9901
4071,2.1247
4072,1.9862
4073,1.866
4074,1.9581
4075,1.8781
4076,1.701
4077,1.7614
4078,1.6782
4079,2.0021
4080,1.7261
4081,1.7133
4082,1.7155
4083,2.1441
4084,1.7937
4085,1.9889
4086,1.8681
4087,1.8633
4088,1.874
4089,1.805
4090,1.8792
4091,1.8992
4092,1.7943
4093,1.8987
4094,1.8689
4095,1.7124
4096,1.6297
4097,1.8655
4098,1.9956
4099,2.0527
4100,1.7768
4101,1.9606
4102,1.9593
4103,1.7436
4104,1.6463
4105,1.8472
4106,1.7604
4107,1.8771
4108,1.8162
4109,1.8386
4110,1.7888
4111,1.8119
4112,1.854
4113,1.8753
4114,1.7419
4115,2.0762
4116,1.8379
4117,1.738
4118,1.9846
4119,1.9569
4120,1.7852
4121,1.819
4122,1.7904
4123,1.8577
4124,1.7716
4125,1.8902
4126,1.9924
4127,1.9435
4128,1.9187
4129,1.7824
4130,1.773
4131,1.9715
4132,1.8718
4133,1.9026
4134,1.9128
4135,2.0095
4136,2.0271
4137,1.8967
4138,1.95
4139,1.8628
4140,1.8505
4141,1.9193
4142,1.7993
4143,1.9361
4144,1.7993
4145,2.0071
4146,1.922
4147,1.9287
4148,1.8388
4149,1.9223
4150,1.7813
4151,1.8942
4152,1.785
4153,1.9011
4154,1.9144
4155,1.9263
4156,1.9284
4157,1.8612
4158,1.7789
4159,1.8484
4160,1.7442
4161,1.9394
4162,1.8213
4163,2.1414
4164,1.9739
4165,2.1075
4166,2.0079
4167,1.935
4168,1.8922
4169,1.9766
4170,1.9302
4171,1.9528
4172,1.8393
4173,1.801
4174,1.7852
4175,1.9544
4176,1.962
4177,1.8547
4178,1.9165
4179,2.1257
4180,1.978
4181,1.8779
4182,1.9146
4183,1.8757
4184,1.8856
4185,1.8902
4186,1.8628
4187,1.8605
4188,1.9056
4189,1.9457
4190,1.9344
4191,2.0017
4192,2.0205
4193,2.0633
4194,1.9624
4195,2.1605
4196,1.8988
4197,2.0495
4198,2.0438
4199,1.9512
4200,1.9376
4201,2.0115
4202,2.0685
4203,1.9288
4204,1.9531
4205,1.8631
4206,2.059
4207,1.9733
4208,2.0512
4209,1.8149
4210,1.9384
4211,2.0749
4212,1.814
4213,1.8819
4214,1.8782
4215,1.8011
4216,1.9906
4217,1.952
4218,2.009
4219,1.9947
4220,1.7387
4221,2.111
4222,2.0406
4223,1.9242
4224,1.8073
4225,2.0088
4226,1.8456
4227,2.1545
4228,1.9988
4229,1.9
4230,1.8009
4231,1.59
4232,1.8501
4233,1.98
4234,1.8668
4235,1.9659
4236,1.8413
4237,1.8761
4238,1.8771
4239,1.9802
4240,1.9446
4241,1.9668
4242,1.7059
4243,2.0791
4244,1.8329
4245,1.9186
4246,1.8235
4247,1.8179
4248,1.7494
4249,1.7757
4250,1.8648
4251,1.9666
4252,1.979
4253,1.9115
4254,1.913
4255,1.9443
4256,1.8861
4257,1.8447
4258,1.8078
4259,2.0757
4260,1.7759
4261,1.8935
4262,1.859
4263,1.9732
4264,1.8985
4265,1.8309
4266,1.867
4267,1.6569
4268,1.8207
4269,2.0538
4270,1.8588
4271,2.0066
4272,1.9678
4273,1.8791
4274,1.6859
4275,2.0889
4276,1.7689
4277,1.8901
4278,1.8035
4279,1.99
4280,1.5928
4281,1.8165
4282,1.7959
4283,1.8864
4284,1.8001
4285,1.7216
4286,1.8355
4287,1.8462
4288,1.6826
4289,1.6359
4290,1.8977
4291,2.2071
4292,2.2043
4293,2.0863
4294,2.0109
4295,1.904
4296,2.0891
4297,1.9893
4298,2.0584
4299,2.0507
4300,1.8988
4301,2.0427
4302,1.9371
4303,1.9269
4304,2.1067
4305,1.956
4306,2.0122
4307,2.0801
4308,1.9206
4309,2.0489
4310,1.7719
4311,1.8759
4312,1.6955
4313,1.7646
4314,1.8153
4315,1.9252
4316,1.8702
4317,1.915
4318,1.7465
4319,1.9211
4320,1.8239
4321,1.8585
4322,1.9681
4323,2.0078
4324,1.892
4325,1.9144
4326,1.9559
4327,2.0712
4328,1.8887
4329,1.9182
4330,1.8537
4331,1.8458
4332,1.7278
4333,1.7719
4334,1.8858
4335,1.8794
4336,1.8089
4337,1.8569
4338,1.754
4339,2.0605
4340,1.8119
4341,1.9976
4342,1.8873
4343,2.0665
4344,2.0589
4345,1.932
4346,2.1269
4347,1.8803
4348,1.9049
4349,1.687
4350,1.8584
4351,1.7654
4352,1.8495
4353,1.9589
4354,1.9394
4355,2.0288
4356,1.8545
4357,1.9874
4358,1.8723
4359,1.9214
4360,1.7704
4361,1.8103
4362,1.855
4363,1.7287
4364,1.9432
4365,1.8833
4366,1.7186
4367,1.7378
4368,1.8548
4369,2.011
4370,1.8138
4371,2.1127
4372,1.9547
4373,1.9835
4374,1.9934
4375,1.9499
4376,1.8099
4377,1.8072
4378,1.7889
4379,1.824
4380,1.8171
4381,2.028
4382,1.9275
4383,1.9011
4384,1.8647
4385,1.7675
4386,1.7651
4387,2.0223
4388,1.9379
4389,1.9108
4390,1.946
4391,1.9311
4392,1.8143
4393,1.8231
4394,1.8431
4395,1.8368
4396,1.6888
4397,1.953
4398,1.8742
4399,1.8348
4400,1.9018
4401,1.9826
4402,2.1878
4403,2.4154
4404,1.8218
4405,2.0318
4406,1.9478
4407,1.9509
4408,1.8779
4409,1.8099
4410,1.8323
4411,1.7238
4412,1.8186
4413,2.0719
4414,2.067
4415,2.0223
4416,2.0136
4417,1.895
4418,2.0269
4419,2.077
4420,1.9254
4421,1.926
4422,2.0613
4423,1.9875
4424,2.015
4425,1.8269
4426,2.0613
4427,2.0721
4428,1.9734
4429,1.9834
4430,1.9869
4431,1.886
4432,1.91
4433,1.8353
4434,1.8288
4435,2.2153
4436,1.8399
4437,1.9404
4438,1.775
4439,1.9746
4440,1.9549
4441,1.8132
4442,1.8676
4443,1.8233
4444,2.0705
4445,2.1302
4446,2.0756
4447,1.8798
4448,1.9104
4449,1.7489
4450,1.8923
4451,1.9961
4452,1.8523
4453,1.8563
4454,1.8836
4455,1.7823
4456,1.7922
4457,1.9088
4458,1.8235
4459,1.865
4460,1.7148
4461,1.9091
4462,1.8128
4463,1.9371
4464,1.9075
4465,1.9775
4466,2.0201
4467,2.3055
4468,2.0061
4469,1.9112
4470,1.8322
4471,1.9308
4472,1.7991
4473,1.7737
4474,1.8028
4475,1.9124
4476,1.7033
4477,1.7569
4478,1.8301
4479,1.93
4480,1.9938
4481,1.9416
4482,2.0141
4483,2.0686
4484,1.6908
4485,1.7555
4486,1.8375
4487,1.7142
4488,1.8785
4489,1.9533
4490,1.9435
4491,1.9681
4492,1.9526
4493,1.9156
4494,1.885
4495,1.8887
4496,1.7533
4497,1.7601
4498,1.9208
4499,2.0389
4500,1.9047
4501,1.8677
4502,1.7367
4503,1.7531
4504,1.8635
4505,1.8392
4506,1.8214
4507,1.7911
4508,1.9265
4509,1.857
4510,1.8349
4511,1.8563
4512,1.8652
4513,1.9691
4514,2.0135
4515,2.0843
4516,2.0172
4517,1.9259
4518,1.9873
4519,1.9979
4520,1.9021
4521,1.8714
4522,1.9188
4523,1.8512
4524,1.8895
4525,1.7106
4526,1.8321
4527,1.9716
4528,1.8941
4529,1.7453
4530,1.8112
4531,2.0048
4532,1.9072
4533,1.8725
4534,1.8783
4535,1.9325
4536,1.9883
4537,1.827
4538,1.7385
4539,1.7642
4540,1.8238
4541,1.9248
4542,1.8088
4543,2.0168
4544,1.902
4545,1.931
4546,1.7942
4547,2.1272
4548,1.8828
4549,1.8448
4550,1.8576
4551,1.8769
4552,1.7657
4553,1.9443
4554,1.7571
4555,1.8536
4556,1.8878
4557,1.8611
4558,1.872
4559,1.7743
4560,2.0187
4561,2.0456
4562,2.0177
4563,2.003
4564,1.9093
4565,1.9083
4566,1.8234
4567,1.8435
4568,1.8693
4569,1.8675
4570,1.8102
4571,1.93
4572,1.9438
4573,1.9322
4574,1.9549
4575,1.8292
4576,1.9224
4577,1.9173
4578,1.833
4579,2.0086
4580,1.7631
4581,1.8601
4582,1.8362
4583,1.7225
4584,1.7835
4585,1.7983
4586,1.8795
4587,2.0073
4588,2.0625
4589,1.9849
4590,2.0432
4591,1.8961
4592,1.8612
4593,2.1141
4594,2.0437
4595,2.2673
4596,1.9314
4597,1.9037
4598,1.9505
4599,1.9353
4600,1.9124
4601,2.0719
4602,2.1536
4603,2.1148
4604,1.8052
4605,1.9882
4606,1.9689
4607,2.0313
4608,1.9433
4609,2.2272
4610,1.8113
4611,2.0666
4612,1.9377
4613,1.9088
4614,1.9692
4615,2.0043
4616,1.9198
4617,2.015
4618,2.0103
4619,2.0832
4620,1.8944
4621,1.8408
4622,1.9026
4623,1.895
4624,1.8259
4625,1.9049
4626,1.7807
4627,2.1183
4628,1.8924
4629,1.7603
4630,1.7781
4631,1.8577
4632,1.6376
4633,1.8678
4634,1.9031
4635,1.843
4636,1.8982
4637,1.8437
4638,1.865
4639,1.83
4640,1.8337
4641,1.9885
4642,2.0353
4643,2.2241
4644,1.8972
4645,2.1494
4646,2.012
4647,2.0277
4648,1.9356
4649,1.7943
4650,2.057
4651,1.9721
4652,2.0419
4653,1.6585
4654,1.9621
4655,1.8918
4656,1.7426
4657,1.7443
4658,1.8313
4659,2.01
4660,1.7362
4661,1.8077
4662,1.8164
4663,1.8638
4664,1.9271
4665,1.8624
4666,1.983
4667,1.8142
4668,1.9879
4669,2.0115
4670,1.9614
4671,1.923
4672,1.9604
4673,1.8338
4674,1.8435
4675,2.1691
4676,1.8528
4677,1.9038
4678,1.7607
4679,2.0601
4680,2.0167
4681,1.8803
4682,2.0182
4683,2.0956
4684,1.7112
4685,1.8481
4686,1.8475
4687,1.8155
4688,1.8257
4689,1.7809
4690,2.0437
4691,2.0801
4692,1.8426
4693,1.7681
4694,1.9668
4695,1.7869
4696,1.8938
4697,1.8557
4698,1.8581
4699,1.8675
4700,2.0072
4701,1.8761
4702,2.0267
4703,2.1059
4704,1.9417
4705,1.9643
4706,1.9515
4707,2.1297
4708,1.967
4709,1.9267
4710,1.9151
4711,1.8887
4712,1.7394
4713,1.8733
4714,1.85
4715,1.8546
4716,1.8041
4717,1.9301
4718,1.8607
4719,1.7716
4720,1.7982
4721,1.7798
4722,1.7473
4723,2.1458
4724,1.951
4725,2.1299
4726,2.0739
4727,1.966
4728,1.8981
4729,2.0602
4730,2.0367
4731,2.0709
4732,1.9411
4733,1.9178
4734,1.9915
4735,1.871
4736,1.9163
4737,1.732
4738,1.8571
4739,2.163
4740,1.8541
4741,1.7612
4742,1.8104
4743,1.9613
4744,1.8141
4745,1.8682
4746,1.7988
4747,1.9416
4748,1.9908
4749,1.9439
4750,1.8887
4751,1.9281
4752,1.8623
4753,1.8794
4754,2.0071
4755,2.0939
4756,1.8109
4757,2.0704
4758,2.0435
4759,1.9998
4760,2.0774
4761,1.9806
4762,1.9981
4763,1.8743
4764,2.1094
4765,2.0475
4766,2.0214
4767,1.9843
4768,1.9781
4769,1.9878
4770,1.9403
4771,2.0624
4772,1.9321
4773,2.2194
4774,1.8776
4775,1.9329
4776,1.9451
4777,1.9551
4778,1.6078
4779,1.9085
4780,1.8191
4781,1.8764
4782,1.8875
4783,1.585
4784,1.6979
4785,1.8342
4786,1.8228
4787,2.093
4788,1.812
4789,2.0993
4790,1.9014
4791,2.0695
4792,2.0258
4793,2.0272
4794,1.9986
4795,1.9707
4796,1.9644
4797,1.8985
4798,2.0344
4799,1.919
4800,1.9363
4801,2.0355
4802,1.8821
4803,2.1447
4804,1.8843
4805,1.8003
4806,1.7937
4807,1.8824
4808,1.8523
4809,1.8585
4810,1.9889
4811,2.0009
4812,1.9019
4813,1.9522
4814,1.9101
4815,1.8936
4816,1.8586
4817,1.7237
4818,1.8282
4819,2.1588
4820,1.6908
4821,2.0294
4822,1.9876
4823,2.0316
4824,1.952
4825,1.9649
4826,1.9537
4827,1.8138
4828,1.86
4829,1.9192
4830,1.886
4831,1.849
4832,1.8288
4833,1.845
4834,1.8512
4835,2.1036
4836,1.8187
4837,1.7691
4838,1.8401
4839,1.8831
4840,1.8732
4841,1.8945
4842,2.0726
4843,2.0312
4844,1.7677
4845,1.905
4846,1.8207
4847,1.7878
4848,1.7902
4849,2.0
4850,1.9256
4851,2.1776
4852,1.8652
4853,1.9576
4854,1.7943
4855,1.9698
4856,1.9539
4857,1.8077
4858,1.8609
4859,1.8782
4860,1.9357
4861,1.9181
4862,1.9931
4863,2.0314
4864,1.9525
4865,1.9863
4866,2.0315
4867,2.2222
4868,2.0224
4869,1.9987
4870,1.8954
4871,1.9739
4872,1.9258
4873,1.9488
4874,1.9097
4875,1.9399
4876,2.0706
4877,2.0903
4878,1.8691
4879,1.9966
4880,1.9857
4881,1.9524
4882,1.8273
4883,2.1795
4884,1.9256
4885,2.0249
4886,1.9832
4887,1.9558
4888,1.8268
4889,2.0074
4890,1.8318
4891,1.8294
4892,1.7997
4893,1.8114
4894,1.8338
4895,1.8086
4896,1.7822
4897,1.7429
4898,1.7774
4899,2.0145
4900,1.8418
4901,1.8015
4902,1.7507
4903,1.8429
4904,1.8395
4905,1.9272
4906,1.9249
4907,2.0015
4908,1.9569
4909,1.9675
4910,1.9624
4911,1.9707
4912,1.9095
4913,1.9502
4914,1.9601
4915,2.1835
4916,1.8771
4917,1.8829
4918,1.8102
4919,1.9048
4920,1.8822
4921,1.8643
4922,1.8453
4923,1.9065
4924,1.9488
4925,1.9375
4926,1.7921
4927,1.7646
4928,1.8373
4929,1.8036
4930,1.9469
4931,2.18
4932,1.8528
4933,1.937
4934,1.9795
4935,1.8096
4936,1.8269
4937,1.8309
4938,1.8826
4939,1.8629
4940,1.8362
4941,1.8386
4942,1.8173
4943,1.857
4944,1.6893
4945,1.8087
4946,1.8944
4947,1.9243
4948,1.6852
4949,1.807
4950,1.674
4951,1.7973
4952,1.85
4953,1.7907
4954,1.6786
4955,1.8265
4956,1.8324
4957,1.8302
4958,1.7077
4959,1.7357
4960,1.8509
4961,1.8592
4962,1.7128
4963,1.9423
4964,1.8861
4965,1.9384
4966,1.7997
4967,1.945
4968,1.9166
4969,1.9745
4970,1.8823
4971,1.9288
4972,1.7059
4973,1.8224
4974,1.8762
4975,1.9019
4976,1.8677
4977,1.9183
4978,1.9701
4979,2.1042
4980,1.8009
4981,1.7537
4982,1.7319
4983,1.7904
4984,1.9108
4985,1.8701
4986,1.8601
4987,1.8111
4988,1.8565
4989,1.7532
4990,1.7309
4991,1.8468
4992,1.8544
4993,1.684
4994,1.8576
4995,2.0826
4996,1.8348
4997,1.9415
4998,1.9423
4999,2.0186
5000,1.7242
5001,1.6826
5002,1.6016
5003,2.021
5004,1.9039
5005,1.9283
5006,1.6758
5007,1.7848
5008,1.7366
5009,1.8033
5010,1.8138
5011,2.0221
5012,1.8922
5013,1.8317
5014,1.7173
5015,1.8676
5016,1.9569
5017,1.871
5018,1.767
5019,1.8852
5020,1.824
5021,1.8479
5022,1.78
5023,1.7348
5024,1.7842
5025,1.8101
5026,1.808
5027,2.1372
5028,1.68
5029,1.8055
5030,1.6873
5031,1.7674
5032,1.7527
5033,2.0105
5034,2.0003
5035,2.0112
5036,2.1862
5037,1.8819
5038,1.9437
5039,1.8613
5040,1.9093
5041,1.7566
5042,1.7243
5043,2.0045
5044,1.8441
5045,1.9899
5046,1.9338
5047,1.8896
5048,1.9426
5049,1.7457
5050,1.7835
5051,1.7895
5052,1.8059
5053,1.9759
5054,1.8841
5055,1.8204
5056,1.7934
5057,1.8071
5058,1.7251
5059,2.2943
5060,1.8537
5061,2.019
5062,1.9572
5063,1.8526
5064,1.9193
5065,2.0138
5066,2.0369
5067,2.0255
5068,2.066
5069,1.8079
5070,1.8154
5071,1.8795
5072,1.8711
5073,1.7572
5074,1.8793
5075,1.8815
5076,2.011
5077,1.9004
5078,1.8906
5079,1.6169
5080,1.6272
5081,2.0135
5082,1.7706
5083,1.695
5084,1.7774
5085,1.7373
5086,1.974
5087,1.6663
5088,1.5325
5089,1.8009
5090,1.7236
5091,2.0667
5092,1.6433
5093,1.825
5094,1.8265
5095,1.9042
5096,1.8283
5097,1.6679
5098,1.9147
5099,1.7317
5100,1.802
5101,1.7518
5102,1.6129
5103,1.8621
5104,1.8475
5105,1.8776
5106,1.9352
5107,2.0074
5108,1.6661
5109,1.8335
5110,1.7612
5111,1.7588
5112,1.9838
5113,1.9129
5114,1.7164
5115,1.7335
5116,1.7762
5117,1.8667
5118,1.6617
5119,1.7578
5120,1.8266
5121,1.8711
5122,1.8591
5123,2.0626
5124,1.935
5125,1.7688
5126,1.7209
5127,1.8302
5128,1.8632
5129,1.8044
5130,1.8979
5131,1.7565
5132,1.792
5133,1.6801
5134,1.8407
5135,1.8626
5136,1.5916
5137,1.7864
5138,1.6966
5139,2.0292
5140,1.7129
5141,1.6106
5142,1.8027
5143,1.9322
5144,1.8104
5145,1.7431
5146,1.9276
5147,1.8341
5148,1.6922
5149,2.0492
5150,1.8731
5151,1.8978
5152,1.8514
5153,1.7617
5154,1.8015
5155,1.9957
5156,1.7468
5157,1.7742
5158,1.868
5159,2.042
5160,1.7111
5161,1.8535
5162,1.7857
5163,1.7368
5164,1.7365
5165,1.6147
5166,1.7963
5167,1.8992
5168,1.722
5169,1.7124
5170,1.7605
5171,1.9885
5172,1.9259
5173,1.9687
5174,1.9822
5175,1.958
5176,1.6914
5177,1.8037
5178,1.8112
5179,1.8248
5180,1.8421
5181,1.7974
5182,1.7826
5183,1.8079
5184,1.6427
5185,1.5715
5186,1.4809
5187,2.0575
5188,1.9475
5189,1.5572
5190,1.7677
5191,1.5752
5192,1.777
5193,1.7929
5194,1.7714
5195,1.8823
5196,1.6606
5197,1.6782
5198,1.6469
5199,1.8229
5200,1.8124
5201,1.7855
5202,1.8382
5203,2.051
5204,1.7764
5205,1.988
5206,1.9468
5207,1.9661
5208,1.8486
5209,2.0763
5210,1.6771
5211,1.6605
5212,1.603
5213,1.7042
5214,1.8668
5215,1.8287
5216,1.8969
5217,1.7535
5218,1.8233
5219,2.0129
5220,1.927
5221,1.7273
5222,1.7608
5223,1.7228
5224,1.8124
5225,1.7567
5226,1.7827
5227,1.7504
5228,1.7425
5229,1.9591
5230,1.7746
5231,1.6786
5232,1.7982
5233,1.5717
5234,1.8583
5235,2.1627
5236,1.8038
5237,1.7947
5238,1.9963
5239,1.9951
5240,1.7572
5241,1.9268
5242,1.9918
5243,2.0521
5244,1.941
5245,1.8764
5246,1.7882
5247,1.6638
5248,1.8072
5249,1.628
5250,1.815
5251,1.987
5252,1.8443
5253,1.5712
5254,2.0319
5255,1.8612
5256,1.6655
5257,1.7849
5258,1.7918
5259,1.7542
5260,1.9416
5261,1.8707
5262,1.6618
5263,1.7054
5264,1.9031
5265,1.902
5266,2.0039
5267,1.9553
5268,1.9027
5269,1.7847
5270,1.8346
5271,1.8523
5272,1.8125
5273,1.9036
5274,1.9806
5275,1.9288
5276,1.9417
5277,1.8
5278,1.9833
5279,1.9699
5280,1.8877
5281,1.9054
5282,1.8819
5283,2.0271
5284,1.7086
5285,1.9857
5286,2.057
5287,1.769
5288,1.7282
5289,1.8406
5290,1.81
5291,1.7965
5292,1.9346
5293,1.8316
5294,1.95
5295,1.7247
5296,1.88
5297,1.7946
5298,1.7232
5299,2.0852
5300,2.0086
5301,1.9824
5302,1.8955
5303,1.8885
5304,1.8328
5305,1.8666
5306,1.8389
5307,1.7687
5308,1.9009
5309,1.816
5310,1.9473
5311,1.6179
5312,1.5712
5313,1.6418
5314,1.8664
5315,2.0303
5316,1.6705
5317,1.7405
5318,1.8507
5319,1.8085
5320,1.6294
5321,1.5767
5322,1.8756
5323,1.5975
5324,1.5831
5325,1.6334
5326,1.7355
5327,1.7142
5328,2.062
5329,1.6389
5330,1.6705
5331,2.054
5332,1.6797
5333,1.9476
5334,1.9017
5335,1.9486
5336,1.8677
5337,1.8262
5338,1.7089
5339,1.6747
5340,1.7489
5341,1.711
5342,1.8582
5343,1.7141
5344,1.8508
5345,1.7931
5346,1.8468
5347,2.1323
5348,1.986
5349,1.9
5350,1.9841
5351,1.7337
5352,1.8119
5353,1.811
5354,1.8004
5355,1.9293
5356,1.9055
5357,1.8634
5358,1.5914
5359,1.6011
5360,1.8627
5361,1.7591
5362,1.8731
5363,1.9188
5364,1.7374
5365,1.6921
5366,1.9023
5367,1.8779
5368,1.6388
5369,1.7329
5370,1.8384
5371,1.685
5372,1.9591
5373,1.6364
5374,1.7729
5375,1.7164
5376,1.8143
5377,1.7574
5378,1.691
5379,1.9226
5380,1.8314
5381,1.8509
5382,1.7256
5383,1.8974
5384,1.8169
5385,1.7453
5386,1.8305
5387,1.862
5388,1.838
5389,1.8074
5390,1.8145
5391,1.9355
5392,1.9545
5393,1.8635
5394,1.8633
5395,2.0348
5396,1.861
5397,1.9397
5398,1.9749
5399,1.9868
5400,1.7524
5401,1.9329
5402,1.9308
5403,1.8036
5404,1.7317
5405,1.9096
5406,1.9942
5407,1.8744
5408,1.8309
5409,1.8663
5410,1.7699
5411,1.9883
5412,1.8141
5413,1.8433
5414,1.9186
5415,2.082
5416,2.01
5417,2.0112
5418,1.9449
5419,1.8564
5420,1.8769
5421,1.8386
5422,1.9007
5423,1.8775
5424,1.6457
5425,1.9539
5426,1.7913
5427,1.9083
5428,1.8757
5429,1.9554
5430,2.0006
5431,1.9961
5432,1.8041
5433,1.853
5434,1.8859
5435,2.0139
5436,1.9949
5437,2.0872
5438,1.9637
5439,1.8758
5440,2.1341
5441,1.9091
5442,2.016
5443,2.0887
5444,1.9881
5445,1.8987
5446,2.0908
5447,1.8843
5448,2.058
5449,2.1385
5450,2.1618
5451,1.911
5452,1.9172
5453,1.8172
5454,1.879
5455,2.0548
5456,2.0268
5457,1.7588
5458,1.6871
5459,2.1222
5460,2.0078
5461,1.893
5462,1.9403
5463,1.9079
5464,2.0141
5465,1.9221
5466,1.9326
5467,1.8429
5468,1.9365
5469,1.8353
5470,1.7835
5471,1.7401
5472,1.7368
5473,1.8654
5474,1.9251
5475,1.9523
5476,1.7787
5477,1.9042
5478,1.9609
5479,1.8471
5480,1.6126
5481,1.937
5482,1.7306
5483,1.8319
5484,1.8416
5485,1.7364
5486,1.7989
5487,1.8091
5488,1.8343
5489,1.8003
5490,1.8174
5491,1.9776
5492,1.9096
5493,1.8557
5494,1.8909
5495,1.7392
5496,1.7908
5497,1.7969
5498,1.9231
5499,1.8949
5500,1.9206
5501,2.0621
5502,1.9504
5503,2.0377
5504,1.9801
5505,1.688
5506,1.8256
5507,2.1153
5508,1.8362
5509,1.6992
5510,1.9459
5511,1.7868
5512,1.7192
5513,1.8533
5514,1.7713
5515,1.8861
5516,1.8858
5517,1.9406
5518,2.0109
5519,1.8602
5520,1.7901
5521,1.9619
5522,1.9249
5523,2.1957
5524,1.8327
5525,1.8758
5526,1.8746
5527,1.8215
5528,1.935
5529,1.8945
5530,1.9807
5531,2.0342
5532,1.8613
5533,1.6693
5534,1.8171
5535,1.8186
5536,1.6304
5537,1.8999
5538,1.7349
5539,2.0606
5540,1.8412
5541,1.653
5542,2.0421
5543,2.1843
5544,2.063
5545,1.9612
5546,2.091
5547,1.9673
5548,1.9557
5549,2.0262
5550,1.9058
5551,1.9916
5552,2.0785
5553,1.9419
5554,2.0048
5555,2.3094
5556,1.8737
5557,1.9629
5558,1.9892
5559,1.8032
5560,1.8559
5561,1.9628
5562,1.9988
5563,2.0094
5564,2.1265
5565,2.1301
5566,1.9769
5567,1.8164
5568,1.9484
5569,2.1081
5570,2.024
5571,2.0541
5572,1.8568
5573,1.6667
5574,1.7771
5575,1.7038
5576,1.7822
5577,1.9894
5578,1.8656
5579,1.8441
5580,1.8709
5581,1.7335
5582,1.8526
5583,1.8096
5584,1.913
5585,1.9495
5586,1.7067
5587,1.8402
5588,1.865
5589,1.8941
5590,1.7839
5591,2.0091
5592,1.9704
5593,1.8206
5594,1.75
5595,1.7756
5596,1.7883
5597,1.9057
5598,2.1256
5599,1.9306
5600,1.8199
5601,1.7931
5602,1.8431
5603,2.0907
5604,1.9022
5605,1.8498
5606,1.6687
5607,1.8621
5608,1.8824
5609,1.6564
5610,1.8465
5611,1.8186
5612,1.8929
5613,1.8763
5614,1.8254
5615,1.8508
5616,1.8149
5617,1.7569
5618,1.9872
5619,2.0513
5620,1.9422
5621,1.8733
5622,1.725
5623,1.84
5624,1.6616
5625,1.6635
5626,1.657
5627,1.7629
5628,1.7449
5629,1.8275
5630,2.0601
5631,1.8754
5632,1.9644
5633,1.7667
5634,1.8451
5635,2.232
5636,1.8961
5637,1.7899
5638,1.9315
5639,1.7936
5640,1.9085
5641,1.9921
5642,2.2046
5643,1.8577
5644,1.8688
5645,2.1265
5646,2.0734
5647,1.9181
5648,1.8253
5649,1.9388
5650,2.0886
5651,2.014
5652,1.9633
5653,1.952
5654,1.8756
5655,1.9262
5656,1.676
5657,1.8725
5658,1.8326
5659,1.8852
5660,1.9807
5661,1.8501
5662,1.8625
5663,1.8586
5664,1.8706
5665,1.8596
5666,1.748
5667,2.0153
5668,1.9094
5669,1.7959
5670,1.7531
5671,1.806
5672,1.8624
5673,1.893
5674,1.8995
5675,1.9374
5676,1.9826
5677,1.9248
5678,1.8835
5679,1.8218
5680,1.887
5681,1.816
5682,1.8016
5683,2.0823
5684,1.631
5685,1.9433
5686,1.6692
5687,1.7534
5688,1.8925
5689,1.8399
5690,2.0702
5691,1.9272
5692,2.008
5693,1.8129
5694,1.8343
5695,1.8418
5696,1.7408
5697,1.7824
5698,2.0089
5699,2.0425
5700,1.9102
5701,1.8953
5702,1.8059
5703,1.7433
5704,1.8239
5705,1.8307
5706,1.9389
5707,1.9466
5708,1.9328
5709,1.8512
5710,1.6126
5711,1.7261
5712,1.8084
5713,1.8972
5714,1.7347
5715,2.08
5716,1.7319
5717,1.753
5718,1.9791
5719,1.7874
5720,1.8222
5721,1.921
5722,1.9749
5723,1.9121
5724,1.6608
5725,1.8312
5726,1.8509
5727,1.9336
5728,1.7123
5729,1.6487
5730,1.8136
5731,2.0008
5732,1.8416
5733,1.6968
5734,1.8228
5735,1.9346
5736,1.7439
5737,1.9731
5738,1.9115
5739,1.7568
5740,1.962
5741,1.934
5742,1.8478
5743,1.822
5744,1.8514
5745,1.9369
5746,1.8811
5747,2.0705
5748,1.9601
5749,1.9583
5750,1.9963
5751,1.9367
5752,2.017
5753,1.9972
5754,1.9009
5755,1.8633
5756,2.1326
5757,1.9469
5758,1.7815
5759,1.8744
5760,1.7531
5761,1.8585
5762,1.81
5763,2.1272
5764,1.9629
5765,1.9654
5766,1.795
5767,1.8699
5768,2.029
5769,1.799
5770,1.6673
5771,1.7693
5772,1.9499
5773,1.7014
5774,1.8724
5775,1.802
5776,1.9134
5777,1.8306
5778,1.9618
5779,2.0629
5780,1.9938
5781,1.9666
5782,1.9935
5783,1.8367
5784,1.5576
5785,1.7474
5786,1.7443
5787,1.671
5788,1.8634
5789,1.7443
5790,1.8559
5791,1.9255
5792,2.0054
5793,1.726
5794,1.808
5795,1.9752
5796,1.7872
5797,1.6213
5798,1.9737
5799,1.8398
5800,1.7691
5801,1.7228
5802,1.9586
5803,1.9249
5804,1.9735
5805,1.8046
5806,1.7347
5807,1.9917
5808,1.5539
5809,1.8462
5810,2.0007
5811,1.9481
5812,1.9199
5813,1.7621
5814,1.8487
5815,1.729
5816,1.7397
5817,2.0292
5818,1.8526
5819,1.7867
5820,1.8007
5821,1.7646
5822,2.0018
5823,1.8313
5824,1.9781
5825,2.0336
5826,2.0328
5827,2.1022
5828,1.8937
5829,2.0448
5830,1.8301
5831,2.089
5832,1.848
5833,1.7575
5834,1.8354
5835,1.7401
5836,1.6925
5837,2.0235
5838,2.065
5839,1.9283
5840,1.9101
5841,1.9246
5842,1.7337
5843,2.1004
5844,1.8619
5845,1.665
5846,1.8941
5847,1.7905
5848,1.8983
5849,1.8649
5850,2.0115
5851,1.8719
5852,1.7662
5853,1.8202
5854,1.8186
5855,1.8778
5856,1.9731
5857,1.8694
5858,1.9644
5859,2.0411
5860,1.7565
5861,1.9228
5862,1.9103
5863,1.8712
5864,1.9191
5865,1.7401
5866,1.9102
5867,1.7805
5868,1.8257
5869,1.7612
5870,1.9192
5871,1.9599
5872,1.9847
5873,1.9409
5874,1.946
5875,2.0162
5876,2.0282
5877,1.7417
5878,1.5901
5879,1.5506
5880,1.8443
5881,1.7748
5882,1.8252
5883,1.787
5884,1.9241
5885,1.8588
5886,1.9399
5887,1.7394
5888,1.6694
5889,1.875
5890,1.8504
5891,2.0538
5892,1.8264
5893,1.8336
5894,1.8517
5895,1.8692
5896,1.8327
5897,1.8188
5898,1.9299
5899,1.8544
5900,1.8765
5901,1.7714
5902,1.813
5903,1.8241
5904,1.8664
5905,1.7966
5906,1.6395
5907,2.0944
5908,1.7291
5909,1.764
5910,1.9532
5911,1.8147
5912,1.8396
5913,1.781
5914,1.8459
5915,1.7648
5916,1.8848
5917,1.882
5918,1.6916
5919,1.6996
5920,1.9286
5921,1.8298
5922,1.9102
5923,2.1123
5924,1.9939
5925,1.9921
5926,2.0699
5927,1.9624
5928,1.916
5929,1.9809
5930,1.9773
5931,1.9565
5932,1.9876
5933,1.8938
5934,1.8028
5935,1.8104
5936,1.7556
5937,1.87
5938,1.9928
5939,2.0324
5940,1.9443
5941,2.0414
5942,2.025
5943,1.8922
5944,2.0399
5945,1.9561
5946,1.9213
5947,1.7885
5948,1.8916
5949,1.7822
5950,1.8038
5951,1.7644
5952,1.9143
5953,1.8533
5954,1.9125
5955,2.2195
5956,1.7865
5957,1.9358
5958,1.8352
5959,1.7757
5960,1.9654
5961,1.889
5962,1.9023
5963,1.7559
5964,1.8877
5965,1.7579
5966,1.8491
5967,1.8037
5968,2.004
5969,2.0049
5970,2.0748
5971,2.0884
5972,1.6181
5973,1.7624
5974,1.9909
5975,1.8473
5976,1.7016
5977,1.9383
5978,1.9541
5979,1.7745
5980,1.7899
5981,1.8089
5982,1.6664
5983,1.7943
5984,1.8975
5985,1.8167
5986,1.8476
5987,2.0764
5988,1.8147
5989,1.7559
5990,1.9479
5991,1.9564
5992,1.8323
5993,2.0451
5994,1.9258
5995,1.6407
5996,1.8026
5997,1.8514
5998,1.9407
5999,1.8923
6000,2.1187
6001,1.827
6002,1.911
6003,2.097
6004,1.6901
6005,1.8061
6006,1.7304
6007,1.7892
6008,2.0393
6009,1.9759
6010,1.9281
6011,1.7553
6012,1.9375
6013,1.7037
6014,1.8886
6015,1.946
6016,1.9219
6017,1.931
6018,1.6903
6019,1.9626
6020,1.8897
6021,1.838
6022,1.5597
6023,1.8739
6024,1.8088
6025,1.7248
6026,1.8982
6027,1.757
6028,2.0027
6029,1.9855
6030,1.9407
6031,1.8763
6032,1.6559
6033,1.7491
6034,1.6457
6035,2.0435
6036,1.8528
6037,1.7712
6038,1.7994
6039,1.7718
6040,1.8802
6041,2.01
6042,1.914
6043,2.0833
6044,2.1755
6045,1.8901
6046,1.9614
6047,1.9411
6048,1.8851
6049,1.9905
6050,2.0321
6051,2.1203
6052,1.9302
6053,1.8464
6054,1.9517
6055,1.8225
6056,1.6851
6057,1.8286
6058,1.9192
6059,1.8881
6060,2.0409
6061,1.9139
6062,1.9229
6063,1.8546
6064,1.8848
6065,1.9126
6066,1.8515
6067,2.096
6068,1.8529
6069,1.8931
6070,1.9475
6071,1.9392
6072,2.0775
6073,1.8421
6074,1.9201
6075,1.9107
6076,2.0306
6077,1.9795
6078,2.05
6079,1.8356
6080,1.6141
6081,1.776
6082,1.8106
6083,2.0214
6084,2.0551
6085,1.949
6086,1.9128
6087,1.938
6088,1.8683
6089,1.8317
6090,1.8263
6091,1.6497
6092,1.9052
6093,1.9441
6094,1.912
6095,1.5723
6096,1.8984
6097,1.8581
6098,1.8797
6099,2.1327
6100,1.875
6101,2.0772
6102,2.0518
6103,1.8884
6104,1.9728
6105,2.0502
6106,1.9602
6107,2.1488
6108,1.8813
6109,1.921
6110,1.9229
6111,1.8463
6112,1.7052
6113,1.9746
6114,2.0112
6115,2.2992
6116,1.9865
6117,1.9027
6118,1.8035
6119,1.9313
6120,1.8565
6121,1.9405
6122,1.9646
6123,2.0054
6124,1.9641
6125,1.876
6126,2.0815
6127,2.0709
6128,1.9266
6129,2.0012
6130,1.9824
6131,2.2314
6132,1.9316
6133,1.8892
6134,1.915
6135,1.739
6136,1.8911
6137,1.8335
6138,1.8522
6139,1.9649
6140,1.9019
6141,1.8968
6142,1.8826
6143,1.8045
6144,1.9971
6145,2.0074
6146,1.8191
6147,2.0581
6148,1.8575
6149,1.8793
6150,1.9142
6151,1.8301
6152,1.7875
6153,1.7849
6154,1.9946
6155,1.8988
6156,2.0039
6157,1.7884
6158,1.7918
6159,1.8921
6160,1.8803
6161,1.9048
6162,1.9141
6163,2.1266
6164,1.8955
6165,1.788
6166,1.8533
6167,1.9279
6168,1.7767
6169,1.9172
6170,1.8938
6171,1.8422
6172,1.9992
6173,2.0086
6174,2.0094
6175,2.0196
6176,1.8969
6177,1.8653
6178,2.0207
6179,2.0678
6180,2.0373
6181,1.9693
6182,2.2541
6183,1.8741
6184,2.0168
6185,1.8761
6186,1.9518
6187,1.996
6188,2.0019
6189,2.0745
6190,1.9647
6191,1.9873
6192,1.9302
6193,1.9465
6194,2.0117
6195,2.1373
6196,1.9049
6197,1.9337
6198,1.7589
6199,1.8128
6200,1.6479
6201,1.8776
6202,1.9416
6203,1.6309
6204,1.8002
6205,1.6302
6206,1.8604
6207,1.7481
6208,1.6612
6209,1.8387
6210,1.8514
6211,2.0146
6212,1.7573
6213,1.6402
6214,1.5829
6215,1.8209
6216,1.5316
6217,1.7028
6218,1.9388
6219,1.9616
6220,1.9183
6221,1.7798
6222,1.7448
6223,1.7972
6224,1.9081
6225,1.8824
6226,1.9271
6227,1.9184
6228,1.786
6229,1.8417
6230,1.6399
6231,1.91
6232,1.6804
6233,1.7351
6234,1.6493
6235,1.7601
6236,1.6429
6237,1.8101
6238,1.7339
6239,1.8673
6240,1.8762
6241,1.7766
6242,1.8557
6243,2.1038
6244,1.929
6245,1.5884
6246,1.8213
6247,1.8973
6248,1.8035
6249,1.8412
6250,1.7248
6251,1.8761
6252,2.0225
6253,1.9108
6254,1.8274
6255,1.7092
6256,1.7975
6257,1.6851
6258,2.029
6259,1.9892
6260,2.0238
6261,1.9536
6262,1.9271
6263,1.9911
6264,2.0632
6265,1.892
6266,1.9347
6267,1.7413
6268,1.7219
6269,1.7745
6270,1.8877
6271,1.8477
6272,1.6024
6273,1.7535
6274,1.5946
6275,1.8849
6276,1.625
6277,1.7009
6278,1.6157
6279,1.7798
6280,1.7992
6281,1.611
6282,1.62
6283,1.6922
6284,1.8078
6285,1.821
6286,1.751
6287,1.6807
6288,1.7119
6289,1.7182
6290,1.7522
6291,1.889
6292,1.673
6293,1.9346
6294,1.828
6295,1.6951
6296,1.6742
6297,1.7937
6298,1.7587
6299,1.7298
6300,1.6352
6301,1.734
6302,1.7395
6303,1.6597
6304,1.635
6305,1.592
6306,1.6637
6307,2.0597
6308,1.8301
6309,1.8376
6310,1.7816
6311,1.795
6312,1.6673
6313,1.7082
6314,1.7167
6315,1.717
6316,1.7309
6317,1.8707
6318,1.7984
6319,1.7175
6320,1.6446
6321,1.8077
6322,1.6687
6323,1.9157
6324,1.7882
6325,1.614
6326,1.7614
6327,1.5945
6328,1.6284
6329,1.6181
6330,1.557
6331,1.7893
6332,1.6674
6333,1.6415
6334,1.9749
6335,1.7446
6336,1.6912
6337,1.7791
6338,1.8695
6339,2.0793
6340,1.8205
6341,1.9342
6342,1.9671
6343,1.958
6344,1.7131
6345,1.7997
6346,1.6379
6347,1.8198
6348,1.8094
6349,1.8258
6350,1.8755
6351,1.7042
6352,1.7079
6353,1.7525
6354,1.7584
6355,1.7688
6356,1.8544
6357,1.8084
6358,1.7448
6359,1.6051
6360,1.8356
6361,1.7952
6362,1.7187
6363,1.5741
6364,1.9267
6365,1.7912
6366,1.6183
6367,1.6655
6368,1.8276
6369,1.8515
6370,1.747
6371,2.0237
6372,1.7473
6373,1.772
6374,1.7197
6375,1.826
6376,1.787
6377,1.9164
6378,1.8338
6379,1.9052
6380,1.8581
6381,1.9914
6382,1.9718
6383,1.6361
6384,1.7336
6385,1.9596
6386,1.6816
6387,2.0084
6388,1.8319
6389,1.9179
6390,1.8583
6391,1.8595
6392,1.8005
6393,1.8048
6394,1.8937
6395,1.7816
6396,1.7293
6397,1.7101
6398,1.6832
6399,1.5373
6400,1.7066
6401,1.6625
6402,1.6733
6403,2.0134
6404,1.7628
6405,1.7849
6406,1.6387
6407,1.6819
6408,1.8406
6409,1.9222
6410,1.7202
6411,1.6084
6412,1.786
6413,1.7259
6414,1.6907
6415,1.7587
6416,1.9022
6417,1.7083
6418,1.9422
6419,2.0795
6420,2.0167
6421,1.8858
6422,1.8615
6423,1.6804
6424,1.5696
6425,1.9338
6426,1.8025
6427,1.6982
6428,1.7072
6429,1.8213
6430,1.7297
6431,1.6154
6432,1.7634
6433,1.7501
6434,1.6933
6435,2.1462
6436,1.7619
6437,1.902
6438,1.6044
6439,1.9494
6440,1.6814
6441,1.8098
6442,1.72
6443,1.7612
6444,1.828
6445,1.7794
6446,1.7594
6447,1.6615
6448,1.7119
6449,1.7936
6450,1.9085
6451,1.9923
6452,1.731
6453,1.7747
6454,1.642
6455,1.6659
6456,1.6856
6457,1.879
6458,1.8252
6459,1.5786
6460,1.829
6461,1.712
6462,1.6891
6463,1.6608
6464,1.8058
6465,1.8123
6466,1.5903
6467,1.9912
6468,1.8278
6469,1.6129
6470,1.7098
6471,1.6553
6472,1.613
6473,1.8531
6474,1.8203
6475,1.8262
6476,1.7857
6477,1.983
6478,1.9102
6479,1.8951
6480,1.8052
6481,1.8888
6482,1.872
6483,2.0823
6484,1.7853
6485,1.7687
6486,1.916
6487,2.0027
6488,1.8006
6489,1.7399
6490,1.8426
6491,1.8424
6492,1.852
6493,1.6944
6494,1.6916
6495,1.7982
6496,1.7299
6497,1.971
6498,2.1856
6499,2.2098
6500,1.782
6501,2.0107
6502,2.0312
6503,1.9111
6504,1.871
6505,1.8053
6506,1.7858
6507,1.728
6508,1.7797
6509,1.8443
6510,1.9773
6511,1.7528
6512,1.8459
6513,1.9611
6514,1.8482
6515,2.1212
6516,1.9103
6517,1.6409
6518,2.0554
6519,1.9868
6520,1.9615
6521,1.9691
6522,1.9055
6523,2.1877
6524,1.9759
6525,2.0102
6526,1.9746
6527,1.9951
6528,1.972
6529,2.1234
6530,1.9081
6531,2.0892
6532,1.6828
6533,2.0469
6534,1.6548
6535,1.6728
6536,1.6376
6537,1.604
6538,1.6815
6539,1.6505
6540,1.7041
6541,1.5806
6542,1.6376
6543,1.5765
6544,1.6624
6545,1.6186
6546,1.6467
6547,1.9962
6548,1.8059
6549,1.7749
6550,1.6744
6551,1.7713
6552,1.5779
6553,1.6184
6554,1.546
6555,1.7109
6556,1.6367
6557,1.7461
6558,1.6718
6559,1.9308
6560,1.6631
6561,1.6034
6562,1.8742
6563,2.1276
6564,1.9674
6565,1.9647
6566,1.9672
6567,2.0354
6568,1.969
6569,1.8302
6570,1.8301
6571,1.8652
6572,1.7095
6573,1.7795
6574,1.8714
6575,1.9373
6576,1.8096
6577,1.7353
6578,1.8338
6579,2.0823
6580,1.7501
6581,1.7636
6582,1.7289
6583,1.8666
6584,1.7917
6585,1.8039
6586,1.7875
6587,1.8124
6588,1.9101
6589,1.999
6590,1.8491
6591,1.8157
6592,1.8567
6593,2.0723
6594,1.9403
6595,2.0734
6596,1.7341
6597,1.8303
6598,1.7531
6599,1.7466
6600,1.7833
6601,2.0315
6602,2.0061
6603,1.8547
6604,1.9142
6605,1.781
6606,1.829
6607,1.9757
6608,1.6697
6609,1.8847
6610,1.9881
6611,2.0409
6612,1.9586
6613,1.6708
6614,1.6332
6615,1.7749
6616,1.7427
6617,1.9069
6618,1.8895
6619,1.7676
6620,1.9835
6621,1.8756
6622,1.8924
6623,1.7366
6624,2.1952
6625,1.9462
6626,1.8008
6627,1.9672
6628,1.7716
6629,1.7988
6630,1.8229
6631,1.8425
6632,1.7848
6633,1.9287
6634,1.7442
6635,1.7995
6636,1.5968
6637,1.6928
6638,1.8556
6639,1.8768
6640,1.8132
6641,1.9427
6642,1.8883
6643,2.0482
6644,1.9116
6645,1.9089
6646,1.9273
6647,1.5344
6648,1.7936
6649,1.9059
6650,1.7342
6651,1.6214
6652,1.9284
6653,1.8188
6654,1.7151
6655,2.0306
6656,2.0077
6657,1.9479
6658,1.8369
6659,2.1481
6660,1.9016
6661,1.7642
6662,1.6847
6663,1.9239
6664,1.6286
6665,1.7042
6666,1.7642
6667,1.7871
6668,1.9806
6669,1.9842
6670,1.9469
6671,1.7952
6672,1.6254
6673,1.8999
6674,1.9625
6675,2.011
6676,1.8569
6677,1.9228
6678,1.6537
6679,1.5419
6680,1.7329
6681,1.8793
6682,1.9702
6683,1.771
6684,1.8943
6685,1.8968
6686,1.8198
6687,1.8421
6688,1.5027
6689,1.8446
6690,1.6161
6691,1.8517
6692,1.8135
6693,1.8151
6694,1.8061
6695,1.8618
6696,1.7249
6697,1.853
6698,1.8085
6699,1.7181
6700,1.7449
6701,1.8118
6702,2.0207
6703,1.8209
6704,1.9032
6705,1.798
6706,1.793
6707,1.8845
6708,1.7876
6709,1.7504
6710,1.585
6711,1.6082
6712,1.5885
6713,1.5804
6714,1.8409
6715,1.8976
6716,1.5412
6717,1.6816
6718,1.7193
6719,1.8662
6720,1.7953
6721,1.7073
6722,1.789
6723,1.8693
6724,1.7757
6725,1.8055
6726,1.5999
6727,1.8848
6728,1.8938
6729,1.8712
6730,1.8861
6731,1.8709
6732,1.8565
6733,1.836
6734,1.907
6735,2.0181
6736,1.9489
6737,1.9602
6738,1.6897
6739,2.048
6740,1.8315
6741,1.8733
6742,1.8861
6743,1.8622
6744,1.8237
6745,1.9673
6746,1.7861
6747,1.7138
6748,1.7033
6749,1.703
6750,1.8886
6751,2.1189
6752,2.108
6753,2.167
6754,2.1284
6755,2.2323
6756,1.944
6757,1.9359
6758,1.9081
6759,1.9764
6760,1.8301
6761,1.9021
6762,1.9539
6763,1.8891
6764,1.8569
6765,1.8429
6766,1.9102
6767,1.7804
6768,1.7766
6769,1.9753
6770,1.8504
6771,2.1274
6772,1.8343
6773,1.7396
6774,1.6731
6775,1.792
6776,1.924
6777,1.7037
6778,1.8234
6779,1.9536
6780,1.9485
6781,2.0239
6782,1.9559
6783,1.8717
6784,1.7576
6785,2.0085
6786,2.057
6787,2.0657
6788,1.9445
6789,1.8852
6790,1.9881
6791,2.1355
6792,2.1017
6793,1.8281
6794,1.9314
6795,2.0859
6796,1.779
6797,2.132
6798,1.9804
6799,1.7667
6800,2.0257
6801,2.0925
6802,2.1929
6803,2.1707
6804,1.6855
6805,1.7992
6806,1.7728
6807,1.7377
6808,1.7849
6809,1.8843
6810,1.9646
6811,1.6939
6812,1.9415
6813,1.8912
6814,1.8223
6815,1.8392
6816,1.9595
6817,1.7428
6818,1.9788
6819,1.9408
6820,1.8532
6821,1.8801
6822,1.8892
6823,1.8527
6824,1.8511
6825,1.8856
6826,1.9765
6827,1.6704
6828,1.8272
6829,1.9188
6830,1.7459
6831,1.8766
6832,1.8591
6833,1.687
6834,1.7971
6835,2.1364
6836,1.769
6837,1.8099
6838,1.6678
6839,1.6996
6840,1.6575
6841,1.8165
6842,2.1024
6843,1.8164
6844,1.9084
6845,1.832
6846,1.9399
6847,1.8917
6848,1.8429
6849,1.8101
6850,1.8109
6851,1.9807
6852,1.8758
6853,1.816
6854,1.7694
6855,1.798
6856,1.8726
6857,1.8722
6858,1.9323
6859,1.9833
6860,1.9439
6861,1.8391
6862,1.8141
6863,1.6592
6864,1.8746
6865,1.873
6866,1.9255
6867,2.0616
6868,1.8926
6869,1.8257
6870,1.8015
6871,1.7857
6872,1.8901
6873,1.9369
6874,1.9038
6875,1.9643
6876,1.8605
6877,1.7795
6878,1.7639
6879,1.8048
6880,1.8337
6881,1.7349
6882,1.7356
6883,2.2109
6884,1.8805
6885,1.8596
6886,1.8454
6887,1.9117
6888,1.9325
6889,1.9127
6890,1.8943
6891,1.8594
6892,1.8199
6893,1.8456
6894,1.8412
6895,1.8883
6896,1.8992
6897,1.9035
6898,1.917
6899,2.1735
6900,1.9026
6901,1.937
6902,1.9012
6903,1.9693
6904,1.8729
6905,1.9661
6906,1.9095
6907,1.8669
6908,1.8041
6909,1.9048
6910,2.0964
6911,1.8547
6912,1.8543
6913,2.0446
6914,1.9343
6915,2.0597
6916,1.8333
6917,1.7962
6918,1.863
6919,1.9653
6920,1.8111
6921,1.7812
6922,1.8331
6923,1.7438
6924,1.8275
6925,1.9129
6926,1.8435
6927,1.8843
6928,1.9586
6929,1.8445
6930,2.0074
6931,2.0957
6932,2.0543
6933,1.9458
6934,2.077
6935,1.9691
6936,1.994
6937,2.0347
6938,2.0223
6939,1.9446
6940,1.8741
6941,2.0265
6942,1.9351
6943,1.9951
6944,1.9949
6945,1.9897
6946,1.9038
6947,2.1937
6948,1.98
6949,1.8108
6950,1.8211
6951,1.8619
6952,1.8344
6953,1.7509
6954,1.8292
6955,1.9265
6956,1.9288
6957,1.8634
6958,1.7081
6959,1.8586
6960,1.9655
6961,1.9307
6962,1.7132
6963,2.2138
6964,1.8948
6965,1.8991
6966,1.9686
6967,1.9217
6968,1.889
6969,1.851
6970,1.8216
6971,1.673
6972,1.9574
6973,2.0107
6974,1.9527
6975,2.0005
6976,1.9194
6977,1.85
6978,1.8008
6979,2.0945
6980,1.8012
6981,1.937
6982,1.7973
6983,1.863
6984,1.8137
6985,1.7371
6986,1.8629
6987,1.7846
6988,1.8403
6989,2.1024
6990,2.0956
6991,2.0505
6992,1.9988
6993,1.9448
6994,1.9149
6995,2.1876
6996,1.9842
6997,1.8295
6998,1.8309
6999,1.992
7000,1.9489
7001,1.9001
7002,1.9039
7003,1.9386
7004,1.8628
7005,1.93
7006,1.8947
7007,1.8633
7008,1.7851
7009,1.9674
7010,1.8485
7011,2.1887
7012,1.8535
7013,1.8862
7014,2.0322
7015,1.9643
7016,2.0309
7017,1.9217
7018,1.9518
7019,1.835
7020,1.8797
7021,1.7592
7022,1.9007
7023,1.9801
7024,1.8705
7025,1.8626
7026,1.7489
7027,2.3111
7028,1.9416
7029,1.9094
7030,1.7686
7031,1.9323
7032,1.8646
7033,1.7816
7034,2.029
7035,1.8601
7036,2.03
7037,2.0054
7038,2.014
7039,1.9744
7040,2.0057
7041,2.1008
7042,1.998
7043,2.3243
7044,2.0417
7045,1.918
7046,1.7987
7047,1.7485
7048,1.9499
7049,1.9237
7050,1.7572
7051,1.9139
7052,1.8001
7053,1.7897
7054,1.9189
7055,1.8695
7056,1.8868
7057,1.8223
7058,1.8947
7059,2.1146
7060,1.8095
7061,1.823
7062,1.8745
7063,1.7781
7064,1.846
7065,1.9871
7066,1.978
7067,1.7682
7068,1.8091
7069,1.598
7070,1.9449
7071,1.9603
7072,2.32
7073,1.9222
7074,1.9084
7075,2.1112
7076,1.8589
7077,1.9248
7078,1.9652
7079,1.935
7080,1.9602
7081,1.8902
7082,1.7143
7083,1.839
7084,1.7906
7085,1.9412
7086,1.8832
7087,1.6562
7088,1.6524
7089,1.8478
7090,1.8915
7091,1.9306
7092,1.8406
7093,1.7612
7094,1.9651
7095,1.9542
7096,1.9312
7097,1.9993
7098,1.9176
7099,1.9244
7100,1.7307
7101,2.0623
7102,1.9885
7103,1.9734
7104,2.0246
7105,2.0807
7106,1.9534
7107,2.1436
7108,1.8859
7109,1.9606
7110,2.048
7111,1.9515
7112,1.8325
7113,1.9568
7114,2.0029
7115,1.872
7116,1.8463
7117,1.9516
7118,1.9729
7119,1.876
7120,1.8378
7121,1.9692
7122,1.9123
7123,1.9728
7124,1.9713
7125,1.8121
7126,2.0729
7127,2.0497
7128,2.0815
7129,1.9297
7130,1.6873
7131,1.7221
7132,1.7416
7133,1.8128
7134,1.9161
7135,1.8455
7136,1.82
7137,1.8268
7138,1.7043
7139,2.0667
7140,1.8164
7141,1.8823
7142,1.7722
7143,2.1143
7144,1.9202
7145,2.0732
7146,1.8735
7147,1.9192
7148,1.9266
7149,2.0031
7150,1.9344
7151,1.9887
7152,1.9368
7153,1.7126
7154,1.9532
7155,1.9131
7156,1.7803
7157,1.8523
7158,1.8358
7159,1.7863
7160,1.7714
7161,1.8784
7162,1.9815
7163,2.0489
7164,1.9944
7165,1.9186
7166,1.8863
7167,1.9445
7168,1.9201
7169,1.8665
7170,1.6814
7171,1.9199
7172,1.8127
7173,1.948
7174,1.9434
7175,1.7387
7176,1.85
7177,1.8684
7178,1.7863
7179,1.9173
7180,1.9912
7181,1.8925
7182,1.8977
7183,1.9982
7184,1.9299
7185,1.8272
7186,1.8159
7187,1.9998
7188,1.6764
7189,1.9208
7190,2.0025
7191,1.9715
7192,2.0629
7193,1.9626
7194,1.7808
7195,1.8445
7196,1.8005
7197,1.8451
7198,1.8639
7199,1.7644
7200,1.9185
7201,1.8281
7202,1.9476
7203,2.1511
7204,1.9179
7205,1.8432
7206,1.8997
7207,1.8798
7208,1.8933
7209,1.8517
7210,1.9103
7211,1.9199
7212,1.9079
7213,2.014
7214,1.7709
7215,1.8799
7216,1.9697
7217,1.8636
7218,1.8134
7219,2.1471
7220,1.8466
7221,1.8767
7222,1.9374
7223,2.0182
7224,1.9919
7225,1.9545
7226,1.8366
7227,1.8344
7228,1.7957
7229,1.8282
7230,1.869
7231,1.8238
7232,1.9793
7233,1.9854
7234,1.991
7235,2.2535
7236,1.8513
7237,2.0299
7238,1.8738
7239,1.9967
7240,1.9615
7241,1.8767
7242,1.8913
7243,1.8103
7244,1.718
7245,1.8252
7246,1.881
7247,1.8701
7248,1.7779
7249,1.8582
7250,1.8418
7251,2.1555
7252,1.8149
7253,1.8579
7254,1.8788
7255,2.0322
7256,1.9277
7257,1.9778
7258,1.9816
7259,2.0396
7260,1.7879
7261,1.8632
7262,1.8732
7263,2.1002
7264,2.0172
7265,1.8646
7266,1.8892
7267,2.1329
7268,1.9575
7269,1.8265
7270,1.9097
7271,1.9453
7272,1.9717
7273,1.8753
7274,1.9515
7275,2.0329
7276,2.141
7277,1.9309
7278,1.9623
7279,1.8759
7280,2.0302
7281,2.0225
7282,1.8884
7283,2.1536
7284,2.203
7285,1.8712
7286,1.9535
7287,1.9075
7288,1.9855
7289,1.77
7290,1.8863
7291,1.9013
7292,1.8945
7293,1.8458
7294,1.8548
7295,1.9036
7296,1.9601
7297,1.9024
7298,1.97
7299,2.0459
7300,1.8862
7301,1.8079
7302,1.8443
7303,1.8691
7304,1.9139
7305,1.9109
7306,1.9445
7307,1.9622
7308,2.0418
7309,1.8927
7310,2.0414
7311,2.0747
7312,1.946
7313,2.0772
7314,2.1039
7315,2.2135
7316,2.0929
7317,1.9218
7318,1.9384
7319,1.9546
7320,1.8431
7321,1.9728
7322,1.9084
7323,1.8711
7324,2.0368
7325,1.9671
7326,1.9917
7327,2.0077
7328,1.9345
7329,1.9326
7330,1.8585
7331,2.0955
7332,1.8101
7333,1.8448
7334,1.8
7335,1.8546
7336,1.8209
7337,1.9634
7338,1.909
7339,1.7155
7340,1.953
7341,1.7996
7342,1.9385
7343,1.8962
7344,1.9128
7345,1.8703
7346,2.0227
7347,2.1445
7348,1.8851
7349,1.9767
7350,1.9523
7351,1.9964
7352,2.1671
7353,1.949
7354,1.924
7355,1.9131
7356,1.9955
7357,1.8668
7358,1.7689
7359,1.8794
7360,1.8645
7361,1.8632
7362,1.9499
7363,2.1692
7364,1.914
7365,1.9002
7366,1.7828
7367,1.9883
7368,1.8426
7369,1.8151
7370,1.9988
7371,1.8488
7372,1.8313
7373,1.8367
7374,1.9265
7375,1.9851
7376,1.9595
7377,1.9652
7378,1.9514
7379,1.9714
7380,1.8647
7381,1.8607
7382,1.764
7383,1.6882
7384,1.7014
7385,1.8015
7386,1.7974
7387,1.9892
7388,1.9799
7389,1.8163
7390,1.8605
7391,1.9397
7392,1.9403
7393,1.9554
7394,2.0437
7395,2.2298
7396,2.0288
7397,2.0401
7398,1.8695
7399,1.9138
7400,1.8412
7401,1.8694
7402,1.7239
7403,1.8338
7404,1.8363
7405,1.861
7406,2.0245
7407,1.802
7408,1.9861
7409,1.7173
7410,1.7424
7411,2.0155
7412,1.8039
7413,1.8851
7414,1.9125
7415,2.0236
7416,1.9847
7417,1.8497
7418,1.8277
7419,1.7366
7420,1.7713
7421,1.6983
7422,1.8217
7423,1.8344
7424,1.9408
7425,1.8165
7426,1.8853
7427,1.9513
7428,1.9445
7429,1.9765
7430,1.7294
7431,1.8218
7432,1.6953
7433,1.7644
7434,1.9632
7435,1.806
7436,1.8014
7437,1.834
7438,1.7134
7439,1.8316
7440,1.9063
7441,2.1666
7442,1.954
7443,2.1092
7444,2.0017
7445,1.961
7446,1.9575
7447,1.9607
7448,1.9312
7449,1.9011
7450,1.9369
7451,1.7796
7452,1.7743
7453,1.6633
7454,1.7964
7455,1.9156
7456,1.673
7457,1.7601
7458,1.8854
7459,2.1178
7460,1.7792
7461,1.8469
7462,1.8914
7463,1.6931
7464,1.8556
7465,1.8211
7466,1.8855
7467,1.9398
7468,1.8149
7469,1.6012
7470,1.6676
7471,1.9173
7472,1.9022
7473,1.9744
7474,1.8234
7475,2.1309
7476,1.7468
7477,1.729
7478,1.7282
7479,1.9294
7480,1.9541
7481,1.951
7482,1.691
7483,1.7826
7484,1.7612
7485,1.767
7486,1.9991
7487,1.9966
7488,1.8927
7489,1.6447
7490,1.7448
7491,1.8552
7492,1.7516
7493,1.7217
7494,1.8192
7495,1.7881
7496,1.7514
7497,1.8723
7498,1.8031
7499,1.871
7500,1.5957
7501,1.8817
7502,1.8222
7503,1.5542
7504,1.8955
7505,1.8263
7506,1.8931
7507,2.1187
7508,1.6412
7509,1.8313
7510,1.7667
7511,1.7287
7512,1.8896
7513,2.0251
7514,1.797
7515,1.6712
7516,1.702
7517,1.9354
7518,1.8272
7519,1.8718
7520,1.6392
7521,1.8193
7522,1.7435
7523,2.1112
7524,1.6898
7525,1.8148
7526,1.7787
7527,1.6673
7528,1.664
7529,1.6526
7530,1.6611
7531,1.8237
7532,1.7095
7533,1.7096
7534,1.7548
7535,1.8848
7536,1.7992
7537,1.7557
7538,1.773
7539,1.7877
7540,1.7385
7541,1.7368
7542,1.8259
7543,1.8142
7544,1.8508
7545,1.8669
7546,1.92
7547,1.8495
7548,1.8169
7549,1.7077
7550,1.9998
7551,1.9281
7552,1.9173
7553,1.7131
7554,1.6808
7555,1.9612
7556,1.5926
7557,1.8908
7558,1.9552
7559,1.9707
7560,1.7537
7561,1.7994
7562,1.7581
7563,1.8183
7564,1.9144
7565,1.7718
7566,1.9104
7567,1.8266
7568,1.6967
7569,1.8361
7570,1.9441
7571,2.0812
7572,1.7789
7573,1.7861
7574,1.8539
7575,1.8161
7576,1.9835
7577,2.0998
7578,2.1593
7579,1.741
7580,1.8272
7581,1.829
7582,1.6757
7583,1.7754
7584,1.686
7585,1.7456
7586,1.7628
7587,2.0352
7588,1.8748
7589,1.5527
7590,1.8229
7591,1.7366
7592,1.6327
7593,1.8525
7594,1.6442
7595,1.6557
7596,1.671
7597,1.9928
7598,1.8569
7599,1.9584
7600,1.7869
7601,1.8071
7602,1.8197
7603,1.84
7604,1.705
7605,1.8928
7606,1.8967
7607,1.8541
7608,1.8108
7609,1.7482
7610,1.9698
7611,1.8314
7612,1.9073
7613,1.877
7614,1.837
7615,1.9224
7616,1.7031
7617,1.8137
7618,1.8386
7619,2.0679
7620,1.8322
7621,1.8077
7622,1.6733
7623,1.78
7624,1.851
7625,1.7413
7626,1.8697
7627,1.7161
7628,1.6848
7629,1.6921
7630,1.7924
7631,1.8125
7632,1.8255
7633,1.7442
7634,1.6881
7635,1.9742
7636,1.7321
7637,1.9116
7638,2.098
7639,1.9307
7640,1.939
7641,1.986
7642,2.1431
7643,1.8054
7644,1.9607
7645,2.0235
7646,2.0509
7647,2.0086
7648,1.8822
7649,1.8975
7650,1.8542
7651,2.0715
7652,1.7516
7653,1.7938
7654,1.7249
7655,2.0475
7656,1.7943
7657,1.9395
7658,1.8403
7659,1.7766
7660,1.8619
7661,1.6645
7662,1.8659
7663,1.709
7664,1.8335
7665,1.8462
7666,1.7986
7667,2.0969
7668,1.7946
7669,2.0253
7670,1.8196
7671,1.6079
7672,1.9087
7673,1.6779
7674,1.7564
7675,1.8566
7676,1.9022
7677,1.7695
7678,1.7218
7679,1.9047
7680,1.6636
7681,1.8173
7682,1.9146
7683,2.2297
7684,1.8964
7685,1.8976
7686,1.7069
7687,1.8709
7688,1.7763
7689,1.8464
7690,1.7585
7691,1.8389
7692,1.7998
7693,1.9083
7694,1.7736
7695,1.8033
7696,1.6696
7697,1.9157
7698,1.912
7699,1.8898
7700,1.9624
7701,1.6778
7702,1.7385
7703,1.8104
7704,1.9273
7705,1.9818
7706,2.0693
7707,1.7994
7708,1.8608
7709,1.9297
7710,1.9066
7711,1.7102
7712,1.7168
7713,1.8581
7714,1.8901
7715,1.8832
7716,1.7448
7717,1.9252
7718,1.7736
7719,1.872
7720,2.1563
7721,2.0015
7722,1.7891
7723,1.8869
7724,1.8893
7725,1.815
7726,1.7258
7727,1.9546
7728,1.8506
7729,2.0119
7730,1.8359
7731,2.0116
7732,2.0181
7733,1.9203
7734,1.9233
7735,1.9275
7736,1.6936
7737,1.6234
7738,1.7598
7739,1.7235
7740,1.7758
7741,1.8906
7742,1.8557
7743,1.9117
7744,1.896
7745,1.7641
7746,1.7967
7747,2.0278
7748,1.8024
7749,1.9017
7750,2.0964
7751,1.9806
7752,1.9943
7753,1.9042
7754,1.6275
7755,1.7278
7756,1.7585
7757,1.7167
7758,2.026
7759,1.9475
7760,1.7194
7761,1.7035
7762,1.7678
7763,2.0668
7764,1.8096
7765,1.8688
7766,1.9394
7767,2.0184
7768,1.9318
7769,2.059
7770,1.9198
7771,2.0473
7772,1.9256
7773,1.8185
7774,1.7318
7775,1.6762
7776,1.8489
7777,1.9813
7778,1.743
7779,2.1015
7780,1.7174
7781,1.854
7782,1.8261
7783,2.1524
7784,1.8266
7785,1.8807
7786,1.9867
7787,1.8796
7788,1.9509
7789,1.9655
7790,1.7393
7791,1.765
7792,1.7087
7793,1.9753
7794,1.8751
7795,2.1663
7796,1.8677
7797,2.0157
7798,1.8444
7799,1.9383
7800,1.6726
7801,1.8051
7802,1.8001
7803,1.8046
7804,1.7212
7805,1.6782
7806,1.8279
7807,1.9281
7808,1.7935
7809,1.7873
7810,1.7542
7811,2.079
7812,1.8709
7813,1.9192
7814,1.5749
7815,1.7139
7816,1.8077
7817,1.7897
7818,1.8318
7819,2.0587
7820,1.6678
7821,1.8633
7822,1.7827
7823,1.7217
7824,2.0434
7825,1.946
7826,1.6492
7827,2.1312
7828,1.7611
7829,1.9119
7830,1.8311
7831,1.7309
7832,1.8082
7833,1.7376
7834,1.8565
7835,1.7076
7836,1.7221
7837,1.8313
7838,1.71
7839,1.8472
7840,1.7003
7841,2.0075
7842,2.0229
7843,2.0656
7844,1.6957
7845,1.7044
7846,1.718
7847,1.8796
7848,1.9001
7849,1.8402
7850,1.8385
7851,1.795
7852,1.8052
7853,2.0492
7854,1.8904
7855,1.965
7856,1.988
7857,1.6982
7858,2.0836
7859,2.1709
7860,2.0236
7861,1.8367
7862,1.7895
7863,1.7986
7864,1.7849
7865,1.7425
7866,1.8744
7867,1.9114
7868,2.0343
7869,1.7989
7870,1.9626
7871,1.7803
7872,1.7578
7873,1.7473
7874,1.9196
7875,2.0722
7876,1.8334
7877,1.8965
7878,1.6907
7879,1.6508
7880,1.6124
7881,1.833
7882,1.7374
7883,1.6975
7884,2.0416
7885,1.7509
7886,1.8255
7887,1.8097
7888,1.8221
7889,1.8546
7890,1.9767
7891,2.1944
7892,1.8986
7893,2.0894
7894,1.9589
7895,1.9297
7896,2.0382
7897,2.0701
7898,2.0003
7899,1.8426
7900,2.0367
7901,2.1233
7902,1.9193
7903,1.9275
7904,1.9062
7905,2.0766
7906,2.015
7907,2.189
7908,2.0046
7909,1.9395
7910,1.8732
7911,1.848
7912,2.1227
7913,1.8975
7914,1.9891
7915,2.0073
7916,2.0649
7917,2.0611
7918,1.9587
7919,1.6971
7920,1.8984
7921,2.0461
7922,1.8809
7923,2.2633
7924,2.0559
7925,2.06
7926,2.0041
7927,2.0369
7928,2.0223
7929,2.0205
7930,2.0313
7931,2.0366
7932,2.0054
7933,1.9982
7934,2.0302
7935,1.9619
7936,2.0038
7937,1.8875
7938,1.9177
7939,2.1438
7940,2.0004
7941,1.949
7942,2.0147
7943,1.9552
7944,1.8964
7945,1.9997
7946,2.0546
7947,1.8734
7948,1.9388
7949,1.8373
7950,1.7941
7951,1.7948
7952,1.8771
7953,1.9015
7954,1.7977
7955,2.1472
7956,1.9011
7957,1.8976
7958,1.6876
7959,1.8463
7960,1.6935
7961,1.885
7962,1.9366
7963,1.8098
7964,1.7938
7965,1.8667
7966,1.8348
7967,1.823
7968,1.8047
7969,1.8129
7970,1.8276
7971,2.0763
7972,1.932
7973,1.7863
7974,1.8503
7975,1.878
7976,1.8397
7977,1.9619
7978,2.0856
7979,1.9554
7980,1.9667
7981,1.8617
7982,1.6569
7983,1.8361
7984,1.853
7985,1.8598
7986,1.9726
7987,2.1188
7988,1.9031
7989,1.9594
7990,1.8763
7991,1.826
7992,1.7971
7993,1.8471
7994,1.7352
7995,1.922
7996,1.8765
7997,1.9836
7998,1.9417
7999,1.7487
8000,1.8519
8001,1.9049
8002,1.7944
8003,2.1067
8004,1.8802
8005,1.6441
8006,1.7181
8007,1.7659
8008,1.8742
8009,1.8787
8010,1.9515
8011,1.9544
8012,1.8616
8013,1.7995
8014,1.7816
8015,1.7736
8016,1.7579
8017,2.0396
8018,1.7981
8019,1.8991
8020,1.8367
8021,1.7232
8022,1.8826
8023,1.9164
8024,1.7891
8025,1.8403
8026,1.8679
8027,1.8926
8028,1.999
8029,1.8198
8030,1.8085
8031,1.9183
8032,1.79
8033,1.8851
8034,1.7149
8035,2.1474
8036,1.8293
8037,1.8028
8038,1.7928
8039,1.8576
8040,1.9681
8041,1.7508
8042,1.7908
8043,1.8263
8044,1.7572
8045,1.9331
8046,1.7412
8047,1.9164
8048,1.8129
8049,1.8088
8050,1.8509
8051,1.9716
8052,1.8759
8053,1.6978
8054,1.8399
8055,1.5957
8056,1.9202
8057,1.955
8058,1.7826
8059,1.8882
8060,1.8677
8061,1.8785
8062,1.8974
8063,1.7939
8064,1.6633
8065,1.8378
8066,1.7776
8067,1.9474
8068,1.8145
8069,1.7687
8070,1.8167
8071,1.883
8072,1.8456
8073,1.8977
8074,1.8237
8075,1.9401
8076,1.6366
8077,1.8996
8078,1.8271
8079,1.8842
8080,1.8204
8081,2.0762
8082,1.9667
8083,2.0215
8084,1.878
8085,2.0047
8086,1.8945
8087,1.9175
8088,1.8799
8089,1.8631
8090,1.7867
8091,1.7927
8092,1.8067
8093,2.0899
8094,1.9792
8095,2.0664
8096,1.881
8097,1.9506
8098,1.8648
8099,2.0868
8100,1.9581
8101,1.7632
8102,1.8774
8103,1.7498
8104,1.78
8105,1.8965
8106,1.9417
8107,1.9497
8108,2.1129
8109,2.1274
8110,1.9128
8111,2.0541
8112,1.9706
8113,1.9835
8114,1.9839
8115,2.2174
8116,1.9869
8117,1.8713
8118,1.8679
8119,2.0921
8120,2.0312
8121,1.9298
8122,1.9195
8123,1.9869
8124,1.9181
8125,1.9533
8126,1.7069
8127,1.7958
8128,1.6712
8129,1.9498
8130,1.8851
8131,2.0564
8132,1.809
8133,1.8892
8134,1.9222
8135,1.8588
8136,1.7439
8137,1.9504
8138,1.8456
8139,1.88
8140,1.8729
8141,1.7047
8142,1.7911
8143,1.7638
8144,1.9383
8145,1.7626
8146,1.6012
8147,2.0381
8148,1.8503
8149,1.8948
8150,1.9256
8151,2.0058
8152,2.0434
8153,1.7674
8154,1.8916
8155,1.7701
8156,1.7904
8157,1.7855
8158,1.6827
8159,1.7926
8160,1.8272
8161,1.8817
8162,1.8006
8163,2.2057
8164,1.9332
8165,1.9519
8166,2.0156
8167,1.8805
8168,1.9322
8169,1.8814
8170,1.9746
8171,1.9128
8172,1.7949
8173,1.9291
8174,1.7548
8175,1.7985
8176,1.9518
8177,1.865
8178,1.9879
8179,2.1089
8180,1.9616
8181,1.8407
8182,1.9447
8183,1.9151
8184,1.7122
8185,1.5657
8186,1.9432
8187,1.7032
8188,1.6991
8189,1.7561
8190,1.7185
8191,1.7891
8192,1.651
8193,1.5894
8194,1.8397
8195,1.9579
8196,1.6727
8197,1.6689
8198,1.5927
8199,1.7277
8200,1.6324
8201,1.7547
8202,1.7118
8203,1.6151
8204,1.5717
8205,1.6797
8206,1.6246
8207,1.5657
8208,1.7037
8209,1.7309
8210,1.8867
8211,2.0478
8212,1.8242
8213,1.6743
8214,1.7477
8215,1.9674
8216,1.9408
8217,1.9544
8218,1.7791
8219,2.2229
8220,1.9582
8221,2.0347
8222,2.0586
8223,1.8939
8224,1.8845
8225,1.9979
8226,2.0257
8227,2.2873
8228,1.9745
8229,1.8835
8230,1.9649
8231,1.8734
8232,2.0301
8233,1.7162
8234,1.7398
8235,1.8192
8236,1.8206
8237,1.874
8238,1.8494
8239,1.7438
8240,1.8055
8241,1.8237
8242,1.7523
8243,1.9985
8244,1.8138
8245,1.8782
8246,1.8377
8247,1.7076
8248,1.9855
8249,1.9234
8250,1.9397
8251,1.9737
8252,1.8472
8253,1.8403
8254,1.9208
8255,1.9231
8256,1.9842
8257,1.9941
8258,1.8341
8259,2.1896
8260,1.9719
8261,1.8398
8262,1.8977
8263,1.8866
8264,1.8762
8265,1.9321
8266,2.0078
8267,1.8053
8268,1.6522
8269,1.8353
8270,1.8826
8271,1.9251
8272,1.8876
8273,1.707
8274,1.653
8275,2.047
8276,1.8774
8277,1.8367
8278,1.7602
8279,1.6836
8280,1.7621
8281,1.7373
8282,1.8163
8283,1.8363
8284,1.7253
8285,1.887
8286,1.7333
8287,1.7113
8288,1.823
8289,1.8052
8290,1.7277
8291,1.9501
8292,1.7788
8293,1.9384
8294,1.9951
8295,1.8222
8296,1.7887
8297,1.7063
8298,1.9177
8299,1.9974
8300,2.0154
8301,1.9855
8302,1.6844
8303,1.5289
8304,1.7593
8305,1.8554
8306,1.6742
8307,1.852
8308,1.6207
8309,1.6813
8310,1.7049
8311,1.759
8312,1.8963
8313,1.9266
8314,1.8754
8315,1.7995
8316,1.8341
8317,1.754
8318,1.879
8319,1.7234
8320,1.8652
8321,1.9719
8322,1.829
8323,2.1754
8324,1.65
8325,1.5966
8326,1.7618
8327,1.83
8328,1.8279
8329,1.6098
8330,1.8892
8331,1.8476
8332,1.6977
8333,1.7364
8334,1.8109
8335,1.953
8336,1.9117
8337,1.9433
8338,1.8797
8339,1.826
8340,1.7976
8341,1.8045
8342,1.8695
8343,1.8425
8344,1.9024
8345,1.7491
8346,1.6786
8347,1.644
8348,1.9055
8349,1.8315
8350,1.7704
8351,1.7885
8352,1.7676
8353,2.38
8354,1.8625
8355,2.0418
8356,1.764
8357,1.9389
8358,1.9598
8359,2.0142
8360,2.1316
8361,1.645
8362,1.7604
8363,1.9698
8364,1.8323
8365,1.8338
8366,1.7709
8367,1.9
8368,1.9844
8369,2.0301
8370,1.9121
8371,2.0952
8372,1.7823
8373,1.8013
8374,1.8455
8375,1.8368
8376,1.7658
8377,1.8605
8378,1.8126
8379,1.8582
8380,1.8623
8381,1.8842
8382,1.8062
8383,1.9056
8384,1.8711
8385,1.6874
8386,1.8772
8387,2.1685
8388,1.8686
8389,1.7553
8390,1.8015
8391,2.0675
8392,1.9918
8393,2.1433
8394,1.8567
8395,2.0744
8396,1.6348
8397,1.7679
8398,1.8167
8399,1.9606
8400,1.9174
8401,1.977
8402,1.891
8403,2.1143
8404,1.956
8405,1.836
8406,2.0462
8407,1.9683
8408,1.8401
8409,2.0967
8410,2.0136
8411,2.0964
8412,1.7066
8413,1.8224
8414,1.8517
8415,1.9685
8416,1.8253
8417,1.949
8418,1.9177
8419,2.2373
8420,1.9704
8421,1.8645
8422,1.767
8423,2.1047
8424,1.944
8425,1.8953
8426,1.7907
8427,2.0504
8428,2.0531
8429,1.8654
8430,1.899
8431,1.8042
8432,2.0222
8433,1.884
8434,1.9008
8435,2.0959
8436,1.8098
8437,1.8041
8438,1.839
8439,1.917
8440,1.8158
8441,1.8352
8442,1.8766
8443,1.8847
8444,1.8952
8445,1.9161
8446,1.9382
8447,2.0179
8448,2.0562
8449,1.9497
8450,1.9582
8451,2.0159
8452,1.8752
8453,1.7796
8454,1.7857
8455,1.8432
8456,1.9486
8457,1.8618
8458,1.984
8459,1.9261
8460,1.9061
8461,1.9563
8462,1.6807
8463,1.7053
8464,1.9014
8465,1.9236
8466,1.8835
8467,1.9861
8468,1.9787
8469,1.9684
8470,1.892
8471,1.7696
8472,1.857
8473,1.8196
8474,1.9368
8475,1.8708
8476,1.9112
8477,1.9848
8478,1.9296
8479,2.0198
8480,1.9493
8481,1.8016
8482,1.9248
8483,2.2205
8484,1.8258
8485,1.8846
8486,1.8948
8487,1.7867
8488,1.9042
8489,1.9057
8490,1.9217
8491,1.9014
8492,1.9198
8493,1.7788
8494,1.8388
8495,1.8832
8496,1.7722
8497,2.0308
8498,1.9176
8499,1.9457
8500,1.9813
8501,2.1624
8502,1.9254
8503,1.8551
8504,1.7573
8505,1.704
8506,1.7857
8507,1.8465
8508,1.949
8509,1.9799
8510,1.7347
8511,2.1507
8512,1.9984
8513,2.0991
8514,1.8691
8515,2.1452
8516,2.1469
8517,1.9798
8518,1.9953
8519,2.2362
8520,1.9155
8521,1.9138
8522,1.9338
8523,2.0462
8524,2.0318
8525,2.0226
8526,2.0053
8527,2.108
8528,2.0089
8529,1.9586
8530,1.8448
8531,2.2824
8532,2.0691
8533,1.9864
8534,1.9259
8535,1.9363
8536,1.8787
8537,1.8892
8538,1.977
8539,2.0424
8540,1.9873
8541,1.9901
8542,2.02
8543,2.0183
8544,1.926
8545,2.0108
8546,2.08
8547,2.2222
8548,1.9063
8549,1.7942
8550,1.9013
8551,1.977
8552,1.9542
8553,1.9395
8554,1.7405
8555,1.6934
8556,1.6354
8557,2.0317
8558,1.9428
8559,2.0918
8560,2.1299
8561,1.8872
8562,1.8655
8563,2.0044
8564,1.9381
8565,1.9775
8566,1.898
8567,1.922
8568,1.7593
8569,1.8334
8570,1.7928
8571,1.8669
8572,2.0643
8573,1.9399
8574,2.0628
8575,1.932
8576,1.9997
8577,2.0365
8578,1.7961
8579,2.0697
8580,1.7162
8581,1.815
8582,1.8747
8583,1.7217
8584,1.9226
8585,1.9202
8586,1.8927
8587,1.5532
8588,1.6936
8589,1.8181
8590,2.0353
8591,1.9434
8592,1.8497
8593,1.8687
8594,1.9126
8595,2.1025
8596,1.7063
8597,1.8311
8598,1.9141
8599,1.8942
8600,2.039
8601,1.6479
8602,1.8672
8603,1.7824
8604,1.9706
8605,1.8567
8606,1.9916
8607,1.7962
8608,1.9108
8609,1.8253
8610,1.8767
8611,2.1571
8612,1.9346
8613,1.902
8614,1.9157
8615,1.7952
8616,1.7213
8617,2.0983
8618,2.1061
8619,2.1812
8620,1.9401
8621,1.8887
8622,2.0306
8623,1.8744
8624,2.0137
8625,2.0404
8626,1.9536
8627,2.2306
8628,1.7395
8629,1.954
8630,2.1127
8631,1.9705
8632,1.8966
8633,2.0738
8634,2.0473
8635,1.736
8636,1.9303
8637,1.9065
8638,1.834
8639,1.8207
8640,1.9
8641,1.7654
8642,1.8785
8643,2.06
8644,1.9122
8645,1.8722
8646,1.8014
8647,1.7313
8648,1.6919
8649,1.7949
8650,1.7113
8651,1.9032
8652,1.8093
8653,1.8731
8654,1.8098
8655,1.988
8656,1.9629
8657,1.9849
8658,1.9068
8659,2.0206
8660,1.7551
8661,1.8693
8662,1.8594
8663,1.717
8664,1.8848
8665,1.9915
8666,1.8681
8667,1.8702
8668,1.8836
8669,1.8581
8670,1.9489
8671,1.8186
8672,1.8494
8673,1.7511
8674,1.8364
8675,2.3801
8676,2.005
8677,1.9867
8678,1.9372
8679,1.9629
8680,1.9187
8681,1.9509
8682,1.8093
8683,1.7347
8684,1.8506
8685,1.8971
8686,1.9373
8687,1.8616
8688,1.967
8689,1.7229
8690,1.8154
8691,2.1632
8692,1.9077
8693,1.8071
8694,1.7933
8695,1.8707
8696,1.976
8697,1.8766
8698,1.941
8699,1.754
8700,1.8196
8701,1.6482
8702,1.7305
8703,1.9082
8704,1.8747
8705,1.8783
8706,1.7671
8707,1.9467
8708,1.9563
8709,1.8018
8710,1.7617
8711,1.8351
8712,1.7306
8713,1.8374
8714,1.93
8715,1.9889
8716,1.7267
8717,1.9328
8718,2.0556
8719,2.0908
8720,1.9191
8721,1.8628
8722,1.9154
8723,2.2291
8724,1.8462
8725,1.7912
8726,1.8342
8727,1.8739
8728,1.8079
8729,2.0081
8730,1.8179
8731,1.7143
8732,1.5787
8733,1.9006
8734,1.9266
8735,1.9978
8736,1.9352
8737,1.9775
8738,1.5442
8739,2.0623
8740,1.733
8741,1.746
8742,2.0218
8743,1.9185
8744,1.8633
8745,1.7956
8746,1.7365
8747,1.8251
8748,1.8068
8749,1.859
8750,1.681
8751,1.8156
8752,1.6915
8753,1.7885
8754,1.6701
8755,1.9033
8756,1.8125
8757,1.9352
8758,1.8152
8759,1.8835
8760,1.8209
8761,1.8757
8762,1.8421
8763,1.8176
8764,1.8961
8765,1.9928
8766,1.9532
8767,1.946
8768,1.9852
8769,1.9001
8770,1.8829
8771,2.1598
8772,1.7376
8773,1.7622
8774,1.597
8775,1.9983
8776,1.9422
8777,1.9071
8778,1.9374
8779,1.7178
8780,1.5959
8781,1.7548
8782,1.857
8783,1.8679
8784,1.7076
8785,1.7374
8786,1.8644
8787,2.1271
8788,1.9109
8789,1.9505
8790,1.8758
8791,1.8417
8792,1.8099
8793,1.7489
8794,1.8752
8795,1.8141
8796,1.9346
8797,1.7492
8798,1.8789
8799,1.8075
8800,1.7994
8801,1.855
8802,1.9945
8803,1.9883
8804,1.9321
8805,1.9162
8806,1.7478
8807,1.7841
8808,1.8463
8809,1.9174
8810,1.9705
8811,1.8902
8812,1.963
8813,1.9535
8814,1.8057
8815,1.9048
8816,1.7429
8817,1.8764
8818,1.8667
8819,2.0972
8820,1.8882
8821,1.9542
8822,1.9551
8823,2.047
8824,1.9145
8825,1.9479
8826,1.8108
8827,1.8343
8828,1.7779
8829,1.8208
8830,1.812
8831,1.9497
8832,1.6117
8833,1.7643
8834,1.758
8835,2.0762
8836,1.7103
8837,1.741
8838,1.8562
8839,1.7776
8840,1.8298
8841,1.8417
8842,1.9314
8843,1.8642
8844,1.7433
8845,1.9148
8846,1.87
8847,1.7403
8848,2.0672
8849,1.8416
8850,2.1021
8851,2.1249
8852,1.7605
8853,1.9127
8854,2.1637
8855,2.0837
8856,2.0623
8857,1.8265
8858,1.8427
8859,1.8723
8860,1.8971
8861,1.817
8862,1.9225
8863,1.9217
8864,1.9024
8865,1.889
8866,1.9522
8867,2.1525
8868,2.035
8869,1.7417
8870,2.0674
8871,2.1621
8872,2.0404
8873,2.0113
8874,1.899
8875,1.8474
8876,1.7712
8877,1.8232
8878,1.8638
8879,1.8282
8880,1.7417
8881,2.0227
8882,1.9185
8883,2.1702
8884,1.9212
8885,2.0573
8886,1.9347
8887,1.8746
8888,2.0486
8889,1.8298
8890,2.1565
8891,2.0453
8892,1.9318
8893,1.7809
8894,1.8308
8895,1.9511
8896,1.8397
8897,1.7278
8898,1.914
8899,2.1492
8900,1.9083
8901,1.7897
8902,1.9499
8903,1.9425
8904,1.7633
8905,1.8317
8906,1.8916
8907,1.8467
8908,1.9189
8909,1.8351
8910,1.8091
8911,1.861
8912,1.8245
8913,1.6501
8914,1.6795
8915,2.157
8916,2.0079
8917,2.0136
8918,1.7343
8919,1.7521
8920,1.8849
8921,1.7964
8922,1.9263
8923,1.9483
8924,1.9199
8925,1.8557
8926,1.7892
8927,1.7958
8928,1.7613
8929,1.7624
8930,2.1105
8931,2.2088
8932,1.8887
8933,1.9014
8934,1.9848
8935,1.8016
8936,1.7127
8937,1.8203
8938,1.6942
8939,2.0231
8940,1.9467
8941,2.0668
8942,1.9194
8943,1.6638
8944,1.637
8945,1.8381
8946,1.8824
8947,2.0794
8948,1.8552
8949,1.6847
8950,1.8672
8951,1.7841
8952,1.7865
8953,1.8669
8954,2.0289
8955,2.0386
8956,2.0171
8957,1.9975
8958,1.9361
8959,1.9522
8960,2.1249
8961,1.9783
8962,2.0988
8963,2.1673
8964,1.9063
8965,1.7877
8966,1.8583
8967,2.059
8968,1.9487
8969,1.8816
8970,1.6176
8971,1.8619
8972,1.682
8973,1.9203
8974,1.8252
8975,1.6924
8976,1.6569
8977,1.9488
8978,1.9092
8979,2.1065
8980,1.8613
8981,1.8149
8982,1.6676
8983,1.7445
8984,1.8243
8985,2.0201
8986,2.0384
8987,1.861
8988,1.9951
8989,1.8952
8990,1.8275
8991,1.909
8992,1.7873
8993,1.74
8994,1.628
8995,2.3214
8996,1.9857
8997,2.0016
8998,1.8931
8999,1.7383
9000,1.9196
9001,1.7699
9002,1.7506
9003,1.6491
9004,1.8112
9005,1.8529
9006,1.8676
9007,1.684
9008,1.8575
9009,1.9363
9010,1.8352
9011,2.1364
9012,1.81
9013,1.8186
9014,1.8111
9015,1.8757
9016,1.737
9017,1.8572
9018,1.8167
9019,1.6488
9020,1.7981
9021,1.9493
9022,1.9078
9023,1.9416
9024,2.076
9025,2.0109
9026,1.966
9027,2.1506
9028,2.1939
9029,1.9412
9030,1.9719
9031,2.0687
9032,1.9473
9033,1.9438
9034,1.8297
9035,1.8674
9036,1.7426
9037,1.6184
9038,1.6799
9039,1.8225
9040,1.9478
9041,1.893
9042,1.7951
9043,2.06
9044,1.8234
9045,1.9012
9046,2.0937
9047,1.9549
9048,2.0292
9049,1.8358
9050,1.9918
9051,1.904
9052,1.6556
9053,1.9787
9054,1.9746
9055,2.0209
9056,1.8908
9057,2.0796
9058,2.0509
9059,2.3313
9060,2.2015
9061,1.8658
9062,1.9964
9063,2.0031
9064,1.9698
9065,1.9758
9066,1.8194
9067,1.8881
9068,1.8792
9069,1.9866
9070,1.9608
9071,1.76
9072,2.11
9073,1.9709
9074,1.7015
9075,2.0093
9076,1.9975
9077,1.9629
9078,1.9605
9079,2.0033
9080,1.9975
9081,1.7766
9082,1.6586
9083,1.8071
9084,1.9022
9085,1.9667
9086,1.7931
9087,1.8448
9088,1.7559
9089,1.7319
9090,1.915
9091,2.0894
9092,1.8701
9093,1.8644
9094,2.0219
9095,1.977
9096,1.956
9097,1.9729
9098,2.0258
9099,2.0288
9100,1.9808
9101,1.9989
9102,1.9133
9103,1.7326
9104,1.9639
9105,1.831
9106,1.8547
9107,2.1136
9108,1.8932
9109,1.8503
9110,1.8945
9111,1.9357
9112,1.9151
9113,1.9192
9114,1.7752
9115,1.8351
9116,1.6934
9117,1.7082
9118,1.7172
9119,1.8049
9120,1.7979
9121,1.8253
9122,2.1175
9123,2.1549
9124,2.0673
9125,2.0069
9126,1.9543
9127,2.0246
9128,1.952
9129,1.8911
9130,1.7116
9131,2.0234
9132,2.0519
9133,1.8687
9134,1.925
9135,2.0018
9136,1.8501
9137,1.7518
9138,1.7211
9139,2.0283
9140,1.7642
9141,1.917
9142,1.7062
9143,1.8752
9144,1.7861
9145,1.9191
9146,1.787
9147,2.0139
9148,1.8612
9149,1.953
9150,1.7605
9151,1.8243
9152,1.6615
9153,1.8999
9154,1.7341
9155,2.0718
9156,2.0922
9157,1.9938
9158,2.0339
9159,2.1041
9160,1.9482
9161,2.0837
9162,2.1184
9163,1.9572
9164,1.9718
9165,2.0136
9166,2.0219
9167,2.0408
9168,2.097
9169,2.0151
9170,1.8773
9171,2.1897
9172,2.0141
9173,1.9337
9174,1.8816
9175,2.0027
9176,2.0589
9177,1.9869
9178,1.9666
9179,2.0282
9180,1.953
9181,1.9364
9182,1.9693
9183,2.0526
9184,2.0655
9185,1.951
9186,1.9414
9187,2.0428
9188,1.7492
9189,1.8281
9190,1.9961
9191,1.8777
9192,1.8599
9193,1.9598
9194,1.8523
9195,1.9049
9196,1.9226
9197,2.0378
9198,1.952
9199,1.9178
9200,2.064
9201,2.0569
9202,1.9959
9203,2.0022
9204,1.8058
9205,1.9344
9206,1.9439
9207,1.8536
9208,1.858
9209,1.9411
9210,1.8472
9211,1.7788
9212,1.8362
9213,1.9416
9214,1.9688
9215,2.0275
9216,1.9707
9217,2.0049
9218,1.8502
9219,2.2392
9220,2.0957
9221,1.9729
9222,1.9839
9223,2.0933
9224,2.1206
9225,1.994
9226,2.0637
9227,1.8082
9228,1.9985
9229,1.8485
9230,2.0179
9231,1.9705
9232,2.0263
9233,2.1037
9234,1.8329
9235,2.0151
9236,1.9276
9237,1.9851
9238,1.9805
9239,1.8493
9240,1.7656
9241,1.8947
9242,1.8254
9243,1.8745
9244,1.8493
9245,2.0156
9246,1.8597
9247,1.8307
9248,1.9045
9249,1.8883
9250,1.8983
9251,2.0616
9252,1.95
9253,1.9136
9254,1.9217
9255,1.9482
9256,2.12
9257,1.8909
9258,2.0091
9259,2.1013
9260,1.8029
9261,1.8377
9262,1.9138
9263,1.9526
9264,1.8654
9265,1.8176
9266,1.871
9267,2.1443
9268,1.8969
9269,1.8241
9270,1.8949
9271,1.881
9272,2.0124
9273,1.9124
9274,1.9095
9275,2.0475
9276,1.7479
9277,2.0726
9278,1.8697
9279,1.8386
9280,1.8839
9281,1.8509
9282,1.6291
9283,2.1371
9284,1.909
9285,2.0941
9286,2.0005
9287,1.9582
9288,1.9278
9289,1.8297
9290,1.8123
9291,1.8999
9292,1.8313
9293,2.0187
9294,1.8971
9295,1.8971
9296,1.9412
9297,1.9923
9298,1.9045
9299,2.0865
9300,1.8957
9301,1.9352
9302,1.9787
9303,1.9811
9304,1.7268
9305,1.7361
9306,1.843
9307,1.8621
9308,1.9647
9309,1.8673
9310,1.9188
9311,1.9559
9312,1.8783
9313,1.8003
9314,1.8447
9315,2.1125
9316,1.8516
9317,1.8795
9318,1.9206
9319,1.9356
9320,1.9696
9321,1.8374
9322,1.9063
9323,2.1212
9324,2.098
9325,1.9928
9326,1.9487
9327,2.0124
9328,1.9994
9329,1.9115
9330,1.7665
9331,2.0343
9332,1.8779
9333,1.8376
9334,1.8801
9335,2.0329
9336,1.9213
9337,1.9693
9338,2.0517
9339,1.954
9340,1.9591
9341,2.016
9342,2.0081
9343,2.1115
9344,1.9282
9345,2.0497
9346,1.9444
9347,2.2507
9348,2.0015
9349,1.71
9350,1.9174
9351,2.0298
9352,2.0716
9353,1.8545
9354,2.0274
9355,1.9812
9356,2.1082
9357,1.9609
9358,1.8933
9359,1.9706
9360,2.0499
9361,1.9499
9362,1.9873
9363,2.3066
9364,1.9011
9365,1.8147
9366,1.8312
9367,1.679
9368,1.8312
9369,1.8514
9370,1.7836
9371,1.9116
9372,1.9538
9373,2.0777
9374,1.9697
9375,1.9472
9376,1.877
9377,1.8318
9378,1.8763
9379,2.1203
9380,1.9218
9381,1.8854
9382,1.8234
9383,1.7976
9384,1.9499
9385,1.8217
9386,1.8129
9387,1.8525
9388,1.8444
9389,1.7747
9390,1.7763
9391,1.9448
9392,1.9897
9393,1.8889
9394,1.8984
9395,2.2154
9396,1.8574
9397,1.8146
9398,1.8116
9399,1.6382
9400,1.9722
9401,2.0214
9402,2.0581
9403,1.889
9404,1.8958
9405,1.7705
9406,1.8423
9407,1.9246
9408,1.8686
9409,2.0146
9410,1.8685
9411,1.9768
9412,2.2989
9413,1.8437
9414,1.7595
9415,1.9972
9416,1.8003
9417,1.94
9418,1.8234
9419,1.8513
9420,1.8705
9421,1.7884
9422,1.8939
9423,1.8684
9424,1.8547
9425,1.8277
9426,1.9108
9427,2.139
9428,1.6982
9429,1.7647
9430,1.8152
9431,1.843
9432,2.0572
9433,1.9105
9434,1.9752
9435,2.0877
9436,2.0547
9437,1.6679
9438,1.9185
9439,2.0332
9440,1.7606
9441,1.9049
9442,2.0132
9443,2.2895
9444,1.9937
9445,1.9042
9446,1.9595
9447,1.9577
9448,1.9184
9449,1.9636
9450,1.9853
9451,1.9292
9452,1.9626
9453,2.0246
9454,2.0058
9455,1.9122
9456,1.859
9457,1.8821
9458,1.8195
9459,2.2016
9460,1.8474
9461,1.7689
9462,1.8194
9463,1.8552
9464,1.8389
9465,1.9306
9466,1.6495
9467,2.0382
9468,1.9567
9469,1.9559
9470,1.884
9471,1.975
9472,1.9458
9473,1.9131
9474,1.9665
9475,2.3104
9476,1.9804
9477,1.8694
9478,1.8913
9479,1.9329
9480,1.7838
9481,2.103
9482,1.9453
9483,2.0624
9484,1.9026
9485,1.9509
9486,2.0775
9487,2.0172
9488,2.094
9489,2.0026
9490,1.7974
9491,2.0911
9492,1.8647
9493,1.7916
9494,1.8879
9495,1.7724
9496,1.7775
9497,1.858
9498,2.0147
9499,1.7531
9500,1.7378
9501,1.8661
9502,1.8657
9503,1.8588
9504,1.8956
9505,2.0178
9506,1.9833
9507,2.0274
9508,1.8852
9509,1.8939
9510,1.7111
9511,1.9205
9512,1.8894
9513,1.8637
9514,1.8827
9515,1.8842
9516,1.9287
9517,1.9063
9518,2.0361
9519,2.1112
9520,1.9548
9521,1.9601
9522,1.9671
9523,2.0224
9524,1.9204
9525,2.0355
9526,2.0338
9527,1.7202
9528,1.8822
9529,1.8805
9530,1.7975
9531,1.86
9532,1.9118
9533,1.9412
9534,1.9441
9535,1.8612
9536,1.8433
9537,1.9356
9538,1.7701
9539,2.1305
9540,1.7887
9541,1.7974
9542,1.9476
9543,1.9507
9544,1.8155
9545,1.8441
9546,1.8659
9547,1.8698
9548,1.8547
9549,1.8197
9550,1.8444
9551,1.7354
9552,1.7167
9553,1.7878
9554,1.891
9555,2.1012
9556,1.9184
9557,1.9813
9558,1.887
9559,1.9777
9560,2.0031
9561,1.9743
9562,2.0178
9563,2.0548
9564,1.8351
9565,1.6722
9566,1.7202
9567,1.8275
9568,1.9974
9569,1.8967
9570,1.9277
9571,2.1501
9572,1.7534
9573,1.748
9574,1.8661
9575,1.7059
9576,1.9068
9577,1.9942
9578,1.9476
9579,1.84
9580,1.8315
9581,1.7607
9582,1.7792
9583,1.9181
9584,1.8811
9585,1.9474
9586,1.8867
9587,1.9739
9588,1.8799
9589,1.8706
9590,1.8618
9591,1.7961
9592,1.8976
9593,1.837
9594,1.9749
9595,2.0088
9596,2.1152
9597,1.8418
9598,1.8838
9599,1.7998
9600,1.8926
9601,1.8823
9602,1.6578
9603,1.8927
9604,1.8658
9605,1.7774
9606,1.8126
9607,1.7943
9608,1.8342
9609,1.8537
9610,1.8827
9611,1.7516
9612,1.7782
9613,1.6311
9614,1.9767
9615,1.8746
9616,1.9119
9617,1.7486
9618,1.8066
9619,2.117
9620,1.8408
9621,1.9469
9622,1.7737
9623,1.9146
9624,2.0388
9625,1.8654
9626,1.7726
9627,1.8047
9628,1.814
9629,1.7245
9630,1.9547
9631,1.8854
9632,1.8115
9633,1.8717
9634,1.8605
9635,1.9295
9636,1.789
9637,1.855
9638,1.9795
9639,1.886
9640,1.8332
9641,1.9015
9642,1.9209
9643,1.8703
9644,1.9148
9645,1.7702
9646,1.9342
9647,1.9658
9648,1.8529
9649,1.8293
9650,1.9022
9651,2.025
9652,1.8631
9653,1.7486
9654,1.8688
9655,1.9382
9656,1.9983
9657,1.8825
9658,1.7353
9659,1.8117
9660,1.6499
9661,1.8174
9662,1.8745
9663,1.7175
9664,1.6288
9665,1.827
9666,1.898
9667,2.0945
9668,1.739
9669,1.8621
9670,1.8673
9671,1.7594
9672,1.8421
9673,1.8727
9674,1.8706
9675,1.7472
9676,1.8045
9677,1.8714
9678,1.8188
9679,1.5959
9680,1.8133
9681,1.8122
9682,1.9005
9683,2.0461
9684,1.8047
9685,1.9931
9686,1.8572
9687,1.7922
9688,1.7716
9689,1.5812
9690,1.9818
9691,1.7013
9692,1.9685
9693,1.8215
9694,1.8295
9695,1.8729
9696,1.6856
9697,1.7247
9698,1.7812
9699,2.0801
9700,1.9752
9701,1.7106
9702,1.8244
9703,1.8893
9704,1.9448
9705,1.664
9706,1.7573
9707,1.8338
9708,1.8169
9709,1.9233
9710,1.8463
9711,1.8119
9712,1.8773
9713,1.76
9714,1.8936
9715,1.991
9716,1.9541
9717,1.9048
9718,1.9747
9719,2.0319
9720,1.9685
9721,1.9961
9722,2.0453
9723,1.9457
9724,2.0288
9725,1.9622
9726,2.0077
9727,2.0022
9728,1.9582
9729,1.7305
9730,1.8422
9731,2.1809
9732,1.859
9733,1.895
9734,1.7029
9735,1.9819
9736,1.8839
9737,1.9979
9738,1.9239
9739,2.0129
9740,1.9132
9741,1.8403
9742,1.8718
9743,1.9567
9744,1.9107
9745,1.8434
9746,1.9051
9747,2.0821
9748,1.826
9749,1.8246
9750,1.8169
9751,1.8812
9752,1.8602
9753,1.8556
9754,1.834
9755,1.9256
9756,1.8634
9757,1.9596
9758,1.8346
9759,1.5926
9760,1.7491
9761,1.5985
9762,1.788
9763,2.139
9764,1.8744
9765,1.7852
9766,1.7871
9767,1.7179
9768,1.7889
9769,1.9469
9770,1.7465
9771,1.8984
9772,1.9031
9773,1.953
9774,1.9763
9775,2.0909
9776,1.866
9777,2.0778
9778,2.0643
9779,2.2067
9780,1.9517
9781,2.016
9782,1.9314
9783,1.9954
9784,1.9853
9785,1.9328
9786,2.1185
9787,1.9335
9788,1.8695
9789,1.9007
9790,2.0578
9791,2.0497
9792,1.9338
9793,1.9927
9794,1.8719
9795,2.3611
9796,2.0232
9797,1.8851
9798,1.7707
9799,2.0079
9800,1.8556
9801,2.0118
9802,2.1693
9803,1.9977
9804,2.0357
9805,1.9352
9806,1.8854
9807,2.051
9808,2.1483
9809,2.047
9810,1.9601
9811,2.2189
9812,1.9135
9813,1.8664
9814,1.7364
9815,2.0034
9816,2.0289
9817,1.94
9818,1.8505
9819,1.7381
9820,1.9245
9821,1.8424
9822,1.8175
9823,1.9074
9824,1.9822
9825,2.01
9826,2.0043
9827,2.1439
9828,1.7697
9829,1.9944
9830,1.9803
9831,1.7145
9832,1.7652
9833,1.8532
9834,1.8501
9835,1.9023
9836,1.9341
9837,1.8169
9838,1.8041
9839,1.9206
9840,1.8787
9841,1.8719
9842,1.8554
9843,2.0841
9844,1.8554
9845,1.9091
9846,1.8251
9847,1.7076
9848,1.9104
9849,1.7899
9850,1.6791
9851,1.7804
9852,1.7531
9853,1.6656
9854,1.9346
9855,1.858
9856,1.9644
9857,1.7239
9858,1.6863
9859,1.9584
9860,1.8295
9861,1.9942
9862,1.9125
9863,2.048
9864,2.089
9865,1.912
9866,2.0063
9867,1.9426
9868,2.0953
9869,1.9487
9870,1.8182
9871,1.9932
9872,1.8411
9873,1.9
9874,1.9105
9875,2.2766
9876,1.7071
9877,1.9721
9878,1.7304
9879,1.7185
9880,2.0554
9881,1.7686
9882,1.7508
9883,1.8114
9884,1.7921
9885,1.9612
9886,1.8576
9887,2.1195
9888,1.9608
9889,1.6651
9890,1.6453
9891,2.0004
9892,1.8041
9893,1.8991
9894,1.7756
9895,1.862
9896,1.6434
9897,1.6736
9898,1.6865
9899,1.9003
9900,1.8192
9901,1.653
9902,1.7989
9903,1.7789
9904,1.6921
9905,1.7421
9906,1.9467
9907,2.039
9908,1.7997
9909,1.9298
9910,1.9562
9911,1.6642
9912,1.7209
9913,1.7032
9914,1.8132
9915,1.7573
9916,1.7963
9917,1.5881
9918,1.8003
9919,1.6869
9920,1.7177
9921,1.8874
9922,1.8157
9923,2.0704
9924,1.6773
9925,1.6791
9926,1.719
9927,1.7646
9928,1.7398
9929,1.7444
9930,2.1019
9931,1.8102
9932,1.6435
9933,1.8314
9934,1.7659
9935,1.835
9936,1.6417
9937,1.7734
9938,1.8259
9939,1.9493
9940,1.6305
9941,1.824
9942,1.7396
9943,1.8566
9944,1.7526
9945,1.8795
9946,1.8752
9947,1.7226
9948,1.6525
9949,1.7102
9950,1.7936
9951,2.1152
9952,1.8318
9953,1.9978
9954,2.1398
9955,2.1852
9956,2.0924
9957,1.9111
9958,1.9277
9959,1.885
9960,1.9433
9961,1.8944
9962,1.9858
9963,1.9376
9964,1.829
9965,1.8265
9966,1.7745
9967,1.8762
9968,1.858
9969,1.9799
9970,1.7442
9971,2.1264
9972,1.7429
9973,1.7562
9974,1.6574
9975,1.8193
9976,1.8572
9977,1.8461
9978,1.9433
9979,2.0527
9980,1.9432
9981,1.934
9982,1.9211
9983,1.9026
9984,1.9129
9985,1.8901
9986,2.0012
9987,2.274
9988,1.7857
9989,1.8961
9990,2.0906
9991,2.0489
9992,1.9235
9993,1.8776
9994,2.0926
9995,1.9382
9996,2.0372
9997,1.8822
9998,2.0921
9999,1.9923
10000,1.978
