Query_ID,Latency_ms
1,2.6979
2,2.492
3,2.5286
4,2.3924
5,2.6069
6,2.6285
7,2.6278
8,2.5305
9,2.7485
10,2.6705
11,3.0123
12,2.7137
13,2.7194
14,2.6102
15,2.5105
16,2.7419
17,2.8322
18,2.644
19,2.7112
20,2.6341
21,2.5589
22,2.5547
23,2.7531
24,2.7174
25,2.5899
26,2.5965
27,2.6432
28,2.5032
29,2.5529
30,2.3466
31,2.6385
32,2.6361
33,2.4504
34,2.9252
35,2.8052
36,2.6477
37,2.6556
38,2.6352
39,2.748
40,2.6613
41,2.6463
42,2.4409
43,2.6321
44,2.7052
45,2.5205
46,2.4439
47,2.6731
48,2.6367
49,2.514
50,2.5639
51,2.5812
52,2.6789
53,2.7691
54,2.6145
55,2.3724
56,2.4871
57,2.9011
58,2.6029
59,2.6505
60,2.4285
61,2.5214
62,2.5128
63,2.3177
64,2.4695
65,2.4014
66,2.432
67,2.6002
68,2.4947
69,2.5466
70,2.7053
71,2.2848
72,2.3912
73,2.4071
74,2.8571
75,2.6374
76,2.4956
77,2.6229
78,2.6316
79,2.6182
80,2.716
81,2.6269
82,2.6275
83,2.7319
84,2.5308
85,2.5494
86,2.4705
87,2.5376
88,2.4975
89,2.5147
90,2.6515
91,2.504
92,2.5322
93,2.5386
94,2.4771
95,2.4049
96,2.6568
97,2.6619
98,2.5997
99,2.3534
100,2.5037
101,2.6081
102,2.4765
103,2.9617
104,2.6844
105,2.5642
106,2.7415
107,2.4604
108,2.3578
109,2.4888
110,2.7341
111,2.4249
112,2.7504
113,2.5898
114,2.7048
115,2.6374
116,2.6194
117,2.2897
118,2.5552
119,2.6532
120,2.7346
121,2.5655
122,2.576
123,2.5385
124,2.5654
125,2.4544
126,2.7669
127,2.6526
128,2.6564
129,2.5921
130,2.3399
131,2.4258
132,2.789
133,2.6946
134,2.5606
135,2.5908
136,2.6979
137,2.6598
138,2.5017
139,2.5282
140,2.646
141,2.4354
142,2.4503
143,2.5328
144,2.4821
145,2.6991
146,2.7186
147,2.6124
148,2.5785
149,2.7714
150,2.5716
151,2.6784
152,2.5077
153,2.5107
154,2.6534
155,2.597
156,2.7067
157,2.4703
158,2.6942
159,2.6953
160,2.6585
161,2.5592
162,2.6802
163,2.6877
164,2.5873
165,2.4112
166,2.4945
167,2.6675
168,2.7228
169,2.573
170,2.5577
171,2.5707
172,2.8714
173,2.6509
174,2.5062
175,2.4032
176,2.7018
177,2.6672
178,2.8175
179,2.6208
180,2.5717
181,2.6033
182,2.7542
183,2.5733
184,2.6198
185,2.6338
186,2.3446
187,2.6576
188,2.5602
189,2.562
190,2.5871
191,2.3972
192,2.6386
193,2.6349
194,2.5111
195,2.7839
196,2.5081
197,2.6756
198,2.6535
199,2.4576
200,2.4594
201,2.5449
202,2.6672
203,2.6938
204,2.5467
205,2.496
206,2.4698
207,2.2613
208,2.5202
209,2.4515
210,2.3532
211,2.8881
212,2.6728
213,2.5252
214,2.5038
215,2.6913
216,2.6121
217,2.6362
218,2.8195
219,2.7766
220,2.5823
221,2.5986
222,2.4025
223,2.4847
224,2.5897
225,2.689
226,2.8701
227,2.8429
228,2.6516
229,2.6327
230,2.6528
231,2.5089
232,2.3983
233,2.7649
234,2.6702
235,2.6367
236,2.5112
237,2.5295
238,2.6011
239,2.7036
240,2.6364
241,2.7741
242,2.6215
243,2.8268
244,2.4549
245,2.4906
246,2.6311
247,2.6734
248,2.5749
249,2.6055
250,2.5407
251,2.673
252,2.5489
253,2.6587
254,2.5105
255,2.5229
256,2.471
257,2.6612
258,2.6153
259,2.8769
260,2.6119
261,2.5875
262,2.4865
263,2.6352
264,2.6457
265,2.7463
266,2.47
267,2.5084
268,2.7187
269,2.535
270,2.582
271,2.58
272,2.7179
273,2.6784
274,2.5844
275,2.6925
276,2.6614
277,2.6239
278,2.6648
279,2.8362
280,2.5706
281,2.8263
282,2.6514
283,2.7116
284,2.5894
285,2.4878
286,2.7036
287,2.7737
288,2.625
289,2.6299
290,2.7058
291,2.7062
292,2.6693
293,2.5678
294,2.5402
295,2.4931
296,2.4617
297,2.7194
298,2.6839
299,2.6739
300,2.6855
301,2.6028
302,2.5475
303,2.7996
304,2.5899
305,2.6162
306,2.7005
307,2.5491
308,2.7819
309,2.6317
310,2.7668
311,2.597
312,2.5374
313,2.7351
314,2.6615
315,2.7476
316,2.6205
317,2.6003
318,2.5523
319,2.5987
320,2.4387
321,2.6415
322,2.5358
323,2.6374
324,2.552
325,2.4962
326,2.621
327,2.5252
328,2.5981
329,2.6917
330,2.5993
331,2.4474
332,2.5815
333,2.7825
334,2.6731
335,2.5731
336,2.517
337,2.8272
338,2.6326
339,2.4604
340,2.785
341,2.7726
342,2.658
343,2.7298
344,2.7474
345,2.6907
346,2.6271
347,2.5146
348,2.687
349,2.7642
350,2.778
351,2.7619
352,2.6286
353,2.4612
354,2.6466
355,2.6192
356,2.8207
357,2.5535
358,2.5626
359,2.7371
360,2.6041
361,2.6832
362,2.6106
363,2.6193
364,2.512
365,2.8111
366,2.5385
367,2.8388
368,2.7974
369,2.8084
370,2.784
371,2.7597
372,2.8157
373,2.6813
374,2.5326
375,2.4823
376,2.642
377,2.6031
378,2.5696
379,2.9601
380,2.5891
381,2.7325
382,2.7137
383,2.5313
384,2.5167
385,2.5317
386,2.5192
387,2.6108
388,2.6745
389,2.5943
390,2.5967
391,2.7442
392,2.6031
393,2.6163
394,2.654
395,2.5209
396,2.6294
397,2.466
398,2.4631
399,2.7452
400,2.7092
401,2.7445
402,3.1062
403,2.7055
404,2.5312
405,2.4244
406,2.6565
407,2.7181
408,2.9709
409,2.5746
410,2.6992
411,2.4496
412,2.585
413,2.6785
414,2.7012
415,2.6724
416,2.6629
417,2.6978
418,2.514
419,2.7267
420,2.7755
421,2.6411
422,2.526
423,2.7053
424,2.7327
425,3.0245
426,2.7053
427,2.7558
428,2.6478
429,2.5461
430,2.7304
431,2.5002
432,2.7361
433,2.6692
434,2.6292
435,2.6398
436,2.6484
437,2.6123
438,2.4776
439,2.4519
440,2.7581
441,2.5983
442,2.6113
443,2.418
444,2.6962
445,2.4831
446,2.6631
447,2.6482
448,3.025
449,2.4979
450,2.5886
451,2.6697
452,2.6815
453,2.6007
454,2.6975
455,2.4999
456,2.7116
457,2.6857
458,2.4941
459,2.6184
460,2.7354
461,2.7395
462,2.4527
463,2.3261
464,2.4311
465,2.6295
466,2.6471
467,2.6191
468,2.5672
469,2.5944
470,2.6334
471,2.9159
472,2.5669
473,2.8135
474,2.5434
475,2.417
476,2.5905
477,2.5658
478,2.6002
479,2.4483
480,2.4791
481,2.4584
482,2.623
483,2.4454
484,2.5777
485,2.4756
486,2.4989
487,2.5575
488,2.4866
489,2.5382
490,2.5617
491,2.5064
492,2.515
493,2.4728
494,2.7719
495,2.5398
496,2.6437
497,2.6138
498,2.7214
499,2.4335
500,2.6589
501,2.5388
502,2.4234
503,2.6553
504,2.6648
505,2.502
506,2.5417
507,2.6314
508,2.547
509,2.7938
510,2.5717
511,2.4401
512,2.7181
513,2.7043
514,2.5442
515,2.41
516,2.6707
517,2.8578
518,2.3626
519,2.4379
520,2.5062
521,2.4574
522,2.4644
523,2.4993
524,2.5551
525,2.4569
526,2.5898
527,2.5884
528,2.4329
529,2.4918
530,2.5484
531,2.3637
532,2.5235
533,2.455
534,2.5874
535,2.6135
536,2.59
537,2.64
538,2.5256
539,2.6391
540,2.8271
541,2.6169
542,2.448
543,2.5652
544,2.4479
545,2.7131
546,2.6311
547,2.4788
548,2.5475
549,2.6072
550,2.671
551,2.5395
552,2.7951
553,2.6055
554,2.5676
555,2.5092
556,2.5237
557,2.6198
558,2.5765
559,2.5331
560,2.5684
561,2.5976
562,2.6743
563,2.9284
564,2.5977
565,2.4798
566,2.5583
567,2.6246
568,2.6301
569,2.7533
570,2.4351
571,2.7825
572,2.6428
573,2.6341
574,2.6341
575,2.598
576,2.7975
577,2.5431
578,2.5086
579,2.5878
580,2.4673
581,2.6987
582,2.51
583,2.4887
584,2.3976
585,2.7586
586,2.7619
587,2.5335
588,2.5954
589,2.5551
590,2.5471
591,2.7086
592,2.5293
593,2.5489
594,2.579
595,2.5049
596,2.5405
597,2.7461
598,2.6855
599,2.4963
600,2.4818
601,2.433
602,2.7519
603,2.7832
604,2.5955
605,2.5749
606,2.6977
607,2.7252
608,2.6571
609,2.8944
610,2.6337
611,2.7754
612,2.7447
613,2.653
614,2.4838
615,2.6493
616,2.3997
617,2.5782
618,2.4879
619,2.7329
620,2.5834
621,2.532
622,2.6227
623,2.6735
624,2.5419
625,2.3624
626,2.4145
627,2.4201
628,2.6226
629,2.3378
630,2.444
631,2.4841
632,2.5524
633,2.4435
634,2.4237
635,2.3693
636,2.3172
637,2.3308
638,2.5148
639,2.6425
640,2.5844
641,2.6103
642,2.3919
643,2.3801
644,2.45
645,2.5788
646,2.6358
647,2.4835
648,2.4888
649,2.4808
650,2.5706
651,2.6242
652,2.2939
653,2.437
654,2.5211
655,2.7433
656,2.723
657,2.5538
658,2.5741
659,2.3004
660,2.424
661,2.2336
662,2.5516
663,2.5404
664,2.518
665,2.6312
666,2.7627
667,2.8254
668,2.5391
669,2.6543
670,2.6732
671,2.6025
672,2.5877
673,2.5649
674,2.6107
675,2.3648
676,2.5373
677,2.5737
678,2.7551
679,2.3497
680,2.5766
681,2.5969
682,2.4869
683,2.6828
684,2.6645
685,2.6379
686,2.6711
687,2.4986
688,2.6252
689,2.5668
690,2.4168
691,2.335
692,2.6085
693,2.5648
694,2.6847
695,2.463
696,2.4993
697,2.4147
698,2.3977
699,2.4748
700,2.425
701,2.7148
702,2.6562
703,2.6406
704,2.6454
705,2.4811
706,2.6882
707,2.5656
708,2.5397
709,2.5187
710,2.5559
711,2.5252
712,2.6784
713,2.7151
714,2.6662
715,2.6317
716,2.6525
717,2.4156
718,2.7891
719,2.5794
720,2.5175
721,2.5109
722,2.5666
723,2.6666
724,3.0057
725,2.692
726,2.4441
727,2.6144
728,2.4684
729,2.7151
730,2.7529
731,2.5134
732,2.6886
733,2.564
734,2.4936
735,2.5792
736,2.749
737,2.6954
738,2.5794
739,2.5833
740,2.7358
741,2.5327
742,2.7084
743,2.635
744,2.3829
745,2.6356
746,2.5104
747,2.6483
748,2.5403
749,2.4122
750,2.4501
751,2.5407
752,2.6805
753,2.6255
754,2.5261
755,2.4125
756,2.3733
757,2.5281
758,2.6333
759,2.5802
760,2.5595
761,2.5122
762,2.5661
763,2.4928
764,2.5935
765,2.5117
766,2.5624
767,2.4537
768,2.5291
769,2.4573
770,2.7133
771,2.7492
772,2.6453
773,2.6082
774,2.482
775,2.4468
776,2.466
777,2.4746
778,2.36
779,2.5634
780,2.7063
781,2.6844
782,2.6492
783,2.6545
784,2.692
785,2.4718
786,2.5335
787,2.6399
788,2.7013
789,2.6832
790,2.6764
791,2.5339
792,2.7352
793,2.8388
794,2.7357
795,2.5341
796,2.6001
797,2.6016
798,2.4754
799,2.5625
800,2.6401
801,2.4289
802,2.5654
803,2.7092
804,2.6252
805,2.4902
806,2.4046
807,2.4852
808,2.5571
809,2.6356
810,2.3575
811,2.6007
812,2.7622
813,2.5211
814,2.5167
815,2.1631
816,2.801
817,2.6923
818,2.6462
819,2.5445
820,2.5632
821,2.4435
822,2.4736
823,2.6666
824,2.6933
825,2.6508
826,2.5677
827,2.7245
828,2.6607
829,2.5347
830,2.6786
831,2.6325
832,2.4609
833,2.518
834,2.7705
835,2.5343
836,2.4042
837,2.6713
838,2.5915
839,2.9672
840,2.6227
841,2.5432
842,2.5356
843,2.5914
844,2.4979
845,2.4739
846,2.6749
847,2.6442
848,2.5429
849,2.6573
850,2.6434
851,2.5677
852,2.858
853,2.5951
854,2.5404
855,2.5366
856,2.4988
857,2.4888
858,2.5523
859,2.8273
860,2.603
861,2.6472
862,2.7156
863,2.4667
864,2.623
865,2.7868
866,2.7558
867,2.6633
868,2.8398
869,2.7171
870,2.6395
871,2.4499
872,2.5744
873,2.5231
874,2.6762
875,2.3415
876,2.5332
877,2.6343
878,2.4685
879,2.4305
880,2.6535
881,2.726
882,2.5366
883,2.5949
884,2.6206
885,2.9155
886,2.6236
887,2.5595
888,2.6386
889,2.6508
890,2.7099
891,2.6802
892,2.576
893,2.6264
894,2.6422
895,2.6491
896,2.4725
897,2.7155
898,2.5593
899,2.616
900,2.8977
901,2.6526
902,2.8168
903,2.623
904,2.6195
905,2.7256
906,2.6959
907,2.6073
908,2.9105
909,2.5681
910,2.7234
911,2.6545
912,2.5688
913,2.5571
914,2.5509
915,2.5372
916,2.6195
917,2.6
918,2.3629
919,2.3314
920,2.5684
921,2.6085
922,2.7547
923,2.5432
924,2.6922
925,2.6203
926,2.5552
927,2.572
928,2.6598
929,2.6998
930,2.5205
931,2.8329
932,2.5568
933,2.5326
934,2.591
935,2.592
936,2.4942
937,2.5052
938,2.5481
939,2.536
940,2.6127
941,2.6185
942,2.5429
943,2.5832
944,2.4839
945,2.3896
946,2.4502
947,2.6466
948,2.6611
949,2.8562
950,2.8196
951,2.7937
952,2.6579
953,2.5873
954,2.8605
955,2.5912
956,2.4596
957,2.8443
958,2.6888
959,2.3867
960,2.5806
961,2.4801
962,2.5923
963,2.6128
964,2.4887
965,2.756
966,2.5758
967,2.6185
968,2.5682
969,2.6118
970,2.6316
971,2.5805
972,2.7755
973,2.7258
974,2.6253
975,2.4517
976,2.5697
977,2.914
978,2.5743
979,2.5224
980,2.3087
981,2.5045
982,2.5562
983,2.5186
984,2.571
985,2.7718
986,2.5391
987,2.5885
988,2.3983
989,2.5992
990,2.5526
991,2.5029
992,2.6721
993,2.6262
994,2.5803
995,2.668
996,2.589
997,2.5978
998,2.631
999,2.6068
1000,2.726
1001,2.6206
1002,2.5378
1003,2.5906
1004,2.6296
1005,2.4968
1006,2.4954
1007,2.6253
1008,2.6163
1009,2.5883
1010,2.375
1011,2.6722
1012,2.5737
1013,2.6352
1014,2.6646
1015,2.419
1016,2.5636
1017,2.463
1018,2.618
1019,2.5438
1020,2.5038
1021,2.4939
1022,2.6301
1023,2.8047
1024,2.5752
1025,2.6791
1026,2.6774
1027,2.5752
1028,2.6194
1029,2.671
1030,2.7522
1031,2.5542
1032,2.48
1033,2.5815
1034,2.7234
1035,2.444
1036,2.6329
1037,2.6054
1038,2.6043
1039,2.7196
1040,2.4272
1041,2.6999
1042,2.5802
1043,2.5599
1044,2.706
1045,2.6542
1046,2.8762
1047,2.5343
1048,2.4147
1049,2.5217
1050,2.7504
1051,2.7614
1052,2.6292
1053,2.6453
1054,2.6205
1055,2.4299
1056,2.3889
1057,2.3847
1058,2.5151
1059,2.5773
1060,2.577
1061,2.7237
1062,2.621
1063,2.5009
1064,2.6956
1065,2.5
1066,2.5641
1067,2.5127
1068,2.7093
1069,2.8628
1070,2.5674
1071,2.6629
1072,2.6379
1073,2.6087
1074,2.6818
1075,2.6109
1076,2.628
1077,2.7435
1078,2.5379
1079,2.6253
1080,2.6582
1081,2.748
1082,2.7183
1083,2.4673
1084,2.6083
1085,2.6397
1086,2.591
1087,2.7901
1088,2.5816
1089,2.6591
1090,2.7381
1091,2.4878
1092,2.8311
1093,2.5328
1094,2.5095
1095,2.6769
1096,2.5638
1097,2.5662
1098,2.5
1099,2.3352
1100,2.5528
1101,2.601
1102,2.5653
1103,2.616
1104,2.4114
1105,2.6651
1106,2.6318
1107,2.6764
1108,2.525
1109,2.5226
1110,2.5406
1111,2.4512
1112,2.4884
1113,2.5806
1114,2.5403
1115,2.7011
1116,2.612
1117,2.7783
1118,2.3066
1119,2.4336
1120,2.4522
1121,2.5678
1122,2.727
1123,2.8084
1124,2.7496
1125,2.5357
1126,2.6225
1127,2.5409
1128,2.6231
1129,2.801
1130,2.6618
1131,2.7498
1132,2.5218
1133,2.6587
1134,2.5048
1135,2.727
1136,2.5772
1137,2.4216
1138,2.8819
1139,2.5997
1140,2.4891
1141,2.5554
1142,2.6063
1143,2.5924
1144,2.5624
1145,2.5578
1146,2.6683
1147,2.5506
1148,2.5634
1149,2.4841
1150,2.4345
1151,2.6791
1152,2.6981
1153,2.5103
1154,2.6151
1155,2.5242
1156,2.7132
1157,2.6718
1158,2.5737
1159,2.379
1160,2.5617
1161,2.8646
1162,2.6051
1163,2.7358
1164,2.7874
1165,2.5621
1166,2.4777
1167,2.5349
1168,2.5981
1169,2.4456
1170,2.5768
1171,2.704
1172,2.5982
1173,2.4794
1174,2.6009
1175,2.5225
1176,2.5364
1177,2.6204
1178,2.4574
1179,2.6932
1180,2.6204
1181,2.6721
1182,2.548
1183,2.7159
1184,2.7846
1185,2.6375
1186,2.5564
1187,2.471
1188,2.4456
1189,2.4987
1190,2.6847
1191,2.5127
1192,2.6396
1193,2.6252
1194,2.6011
1195,2.5069
1196,2.4329
1197,2.5054
1198,2.6738
1199,2.684
1200,2.4878
1201,2.5413
1202,2.4134
1203,2.6947
1204,2.6694
1205,2.5976
1206,2.779
1207,2.7509
1208,2.5316
1209,2.5164
1210,2.7091
1211,2.5944
1212,2.5496
1213,2.6397
1214,2.6283
1215,2.3553
1216,2.3614
1217,2.441
1218,2.3883
1219,2.413
1220,2.5673
1221,2.6651
1222,2.6147
1223,2.7863
1224,2.5821
1225,2.6366
1226,2.6422
1227,2.7077
1228,2.6314
1229,2.7169
1230,2.7895
1231,2.4755
1232,2.5718
1233,2.5066
1234,2.5895
1235,2.6216
1236,2.4393
1237,2.4918
1238,2.4954
1239,2.5006
1240,2.5066
1241,2.5231
1242,2.5289
1243,2.5366
1244,2.6628
1245,2.6059
1246,2.374
1247,2.6192
1248,2.7808
1249,2.3947
1250,2.6678
1251,2.7103
1252,2.6019
1253,2.8302
1254,2.6238
1255,2.8197
1256,2.4348
1257,2.6858
1258,2.6967
1259,2.6515
1260,2.7128
1261,2.2879
1262,2.4843
1263,2.6065
1264,2.7417
1265,2.6763
1266,2.7532
1267,2.7239
1268,2.8387
1269,2.4992
1270,2.4777
1271,2.583
1272,2.5262
1273,2.5141
1274,2.5796
1275,2.5572
1276,2.8152
1277,2.5583
1278,2.4792
1279,2.6362
1280,2.6381
1281,2.6585
1282,2.6475
1283,2.599
1284,2.4745
1285,2.5806
1286,2.604
1287,2.5778
1288,2.5591
1289,2.5473
1290,2.7903
1291,2.5477
1292,2.6289
1293,2.5763
1294,2.5977
1295,2.6418
1296,2.5583
1297,2.7051
1298,2.6318
1299,3.0354
1300,2.6037
1301,2.617
1302,2.7152
1303,2.6142
1304,2.7189
1305,2.4644
1306,2.6881
1307,2.577
1308,2.6272
1309,2.4101
1310,2.8088
1311,2.3605
1312,2.6462
1313,2.5874
1314,2.5938
1315,2.738
1316,2.6533
1317,2.3351
1318,2.48
1319,2.6842
1320,2.5843
1321,2.5199
1322,2.8856
1323,2.6876
1324,2.6093
1325,2.6454
1326,2.3501
1327,2.6048
1328,2.6432
1329,2.5703
1330,2.601
1331,2.4902
1332,2.671
1333,2.3831
1334,2.6204
1335,2.5777
1336,2.4421
1337,2.6221
1338,2.4724
1339,2.3293
1340,2.5408
1341,2.4771
1342,2.5627
1343,2.7729
1344,2.7078
1345,2.8551
1346,2.6199
1347,2.5532
1348,2.5806
1349,2.4808
1350,2.636
1351,2.5045
1352,2.5262
1353,2.499
1354,2.5514
1355,2.5703
1356,2.73
1357,2.8273
1358,2.7327
1359,2.7499
1360,2.4295
1361,2.6244
1362,2.4755
1363,2.568
1364,2.5909
1365,2.6898
1366,2.5495
1367,2.4461
1368,2.8553
1369,2.5985
1370,2.5303
1371,2.7867
1372,2.639
1373,2.5221
1374,2.545
1375,2.5662
1376,2.6634
1377,2.6651
1378,2.6336
1379,2.5656
1380,2.6249
1381,2.4819
1382,2.2633
1383,2.6201
1384,2.6712
1385,2.5765
1386,2.7311
1387,2.658
1388,2.7667
1389,2.6242
1390,2.5906
1391,2.8166
1392,2.6387
1393,2.4539
1394,2.6561
1395,2.7858
1396,2.568
1397,2.6713
1398,2.6399
1399,2.3749
1400,2.589
1401,2.529
1402,2.7681
1403,2.4285
1404,2.5756
1405,2.6214
1406,2.57
1407,2.6857
1408,2.8025
1409,2.7222
1410,2.5687
1411,2.58
1412,2.5927
1413,2.5582
1414,2.7789
1415,2.3527
1416,2.3925
1417,2.4818
1418,2.482
1419,2.655
1420,2.7704
1421,2.5932
1422,2.7063
1423,2.4965
1424,2.5003
1425,2.542
1426,2.5553
1427,2.3137
1428,2.5764
1429,2.487
1430,2.6457
1431,2.8403
1432,2.6219
1433,2.604
1434,2.7662
1435,2.5605
1436,2.402
1437,2.7042
1438,2.6527
1439,2.5909
1440,2.3838
1441,2.6529
1442,2.643
1443,2.7043
1444,2.406
1445,2.4659
1446,2.6955
1447,2.553
1448,2.5322
1449,2.4559
1450,2.5172
1451,2.5502
1452,2.5809
1453,2.4428
1454,2.5058
1455,2.6702
1456,2.5565
1457,2.666
1458,2.7475
1459,2.5022
1460,2.9393
1461,2.5463
1462,2.6887
1463,2.5658
1464,2.6886
1465,2.5688
1466,2.6574
1467,2.4318
1468,2.6963
1469,2.4812
1470,2.5626
1471,2.5753
1472,2.4856
1473,2.5744
1474,2.6403
1475,2.7155
1476,2.2715
1477,2.7107
1478,2.5744
1479,2.5127
1480,2.6818
1481,2.4976
1482,2.4951
1483,2.7193
1484,2.6997
1485,2.7184
1486,2.4714
1487,2.5208
1488,2.6025
1489,2.6216
1490,2.5157
1491,2.5434
1492,2.41
1493,2.7636
1494,2.5642
1495,2.6524
1496,2.7449
1497,2.3745
1498,2.6655
1499,2.6391
1500,2.8013
1501,2.6694
1502,2.5852
1503,2.5554
1504,2.573
1505,2.7409
1506,2.9194
1507,2.7294
1508,2.5198
1509,2.6104
1510,2.5264
1511,2.5325
1512,2.6555
1513,2.7142
1514,2.59
1515,2.4468
1516,2.6634
1517,2.4607
1518,2.5548
1519,2.6364
1520,2.7811
1521,2.7246
1522,2.7282
1523,2.5148
1524,2.5261
1525,2.4648
1526,2.7273
1527,2.4615
1528,2.5396
1529,2.9456
1530,2.7408
1531,2.6188
1532,2.4765
1533,2.4837
1534,2.5793
1535,2.5406
1536,2.563
1537,2.6867
1538,2.7783
1539,2.5029
1540,2.6344
1541,2.4894
1542,2.6688
1543,2.5875
1544,2.5883
1545,2.6046
1546,2.5502
1547,2.48
1548,2.534
1549,2.4348
1550,2.6835
1551,2.5677
1552,2.9202
1553,2.6372
1554,2.4744
1555,2.5313
1556,2.5304
1557,2.4584
1558,2.6335
1559,2.5766
1560,2.5897
1561,2.5338
1562,2.5348
1563,2.5913
1564,2.6517
1565,2.5691
1566,2.785
1567,2.7187
1568,2.6557
1569,2.6509
1570,2.5911
1571,2.6043
1572,2.4832
1573,2.8252
1574,2.6858
1575,2.9711
1576,2.6608
1577,2.5447
1578,2.5557
1579,2.6299
1580,2.5781
1581,2.9058
1582,2.6488
1583,2.4983
1584,2.5761
1585,2.5318
1586,2.71
1587,2.5006
1588,2.6093
1589,2.622
1590,2.4728
1591,2.6048
1592,2.6008
1593,2.6082
1594,2.5441
1595,2.5633
1596,2.6296
1597,2.6633
1598,2.8268
1599,2.4755
1600,2.5809
1601,2.682
1602,2.6626
1603,2.5987
1604,2.4652
1605,2.7221
1606,2.735
1607,2.6417
1608,2.8304
1609,2.6971
1610,2.6309
1611,2.4229
1612,2.5975
1613,2.4751
1614,2.4612
1615,2.2755
1616,2.6638
1617,2.7729
1618,2.4705
1619,2.85
1620,2.6701
1621,3.083
1622,2.8334
1623,2.678
1624,2.7312
1625,2.6725
1626,2.543
1627,2.7365
1628,2.7044
1629,2.5713
1630,2.5569
1631,2.6547
1632,2.633
1633,2.68
1634,2.4967
1635,2.596
1636,2.5785
1637,2.6207
1638,2.683
1639,2.796
1640,2.6312
1641,2.5749
1642,2.6744
1643,2.6504
1644,2.913
1645,2.6325
1646,2.8197
1647,2.5121
1648,2.6006
1649,2.5216
1650,2.6672
1651,2.5108
1652,2.6027
1653,2.5365
1654,2.5169
1655,2.4522
1656,2.5556
1657,2.3436
1658,2.7213
1659,2.7135
1660,2.4912
1661,2.5939
1662,2.7717
1663,2.6231
1664,2.6699
1665,2.6632
1666,2.5359
1667,2.8586
1668,2.8033
1669,2.7307
1670,2.5983
1671,2.5053
1672,2.6389
1673,2.7461
1674,2.548
1675,2.5842
1676,2.7236
1677,2.3978
1678,2.6194
1679,2.521
1680,2.6815
1681,2.6263
1682,2.5393
1683,2.4454
1684,2.5097
1685,2.8829
1686,2.5794
1687,2.5924
1688,2.6149
1689,2.635
1690,2.8922
1691,2.6285
1692,2.8351
1693,2.5728
1694,2.7139
1695,2.5618
1696,2.7197
1697,2.5284
1698,2.7957
1699,2.5825
1700,2.6155
1701,2.5413
1702,2.4671
1703,2.517
1704,2.5448
1705,2.8323
1706,2.6317
1707,2.6236
1708,2.6265
1709,2.5971
1710,2.5682
1711,2.4313
1712,2.6944
1713,2.8454
1714,2.8132
1715,2.5512
1716,2.5852
1717,2.6411
1718,2.8227
1719,2.6577
1720,2.6249
1721,2.6273
1722,2.6765
1723,2.3396
1724,2.5293
1725,2.4923
1726,2.628
1727,2.6972
1728,2.6223
1729,2.6288
1730,2.8166
1731,2.7486
1732,2.6263
1733,2.5859
1734,2.8032
1735,2.5906
1736,2.8103
1737,2.5357
1738,2.5864
1739,2.5188
1740,2.583
1741,2.7378
1742,2.6526
1743,2.5233
1744,2.5795
1745,2.5556
1746,2.6719
1747,2.6193
1748,2.5114
1749,2.4606
1750,2.5509
1751,2.4264
1752,2.6142
1753,2.4827
1754,2.6969
1755,2.6758
1756,2.524
1757,2.393
1758,2.5148
1759,2.7516
1760,2.6774
1761,2.4226
1762,2.6062
1763,2.643
1764,2.5041
1765,2.4623
1766,2.4704
1767,2.5052
1768,2.7241
1769,2.5988
1770,2.5472
1771,2.6463
1772,2.6471
1773,2.5687
1774,2.7704
1775,2.7142
1776,2.667
1777,2.7383
1778,2.5749
1779,2.6398
1780,2.6019
1781,2.594
1782,2.9483
1783,2.6269
1784,2.6727
1785,2.7118
1786,2.6722
1787,2.7494
1788,2.5518
1789,2.6741
1790,2.388
1791,2.7096
1792,2.6805
1793,2.6212
1794,2.6027
1795,2.4467
1796,2.6609
1797,2.6004
1798,2.6252
1799,2.3277
1800,2.3445
1801,2.4663
1802,2.5988
1803,2.6465
1804,2.5793
1805,2.9832
1806,2.6189
1807,2.7327
1808,2.6804
1809,2.8229
1810,2.4677
1811,2.5276
1812,2.5905
1813,2.5638
1814,2.5623
1815,2.7479
1816,2.4868
1817,2.6372
1818,2.5715
1819,2.5915
1820,2.6739
1821,2.6609
1822,2.6689
1823,2.5877
1824,2.7115
1825,2.5479
1826,2.7068
1827,2.847
1828,45.2397
1829,4.1267
1830,3.2497
1831,3.2895
1832,3.2935
1833,3.0888
1834,2.7165
1835,3.0173
1836,2.8843
1837,2.821
1838,2.9585
1839,2.9115
1840,3.0195
1841,2.9353
1842,2.903
1843,2.982
1844,2.7372
1845,2.6705
1846,2.9399
1847,2.9646
1848,3.086
1849,2.9279
1850,3.0646
1851,2.8615
1852,3.0598
1853,3.4063
1854,3.313
1855,3.1641
1856,3.2144
1857,3.0134
1858,3.1654
1859,3.5404
1860,3.2375
1861,3.2303
1862,3.329
1863,3.2811
1864,3.7057
1865,3.3599
1866,3.6915
1867,3.526
1868,3.7376
1869,3.8093
1870,3.5572
1871,3.437
1872,3.7764
1873,3.3495
1874,3.5486
1875,3.3259
1876,3.4561
1877,3.6114
1878,3.5268
1879,3.5364
1880,3.4159
1881,3.8611
1882,3.5446
1883,3.6098
1884,3.5056
1885,3.8364
1886,3.4943
1887,3.6677
1888,3.3655
1889,3.6667
1890,3.6957
1891,3.8907
1892,3.5774
1893,3.8737
1894,3.6086
1895,3.6181
1896,3.611
1897,3.7849
1898,3.7368
1899,3.5501
1900,3.6687
1901,3.6236
1902,3.6116
1903,3.2819
1904,4.0154
1905,3.7166
1906,3.6626
1907,3.5707
1908,3.5286
1909,3.583
1910,3.5615
1911,3.7482
1912,3.3973
1913,3.4599
1914,3.4074
1915,3.5291
1916,3.543
1917,3.7161
1918,3.6492
1919,3.6946
1920,3.6654
1921,3.5025
1922,3.7916
1923,3.4959
1924,3.5386
1925,3.3504
1926,3.571
1927,3.8364
1928,3.7687
1929,3.6598
1930,3.6978
1931,3.5728
1932,3.7687
1933,3.8127
1934,3.4776
1935,3.6685
1936,3.7231
1937,3.5197
1938,3.5698
1939,3.2176
1940,3.589
1941,3.5303
1942,3.6109
1943,3.6374
1944,3.4866
1945,3.7063
1946,3.4917
1947,3.6017
1948,3.8842
1949,3.5587
1950,4.5287
1951,3.9536
1952,3.7961
1953,3.9452
1954,3.9501
1955,3.8392
1956,3.746
1957,4.054
1958,3.9941
1959,3.8272
1960,3.8492
1961,4.05
1962,3.751
1963,3.5522
1964,3.7601
1965,3.9063
1966,3.9615
1967,3.9335
1968,4.0539
1969,4.0793
1970,3.8078
1971,3.9861
1972,3.876
1973,4.4732
1974,3.9308
1975,4.0097
1976,3.9923
1977,4.1123
1978,3.9513
1979,4.0313
1980,3.8306
1981,4.097
1982,3.8688
1983,3.9305
1984,4.254
1985,3.8214
1986,4.0135
1987,3.8863
1988,4.0498
1989,3.8452
1990,3.9701
1991,3.9905
1992,4.0301
1993,4.1714
1994,4.192
1995,4.147
1996,4.3135
1997,3.9687
1998,3.8975
1999,4.0369
2000,4.0488
2001,4.0723
2002,4.0469
2003,4.0485
2004,4.095
2005,4.1356
2006,4.2572
2007,4.7251
2008,4.5517
2009,4.5301
2010,4.7373
2011,4.5402
2012,4.8782
2013,4.7331
2014,4.6043
2015,4.6071
2016,4.4685
2017,4.5538
2018,4.7044
2019,4.9945
2020,4.6037
2021,4.3776
2022,4.603
2023,4.4749
2024,4.5934
2025,4.7134
2026,4.9684
2027,4.6641
2028,4.4467
2029,4.4243
2030,4.6889
2031,4.9124
2032,4.9221
2033,4.9848
2034,4.7142
2035,4.904
2036,4.6815
2037,4.7871
2038,5.0893
2039,4.8374
2040,4.8753
2041,4.793
2042,5.0813
2043,4.731
2044,4.8604
2045,4.7977
2046,4.7816
2047,4.8577
2048,4.5225
2049,4.6343
2050,4.8781
2051,4.7755
2052,4.6473
2053,4.5498
2054,4.7853
2055,4.9135
2056,4.4763
2057,4.5858
2058,4.7167
2059,4.5398
2060,4.5629
2061,4.3859
2062,4.5336
2063,4.7529
2064,4.5333
2065,4.8942
2066,4.3377
2067,4.5967
2068,4.7802
2069,4.2939
2070,4.5656
2071,4.6415
2072,4.4374
2073,4.6256
2074,4.7771
2075,4.721
2076,4.6508
2077,4.4836
2078,4.7674
2079,4.8997
2080,4.5837
2081,4.555
2082,4.8164
2083,4.6753
2084,4.7099
2085,4.6935
2086,5.0067
2087,4.6046
2088,5.2846
2089,4.7132
2090,4.4915
2091,4.6144
2092,4.4537
2093,4.6115
2094,4.8454
2095,4.6789
2096,4.5843
2097,4.6545
2098,4.2467
2099,4.5077
2100,4.5932
2101,4.7101
2102,4.8776
2103,4.927
2104,4.9568
2105,4.6277
2106,4.7167
2107,4.7659
2108,4.4677
2109,4.7363
2110,4.789
2111,5.1595
2112,4.6228
2113,4.7958
2114,4.7837
2115,4.5552
2116,4.5378
2117,4.4614
2118,4.6455
2119,4.8303
2120,4.3392
2121,4.3687
2122,4.472
2123,4.6453
2124,4.6014
2125,4.3014
2126,4.5572
2127,4.6402
2128,4.4883
2129,4.3922
2130,4.6459
2131,4.889
2132,4.643
2133,4.7561
2134,4.9463
2135,4.9767
2136,4.7154
2137,4.8255
2138,4.9694
2139,4.7997
2140,4.6329
2141,5.0276
2142,4.8284
2143,4.7796
2144,5.0194
2145,4.6775
2146,4.8733
2147,4.6232
2148,4.7728
2149,4.7073
2150,4.4247
2151,4.7743
2152,5.0189
2153,4.786
2154,4.8424
2155,4.8115
2156,4.7915
2157,4.9422
2158,4.5664
2159,4.835
2160,4.7389
2161,4.5697
2162,4.4438
2163,4.5332
2164,4.5525
2165,4.6074
2166,4.5431
2167,4.4825
2168,4.723
2169,4.6749
2170,4.7727
2171,4.6617
2172,4.4976
2173,4.5728
2174,4.675
2175,4.539
2176,4.4185
2177,4.6885
2178,4.7509
2179,4.3964
2180,5.2039
2181,5.0557
2182,4.9291
2183,4.7758
2184,4.7581
2185,4.6778
2186,4.6227
2187,4.5864
2188,4.4621
2189,5.1489
2190,4.6125
2191,4.6024
2192,4.5843
2193,4.3956
2194,4.7113
2195,4.8647
2196,5.087
2197,4.8058
2198,4.7567
2199,4.7098
2200,4.5676
2201,4.6267
2202,4.8063
2203,4.8919
2204,4.5958
2205,4.5735
2206,4.8566
2207,4.4822
2208,4.7841
2209,4.5633
2210,4.5539
2211,4.7411
2212,4.7352
2213,4.7565
2214,4.3783
2215,4.9841
2216,4.7583
2217,4.6989
2218,4.8212
2219,4.4778
2220,4.8505
2221,4.7014
2222,4.8492
2223,4.6902
2224,4.9164
2225,4.8418
2226,5.508
2227,5.1908
2228,4.8914
2229,4.7904
2230,4.6423
2231,4.9316
2232,4.7187
2233,4.9508
2234,4.728
2235,4.7516
2236,4.5274
2237,4.644
2238,4.7392
2239,4.8143
2240,4.6592
2241,4.3245
2242,4.6235
2243,4.6548
2244,4.7508
2245,4.6395
2246,4.6814
2247,4.5696
2248,4.5369
2249,5.2352
2250,4.5611
2251,4.6987
2252,4.4536
2253,4.4851
2254,4.4979
2255,4.5925
2256,4.6799
2257,4.7459
2258,4.5149
2259,4.3644
2260,4.2961
2261,4.8314
2262,4.6256
2263,4.7823
2264,4.9228
2265,4.6064
2266,4.8073
2267,4.4649
2268,4.7003
2269,4.4989
2270,4.5772
2271,4.5765
2272,5.0952
2273,4.5293
2274,4.5827
2275,4.6761
2276,4.598
2277,4.6859
2278,4.4782
2279,4.5613
2280,4.5585
2281,4.8712
2282,4.7944
2283,4.8769
2284,4.6823
2285,4.645
2286,4.5853
2287,4.4573
2288,4.9191
2289,4.9283
2290,4.7865
2291,5.0032
2292,4.6575
2293,4.6446
2294,4.5312
2295,4.7578
2296,4.687
2297,4.5529
2298,4.6074
2299,4.4905
2300,4.6716
2301,4.8202
2302,4.8016
2303,4.5692
2304,4.7036
2305,4.5894
2306,4.4709
2307,4.5218
2308,4.5426
2309,4.9112
2310,4.6665
2311,4.6414
2312,5.0666
2313,4.9135
2314,4.6566
2315,4.6709
2316,4.6889
2317,4.7402
2318,5.1053
2319,4.9966
2320,4.6625
2321,4.5732
2322,4.834
2323,4.4604
2324,4.7625
2325,4.8156
2326,4.8587
2327,4.649
2328,4.8435
2329,4.6326
2330,4.6201
2331,4.5063
2332,4.7923
2333,4.8049
2334,4.8861
2335,4.6317
2336,4.5958
2337,4.5428
2338,4.638
2339,4.4899
2340,4.581
2341,4.9886
2342,4.5225
2343,4.6218
2344,4.4432
2345,4.9336
2346,4.6255
2347,4.6739
2348,4.4398
2349,4.524
2350,4.5375
2351,4.7424
2352,4.8191
2353,4.9091
2354,4.7277
2355,4.5835
2356,4.4828
2357,4.5828
2358,4.6315
2359,4.6031
2360,4.6964
2361,4.5618
2362,4.6402
2363,4.6543
2364,4.9031
2365,4.9127
2366,4.6369
2367,4.9229
2368,4.5163
2369,4.5718
2370,4.5311
2371,4.803
2372,4.3716
2373,4.6892
2374,4.8581
2375,4.7442
2376,4.7092
2377,4.6004
2378,4.5448
2379,4.3899
2380,4.7381
2381,4.7667
2382,4.811
2383,4.7264
2384,4.5881
2385,4.6142
2386,4.5664
2387,5.0647
2388,4.7625
2389,4.7746
2390,4.5864
2391,4.4621
2392,4.839
2393,4.4914
2394,4.4445
2395,4.5999
2396,4.7705
2397,4.7461
2398,4.5797
2399,4.7918
2400,4.6806
2401,4.7516
2402,4.7377
2403,4.5435
2404,4.6149
2405,4.8159
2406,4.5941
2407,4.7353
2408,4.7427
2409,4.4933
2410,5.2501
2411,4.9403
2412,4.5512
2413,4.9719
2414,4.7581
2415,4.4472
2416,4.6551
2417,4.7013
2418,4.7955
2419,4.6564
2420,4.6438
2421,4.8312
2422,4.6372
2423,4.7873
2424,4.811
2425,4.7093
2426,4.9835
2427,4.837
2428,4.7651
2429,4.6562
2430,4.3811
2431,4.7271
2432,4.8123
2433,5.0914
2434,4.8657
2435,4.757
2436,4.6349
2437,4.5076
2438,4.7363
2439,4.808
2440,4.7209
2441,4.782
2442,4.6349
2443,4.6682
2444,4.7772
2445,4.8049
2446,4.619
2447,4.4696
2448,4.3522
2449,4.8093
2450,4.8577
2451,4.8528
2452,4.7043
2453,4.7259
2454,4.6826
2455,4.6104
2456,5.1744
2457,4.5994
2458,4.9412
2459,4.8175
2460,4.4755
2461,4.5436
2462,4.601
2463,4.7283
2464,4.5422
2465,4.6349
2466,4.6365
2467,4.4043
2468,4.6412
2469,4.7534
2470,4.4105
2471,4.6558
2472,4.5082
2473,4.6389
2474,4.7961
2475,4.5455
2476,4.7849
2477,4.993
2478,4.7523
2479,5.2384
2480,4.7172
2481,4.8231
2482,4.7012
2483,4.8087
2484,4.6066
2485,4.3904
2486,4.889
2487,4.8388
2488,4.6283
2489,4.9125
2490,5.0323
2491,4.8607
2492,4.71
2493,4.9343
2494,4.7372
2495,5.0098
2496,5.0147
2497,4.6837
2498,4.7454
2499,4.7625
2500,4.4441
2501,4.7615
2502,5.1427
2503,4.6892
2504,4.8088
2505,4.5282
2506,4.7411
2507,4.4091
2508,5.0111
2509,4.892
2510,4.6373
2511,4.6731
2512,4.5229
2513,4.8101
2514,4.877
2515,4.8042
2516,4.6739
2517,4.7617
2518,4.8198
2519,4.725
2520,4.3951
2521,4.6777
2522,4.8028
2523,4.539
2524,4.5999
2525,4.9661
2526,4.8302
2527,4.7192
2528,4.5317
2529,4.6356
2530,4.6741
2531,4.7156
2532,4.4709
2533,4.7063
2534,4.6807
2535,4.7515
2536,4.5917
2537,4.6314
2538,4.6125
2539,4.4787
2540,4.3753
2541,4.639
2542,4.6813
2543,4.6823
2544,4.6682
2545,4.7691
2546,4.6202
2547,4.6465
2548,4.9552
2549,4.7073
2550,4.4908
2551,4.5701
2552,4.8005
2553,4.722
2554,4.9316
2555,4.7043
2556,4.7834
2557,4.7694
2558,4.7187
2559,4.4724
2560,4.7315
2561,4.5497
2562,4.5406
2563,4.5924
2564,4.5578
2565,4.5397
2566,4.4811
2567,4.8167
2568,4.9477
2569,4.7615
2570,4.8164
2571,5.207
2572,4.7843
2573,4.6955
2574,4.4937
2575,4.7055
2576,4.4597
2577,4.9597
2578,4.6147
2579,4.5508
2580,4.5761
2581,4.708
2582,4.5176
2583,4.5271
2584,4.6689
2585,4.9392
2586,4.7384
2587,4.8931
2588,4.5843
2589,4.6488
2590,4.985
2591,4.6179
2592,4.4302
2593,4.8005
2594,5.3175
2595,4.5098
2596,4.465
2597,4.6444
2598,4.6388
2599,4.6377
2600,4.4745
2601,4.5409
2602,4.6156
2603,4.4658
2604,4.5865
2605,4.5207
2606,4.5881
2607,4.5927
2608,4.5733
2609,4.4113
2610,4.5859
2611,4.6437
2612,4.6121
2613,4.5333
2614,4.6115
2615,4.6363
2616,4.6274
2617,5.0376
2618,4.5606
2619,4.6146
2620,4.4962
2621,4.9713
2622,4.725
2623,4.8254
2624,4.5942
2625,4.7834
2626,4.7106
2627,4.875
2628,4.8079
2629,4.6273
2630,5.0293
2631,4.698
2632,4.9695
2633,5.0068
2634,4.8299
2635,4.705
2636,4.6902
2637,4.63
2638,4.8185
2639,4.7121
2640,5.1875
2641,4.5451
2642,4.8878
2643,4.8345
2644,4.9925
2645,4.6649
2646,4.9444
2647,4.8313
2648,4.7105
2649,4.4667
2650,4.7424
2651,4.4452
2652,4.5023
2653,4.7243
2654,5.0003
2655,4.5986
2656,4.7733
2657,4.5998
2658,4.7176
2659,4.7673
2660,4.7057
2661,4.4507
2662,4.7114
2663,5.0268
2664,4.8458
2665,4.4922
2666,4.6633
2667,4.8127
2668,4.6123
2669,4.6308
2670,4.4226
2671,4.4803
2672,4.6701
2673,4.8387
2674,4.7242
2675,4.7318
2676,4.7412
2677,4.5883
2678,4.8242
2679,4.7996
2680,4.658
2681,4.8117
2682,4.7937
2683,4.7703
2684,4.6752
2685,4.6065
2686,5.3248
2687,4.77
2688,4.9287
2689,5.0442
2690,4.913
2691,4.8592
2692,4.6794
2693,4.7104
2694,4.6915
2695,4.7636
2696,4.8662
2697,4.4419
2698,4.698
2699,4.5061
2700,4.9358
2701,5.1148
2702,4.7441
2703,4.9175
2704,4.8475
2705,5.0513
2706,4.9783
2707,4.9553
2708,4.7833
2709,4.6821
2710,4.9481
2711,4.6025
2712,4.7451
2713,4.6387
2714,4.5671
2715,4.4611
2716,4.6856
2717,4.5069
2718,4.7292
2719,4.3794
2720,4.733
2721,4.7324
2722,4.7783
2723,4.7765
2724,4.6358
2725,4.5549
2726,4.5426
2727,4.8832
2728,4.8442
2729,4.963
2730,4.8345
2731,4.774
2732,5.208
2733,4.8551
2734,4.8213
2735,4.6553
2736,4.7717
2737,4.717
2738,4.5194
2739,5.0636
2740,4.7797
2741,4.9252
2742,4.8602
2743,4.7796
2744,4.6283
2745,4.4295
2746,4.4894
2747,4.7115
2748,4.7527
2749,4.5816
2750,4.6692
2751,4.6534
2752,4.5228
2753,4.7346
2754,4.6176
2755,5.1035
2756,4.7269
2757,4.2709
2758,4.6734
2759,4.9508
2760,4.8012
2761,4.8487
2762,4.8167
2763,4.9069
2764,4.5495
2765,4.8821
2766,4.7605
2767,4.735
2768,4.4461
2769,4.7983
2770,4.8543
2771,4.6036
2772,4.635
2773,4.6211
2774,4.6335
2775,4.7859
2776,4.3747
2777,4.8405
2778,4.8607
2779,5.1001
2780,5.091
2781,4.9805
2782,4.7516
2783,4.8911
2784,4.6703
2785,4.4015
2786,4.5056
2787,4.8032
2788,4.8089
2789,4.8303
2790,4.6874
2791,4.7375
2792,4.9152
2793,4.8058
2794,4.5452
2795,4.6061
2796,4.3861
2797,4.5723
2798,4.461
2799,4.5575
2800,4.6303
2801,4.7186
2802,4.3062
2803,4.607
2804,4.4173
2805,4.7906
2806,4.6037
2807,4.6377
2808,4.7183
2809,4.4978
2810,4.6081
2811,4.7987
2812,4.9044
2813,4.6216
2814,5.0752
2815,4.6665
2816,4.3695
2817,4.8604
2818,4.8331
2819,4.3835
2820,4.6129
2821,4.5618
2822,4.3959
2823,4.5236
2824,5.0427
2825,4.504
2826,4.6534
2827,4.4872
2828,4.6668
2829,4.6747
2830,4.4171
2831,4.6137
2832,4.6947
2833,4.6571
2834,4.4632
2835,4.7877
2836,4.676
2837,4.4948
2838,4.6436
2839,4.5727
2840,4.6318
2841,4.6498
2842,4.6736
2843,4.6846
2844,4.5631
2845,4.5442
2846,4.725
2847,4.889
2848,4.9078
2849,4.5923
2850,4.6643
2851,4.7622
2852,4.8764
2853,5.1168
2854,4.8352
2855,5.0044
2856,4.6338
2857,4.7624
2858,4.8626
2859,5.0307
2860,4.9525
2861,4.6369
2862,4.6433
2863,4.7276
2864,4.7097
2865,4.6131
2866,4.4537
2867,4.7705
2868,4.6112
2869,4.7787
2870,5.1097
2871,4.7531
2872,4.8209
2873,4.8263
2874,4.8569
2875,4.898
2876,4.7615
2877,4.698
2878,4.9305
2879,4.9004
2880,5.1077
2881,4.8166
2882,4.8454
2883,5.1975
2884,4.7215
2885,4.6516
2886,4.5388
2887,4.5574
2888,4.2648
2889,4.7114
2890,4.3872
2891,4.4743
2892,4.9366
2893,4.9273
2894,5.0732
2895,4.7072
2896,4.6452
2897,4.9027
2898,4.7473
2899,4.8691
2900,4.5451
2901,4.6054
2902,4.7758
2903,4.861
2904,4.7625
2905,4.684
2906,4.9598
2907,4.8455
2908,4.5129
2909,4.7032
2910,4.8015
2911,4.9729
2912,4.8822
2913,4.8225
2914,4.5844
2915,4.8571
2916,5.271
2917,4.9491
2918,4.6428
2919,4.7066
2920,4.8085
2921,4.9159
2922,4.7501
2923,4.9712
2924,4.7623
2925,4.4241
2926,4.7077
2927,4.5547
2928,4.6578
2929,4.6883
2930,4.6465
2931,4.6738
2932,4.6879
2933,4.7243
2934,4.6294
2935,4.546
2936,4.8622
2937,4.6814
2938,4.9349
2939,5.1957
2940,4.7443
2941,4.5424
2942,4.7977
2943,4.5311
2944,4.4421
2945,4.4532
2946,4.5287
2947,4.5338
2948,4.7412
2949,4.5392
2950,4.6874
2951,4.5676
2952,4.5531
2953,4.7298
2954,4.7788
2955,4.6715
2956,4.6803
2957,4.8377
2958,4.8801
2959,4.8787
2960,4.5143
2961,4.7332
2962,5.1492
2963,4.8376
2964,4.6489
2965,4.8341
2966,4.649
2967,4.7741
2968,4.6852
2969,4.8828
2970,4.962
2971,4.6675
2972,4.7577
2973,4.7665
2974,4.5562
2975,4.6552
2976,4.3964
2977,4.4683
2978,4.432
2979,4.7461
2980,4.7751
2981,4.3951
2982,4.5759
2983,4.3974
2984,4.6165
2985,5.1455
2986,4.8824
2987,4.8206
2988,4.6969
2989,4.9193
2990,4.7963
2991,4.5703
2992,4.7528
2993,4.5366
2994,4.4816
2995,4.653
2996,4.6217
2997,4.7096
2998,4.6826
2999,4.4486
3000,4.5502
3001,4.9057
3002,4.5461
3003,4.5322
3004,4.5772
3005,4.7582
3006,4.5926
3007,4.778
3008,4.9857
3009,4.3656
3010,4.5699
3011,4.4584
3012,4.6861
3013,4.7594
3014,4.8041
3015,4.8952
3016,4.8161
3017,4.7517
3018,4.8153
3019,5.0952
3020,4.6353
3021,4.7504
3022,4.6403
3023,4.4308
3024,4.781
3025,4.7452
3026,4.8663
3027,4.5017
3028,4.7486
3029,4.4639
3030,4.9232
3031,5.1979
3032,4.6159
3033,4.7069
3034,4.5628
3035,4.7359
3036,4.7016
3037,4.4663
3038,4.383
3039,4.5023
3040,4.6309
3041,4.5991
3042,4.5793
3043,4.5781
3044,4.8276
3045,4.6832
3046,4.7607
3047,4.4595
3048,4.5103
3049,4.696
3050,4.5625
3051,4.8847
3052,4.7662
3053,4.9162
3054,4.9414
3055,4.6086
3056,4.9562
3057,4.7748
3058,5.0113
3059,4.7591
3060,4.9364
3061,4.5135
3062,4.7592
3063,4.7393
3064,5.0208
3065,4.8317
3066,4.3842
3067,4.9591
3068,4.7315
3069,4.7176
3070,4.8379
3071,4.8484
3072,4.7202
3073,4.7864
3074,4.7572
3075,4.8643
3076,4.9291
3077,5.1272
3078,4.6855
3079,4.49
3080,4.5944
3081,4.6336
3082,4.5973
3083,4.4434
3084,4.3129
3085,4.5913
3086,4.4995
3087,4.8005
3088,4.5776
3089,4.6408
3090,4.7569
3091,4.6238
3092,4.5987
3093,4.6088
3094,4.4804
3095,4.5911
3096,4.4532
3097,4.6936
3098,4.6931
3099,4.6451
3100,5.2845
3101,4.3761
3102,4.8189
3103,4.4879
3104,4.8607
3105,4.4626
3106,4.775
3107,4.484
3108,4.33
3109,4.5046
3110,4.5619
3111,4.5575
3112,4.7156
3113,4.5579
3114,4.6218
3115,4.4988
3116,4.6547
3117,4.4525
3118,4.4948
3119,4.6653
3120,4.5631
3121,4.5566
3122,4.4552
3123,5.0774
3124,4.6485
3125,4.7132
3126,4.5192
3127,4.6652
3128,4.6716
3129,4.5407
3130,4.6872
3131,4.9752
3132,4.6226
3133,4.6212
3134,4.6488
3135,4.4605
3136,4.6698
3137,4.7959
3138,4.6098
3139,4.5222
3140,4.5047
3141,4.5344
3142,4.6202
3143,4.5849
3144,4.8948
3145,4.9603
3146,5.2865
3147,5.1257
3148,4.9502
3149,4.7216
3150,4.7138
3151,4.7198
3152,4.8014
3153,4.8565
3154,4.6254
3155,4.5182
3156,4.7068
3157,4.5307
3158,4.8262
3159,4.5652
3160,4.7854
3161,4.5968
3162,4.6606
3163,4.6189
3164,4.706
3165,4.816
3166,4.7943
3167,4.7814
3168,4.7051
3169,4.9349
3170,4.395
3171,4.4313
3172,4.8412
3173,4.6127
3174,4.8773
3175,4.7794
3176,4.7058
3177,4.6901
3178,4.6357
3179,4.7442
3180,4.546
3181,4.5849
3182,4.7567
3183,4.7204
3184,4.5975
3185,4.6293
3186,4.8968
3187,4.5204
3188,4.7759
3189,4.4202
3190,4.5303
3191,4.4379
3192,5.1108
3193,4.5888
3194,4.7111
3195,4.5827
3196,4.7145
3197,4.4748
3198,4.6653
3199,4.7549
3200,4.4049
3201,4.6392
3202,4.6354
3203,4.3179
3204,4.566
3205,4.4028
3206,4.4863
3207,4.6061
3208,4.4461
3209,4.5612
3210,4.2047
3211,4.5756
3212,4.5292
3213,4.3677
3214,4.4345
3215,4.972
3216,4.3262
3217,4.5035
3218,4.7128
3219,4.4311
3220,4.5135
3221,4.2721
3222,4.5811
3223,4.53
3224,4.756
3225,4.3461
3226,4.6908
3227,4.6458
3228,4.7019
3229,4.6689
3230,4.8488
3231,4.817
3232,4.882
3233,4.6468
3234,4.5188
3235,4.7946
3236,4.7578
3237,4.6474
3238,5.1094
3239,4.4763
3240,4.7232
3241,4.7494
3242,4.7646
3243,4.5333
3244,4.6583
3245,4.4973
3246,4.4694
3247,4.739
3248,4.6761
3249,4.4284
3250,4.4506
3251,4.4841
3252,4.5798
3253,4.6115
3254,4.5181
3255,4.4172
3256,4.5147
3257,4.4095
3258,4.4806
3259,4.8401
3260,4.6602
3261,5.3767
3262,5.0185
3263,4.8882
3264,4.6454
3265,4.9532
3266,4.7719
3267,4.4894
3268,4.8008
3269,4.7334
3270,4.7154
3271,4.7426
3272,4.1578
3273,4.6384
3274,4.615
3275,4.5827
3276,4.5243
3277,4.9311
3278,4.5068
3279,4.7597
3280,4.756
3281,4.7073
3282,4.4822
3283,4.5766
3284,5.1073
3285,4.6152
3286,4.3012
3287,4.8006
3288,4.5934
3289,4.5958
3290,4.5985
3291,4.7019
3292,4.5027
3293,4.53
3294,4.6273
3295,4.4139
3296,4.635
3297,4.6609
3298,4.6139
3299,4.5287
3300,4.4359
3301,4.8868
3302,4.6282
3303,4.4799
3304,4.4943
3305,4.5491
3306,4.6519
3307,5.1944
3308,4.5942
3309,4.5926
3310,4.5237
3311,4.4398
3312,4.4945
3313,4.5774
3314,4.5523
3315,4.6005
3316,4.7076
3317,4.8293
3318,4.5083
3319,4.6986
3320,4.5818
3321,4.4259
3322,4.8358
3323,4.6475
3324,4.7233
3325,4.6097
3326,4.406
3327,4.9545
3328,4.6597
3329,4.8757
3330,5.1982
3331,4.902
3332,4.6371
3333,4.4728
3334,4.588
3335,4.5104
3336,4.5664
3337,4.5998
3338,4.728
3339,4.5924
3340,4.5153
3341,4.541
3342,4.7066
3343,4.525
3344,4.7788
3345,4.5919
3346,4.5893
3347,4.6303
3348,4.7556
3349,4.8024
3350,4.5052
3351,4.795
3352,4.7507
3353,5.0458
3354,4.6273
3355,4.5457
3356,4.3699
3357,4.4752
3358,4.6353
3359,4.6252
3360,4.5704
3361,4.5234
3362,4.6254
3363,4.5971
3364,4.4784
3365,4.5579
3366,4.8184
3367,4.7252
3368,4.6978
3369,4.7636
3370,4.5886
3371,4.672
3372,4.6706
3373,4.6949
3374,4.6255
3375,4.7197
3376,4.9111
3377,4.7129
3378,4.792
3379,4.5846
3380,4.6979
3381,4.7357
3382,4.6081
3383,4.6268
3384,4.7501
3385,4.6155
3386,4.626
3387,4.5963
3388,4.6819
3389,4.7135
3390,4.4951
3391,4.6532
3392,4.5752
3393,4.5166
3394,4.5809
3395,4.7057
3396,4.7279
3397,4.5938
3398,4.646
3399,5.1322
3400,4.7614
3401,4.7251
3402,4.634
3403,4.9676
3404,4.8862
3405,4.7564
3406,4.6772
3407,4.7505
3408,4.499
3409,4.4835
3410,4.8412
3411,4.7171
3412,4.8823
3413,4.847
3414,4.7513
3415,5.0504
3416,4.8131
3417,4.7149
3418,4.7714
3419,4.6593
3420,4.6125
3421,4.6787
3422,5.1802
3423,4.4556
3424,4.4592
3425,4.4892
3426,4.779
3427,4.3894
3428,4.7722
3429,4.4891
3430,4.4483
3431,4.8332
3432,4.748
3433,4.8105
3434,4.5468
3435,4.7432
3436,4.5326
3437,4.6384
3438,4.3216
3439,4.7066
3440,4.319
3441,4.5855
3442,4.8011
3443,4.9183
3444,4.7036
3445,5.1214
3446,4.6777
3447,4.7841
3448,4.454
3449,4.6801
3450,4.8772
3451,4.6124
3452,4.697
3453,4.5629
3454,4.6876
3455,4.6266
3456,4.7612
3457,4.602
3458,4.4785
3459,4.6045
3460,4.3804
3461,4.7021
3462,4.7485
3463,4.5299
3464,4.6201
3465,4.6063
3466,4.4304
3467,5.0618
3468,5.3117
3469,4.8463
3470,4.8107
3471,4.6094
3472,4.8912
3473,4.5735
3474,4.864
3475,4.49
3476,4.5916
3477,4.4948
3478,4.5728
3479,4.6703
3480,4.6365
3481,4.8817
3482,4.5247
3483,4.5277
3484,4.7885
3485,4.6121
3486,4.6059
3487,4.6504
3488,4.7485
3489,4.8752
3490,4.7442
3491,5.0947
3492,4.7676
3493,4.6662
3494,4.57
3495,4.7839
3496,4.7305
3497,4.9457
3498,4.6784
3499,4.7798
3500,4.6543
3501,4.7302
3502,4.4978
3503,4.7198
3504,4.8319
3505,4.6471
3506,4.4734
3507,4.5768
3508,4.8083
3509,4.844
3510,4.6603
3511,4.8043
3512,4.8798
3513,4.8381
3514,5.3132
3515,4.8095
3516,4.8666
3517,4.5055
3518,4.6746
3519,4.72
3520,4.4637
3521,4.3925
3522,4.5623
3523,4.7534
3524,4.5155
3525,4.7475
3526,4.4016
3527,4.6058
3528,4.427
3529,4.6677
3530,4.8756
3531,4.6848
3532,4.7262
3533,4.6235
3534,4.5341
3535,4.7449
3536,4.5966
3537,5.1478
3538,4.5573
3539,4.409
3540,4.5545
3541,4.7286
3542,4.5375
3543,4.4665
3544,4.5647
3545,4.512
3546,4.7441
3547,4.8665
3548,4.673
3549,4.7761
3550,4.7412
3551,4.677
3552,4.5927
3553,4.7211
3554,4.6522
3555,4.601
3556,4.6669
3557,4.9739
3558,4.5624
3559,4.8307
3560,4.8555
3561,4.5315
3562,4.7685
3563,4.6416
3564,4.325
3565,4.7381
3566,4.664
3567,4.6572
3568,4.7593
3569,4.7757
3570,4.4642
3571,4.4855
3572,4.6638
3573,4.565
3574,4.5764
3575,4.6149
3576,4.6607
3577,4.4883
3578,4.3752
3579,4.5564
3580,4.8545
3581,4.4995
3582,4.7424
3583,4.9259
3584,4.4439
3585,4.4168
3586,4.5048
3587,4.8198
3588,4.4616
3589,4.7354
3590,4.5403
3591,4.6149
3592,4.4479
3593,4.8264
3594,4.9182
3595,4.5966
3596,4.7851
3597,4.6542
3598,4.9419
3599,4.5558
3600,4.9278
3601,4.8032
3602,4.6565
3603,4.6857
3604,4.5381
3605,4.8106
3606,5.2289
3607,4.8934
3608,4.7293
3609,4.6
3610,4.8122
3611,4.7944
3612,4.8192
3613,4.7564
3614,4.6504
3615,4.8152
3616,4.6668
3617,4.414
3618,4.9682
3619,4.8278
3620,4.667
3621,4.5087
3622,4.6806
3623,4.7608
3624,4.544
3625,4.719
3626,4.8142
3627,4.8668
3628,4.5084
3629,5.1537
3630,4.7387
3631,4.616
3632,4.5802
3633,4.5296
3634,4.4808
3635,4.6512
3636,4.7325
3637,4.6424
3638,4.5065
3639,4.42
3640,4.6443
3641,4.4994
3642,5.0682
3643,4.6587
3644,4.4837
3645,4.5948
3646,4.6157
3647,4.7186
3648,4.6818
3649,4.7315
3650,4.8635
3651,4.5668
3652,5.2263
3653,4.9753
3654,4.6096
3655,4.8321
3656,4.7089
3657,4.6648
3658,4.8613
3659,4.5679
3660,4.8491
3661,4.9269
3662,4.7976
3663,4.5963
3664,4.6001
3665,4.6102
3666,4.7116
3667,4.6401
3668,4.416
3669,4.6247
3670,4.29
3671,4.466
3672,4.6612
3673,4.6639
3674,4.7104
3675,4.9934
3676,4.7851
3677,4.3545
3678,4.5824
3679,4.5467
3680,4.8205
3681,4.6839
3682,4.6466
3683,4.3779
3684,4.6153
3685,4.8107
3686,4.6942
3687,4.6144
3688,4.5694
3689,4.5112
3690,4.4872
3691,4.5503
3692,4.8331
3693,4.6513
3694,4.5491
3695,4.7962
3696,4.7293
3697,4.7441
3698,5.3105
3699,4.9183
3700,4.5137
3701,4.3885
3702,4.7302
3703,4.4123
3704,4.6778
3705,4.42
3706,4.5281
3707,4.804
3708,4.7391
3709,4.7519
3710,4.8281
3711,4.9123
3712,4.6232
3713,4.9509
3714,4.6027
3715,4.9319
3716,4.6591
3717,4.7638
3718,4.4633
3719,4.5085
3720,4.498
3721,4.8935
3722,4.6396
3723,4.4269
3724,4.5915
3725,4.4565
3726,4.5078
3727,4.4327
3728,4.6701
3729,4.5664
3730,4.5601
3731,4.7793
3732,4.7236
3733,4.5122
3734,4.5863
3735,4.4989
3736,4.6923
3737,4.7631
3738,4.6708
3739,4.8411
3740,4.6681
3741,4.5497
3742,4.8563
3743,4.6387
3744,5.3686
3745,4.776
3746,4.7568
3747,4.729
3748,4.9359
3749,4.7718
3750,4.6475
3751,4.9906
3752,4.9148
3753,4.7779
3754,4.7919
3755,4.519
3756,4.8207
3757,4.7007
3758,4.3951
3759,4.6732
3760,4.4072
3761,4.6451
3762,4.8017
3763,4.61
3764,4.5626
3765,4.5923
3766,4.5198
3767,4.9004
3768,4.9709
3769,4.6135
3770,4.3583
3771,4.6013
3772,4.6115
3773,4.6499
3774,4.5168
3775,4.7341
3776,4.8767
3777,4.568
3778,4.4949
3779,4.6456
3780,4.8503
3781,4.6467
3782,4.7149
3783,4.4992
3784,4.639
3785,4.4716
3786,4.5634
3787,4.74
3788,4.5024
3789,4.6723
3790,4.9704
3791,4.5219
3792,4.5503
3793,4.5666
3794,4.6849
3795,4.8327
3796,4.7479
3797,4.7804
3798,4.5935
3799,4.5343
3800,4.4334
3801,4.6128
3802,4.2923
3803,4.6149
3804,4.4481
3805,4.2602
3806,4.4848
3807,4.3803
3808,4.5378
3809,4.5519
3810,4.6354
3811,4.3736
3812,4.7714
3813,4.7528
3814,4.4367
3815,4.7561
3816,4.4318
3817,4.4586
3818,4.591
3819,4.5381
3820,4.4269
3821,4.5151
3822,4.6804
3823,4.608
3824,4.2263
3825,4.2968
3826,4.5522
3827,4.6235
3828,4.662
3829,4.4521
3830,4.8757
3831,4.6417
3832,4.518
3833,4.6166
3834,4.4697
3835,4.3198
3836,4.8552
3837,4.4993
3838,4.4309
3839,4.5702
3840,4.3508
3841,4.5504
3842,4.6317
3843,4.4216
3844,4.619
3845,4.5533
3846,4.4296
3847,4.3554
3848,4.6059
3849,4.3977
3850,4.0938
3851,4.3978
3852,4.6326
3853,4.4431
3854,4.5311
3855,4.4952
3856,4.4882
3857,4.2611
3858,4.5895
3859,5.0316
3860,4.5524
3861,4.3411
3862,4.6663
3863,4.5252
3864,4.9492
3865,4.7937
3866,4.7636
3867,4.7549
3868,4.5099
3869,4.5129
3870,4.6533
3871,4.4617
3872,4.7287
3873,4.6016
3874,4.5289
3875,4.483
3876,4.5598
3877,4.5838
3878,4.4099
3879,4.4554
3880,4.6004
3881,4.3875
3882,5.0797
3883,4.5384
3884,4.6035
3885,4.7135
3886,4.7219
3887,4.7352
3888,5.1464
3889,4.5718
3890,4.8208
3891,5.1066
3892,4.8387
3893,5.022
3894,4.7616
3895,4.4565
3896,4.6289
3897,4.5494
3898,4.5872
3899,4.5337
3900,4.6747
3901,4.6189
3902,5.0837
3903,4.656
3904,4.8096
3905,5.2098
3906,4.9731
3907,4.6387
3908,4.4988
3909,4.5714
3910,4.5984
3911,4.3286
3912,4.4095
3913,4.572
3914,4.3949
3915,4.6641
3916,4.9074
3917,4.7968
3918,4.7136
3919,4.5214
3920,4.7864
3921,4.5414
3922,4.755
3923,4.485
3924,4.8374
3925,4.5353
3926,4.6853
3927,4.9147
3928,5.068
3929,4.6958
3930,4.5901
3931,4.7647
3932,4.8716
3933,4.4623
3934,4.7357
3935,4.6693
3936,4.5422
3937,4.6588
3938,4.7265
3939,4.7364
3940,4.8415
3941,4.7253
3942,4.7766
3943,4.6523
3944,4.669
3945,4.7515
3946,5.006
3947,4.8045
3948,4.5105
3949,4.5161
3950,4.2556
3951,5.0769
3952,4.7587
3953,4.4942
3954,4.7287
3955,4.6895
3956,4.321
3957,4.4788
3958,4.5528
3959,4.4684
3960,4.7469
3961,4.679
3962,4.5795
3963,4.5123
3964,4.7088
3965,4.8172
3966,4.6127
3967,4.6896
3968,4.5266
3969,4.6759
3970,4.8426
3971,4.8573
3972,5.0524
3973,4.5811
3974,4.9265
3975,4.7457
3976,4.7887
3977,4.756
3978,4.5838
3979,4.9285
3980,4.8048
3981,4.8415
3982,4.6838
3983,4.8122
3984,4.9017
3985,4.734
3986,4.6746
3987,4.5569
3988,4.641
3989,4.9331
3990,4.7606
3991,4.6568
3992,4.544
3993,4.737
3994,4.6913
3995,4.6731
3996,4.4194
3997,4.9143
3998,4.4671
3999,4.6176
4000,4.6956
4001,4.5496
4002,4.817
4003,4.5401
4004,4.753
4005,4.9505
4006,4.6942
4007,4.5452
4008,4.7769
4009,4.6873
4010,4.7787
4011,4.5841
4012,4.26
4013,4.7311
4014,4.7561
4015,4.4714
4016,4.4916
4017,4.7476
4018,4.4348
4019,4.6435
4020,4.9097
4021,4.357
4022,4.6378
4023,4.7872
4024,4.8113
4025,4.84
4026,4.8328
4027,4.4361
4028,4.2308
4029,4.3964
4030,4.6186
4031,4.6908
4032,4.949
4033,4.3566
4034,4.5879
4035,4.6791
4036,4.4258
4037,4.5389
4038,4.6764
4039,4.8121
4040,4.8858
4041,4.8457
4042,4.894
4043,4.9744
4044,4.7913
4045,4.969
4046,4.7168
4047,4.3932
4048,4.6576
4049,4.6805
4050,4.8278
4051,4.6784
4052,4.7171
4053,4.6109
4054,4.4036
4055,4.6132
4056,4.5844
4057,4.4498
4058,4.5136
4059,4.7198
4060,4.3135
4061,4.829
4062,4.85
4063,4.8653
4064,4.8282
4065,4.9162
4066,5.3263
4067,4.8073
4068,4.6742
4069,4.8607
4070,4.8855
4071,4.8661
4072,4.522
4073,4.6069
4074,4.6509
4075,4.5181
4076,4.6858
4077,4.4743
4078,4.6003
4079,4.7958
4080,4.5923
4081,4.5033
4082,4.7682
4083,4.7411
4084,4.4243
4085,4.6862
4086,4.6126
4087,4.9029
4088,4.716
4089,5.0784
4090,4.7959
4091,4.7262
4092,4.4149
4093,4.6708
4094,4.4153
4095,4.6653
4096,4.8816
4097,5.0209
4098,4.8215
4099,4.8064
4100,4.579
4101,4.8657
4102,4.5241
4103,4.5351
4104,4.7166
4105,4.7363
4106,4.5342
4107,4.8409
4108,4.6337
4109,4.5011
4110,4.6378
4111,4.7105
4112,5.2654
4113,4.6701
4114,4.5604
4115,4.5473
4116,4.4523
4117,4.5673
4118,4.7233
4119,4.6153
4120,4.7071
4121,4.6583
4122,4.7992
4123,4.6103
4124,4.6299
4125,4.696
4126,4.8896
4127,4.6915
4128,4.6605
4129,4.3796
4130,4.5182
4131,4.5308
4132,4.726
4133,4.7751
4134,4.8917
4135,4.9177
4136,4.4102
4137,4.6247
4138,4.8181
4139,4.6242
4140,4.977
4141,4.6535
4142,4.5254
4143,5.0673
4144,4.7891
4145,4.7162
4146,4.5264
4147,4.7639
4148,4.765
4149,4.6177
4150,4.4629
4151,4.8231
4152,4.4158
4153,4.6794
4154,4.6814
4155,4.9202
4156,4.6078
4157,4.6366
4158,5.0232
4159,4.7771
4160,4.7413
4161,4.6645
4162,4.7585
4163,4.5303
4164,4.6011
4165,4.6091
4166,4.7778
4167,4.6381
4168,4.616
4169,4.6795
4170,4.374
4171,4.5314
4172,4.615
4173,4.6561
4174,4.5233
4175,4.7786
4176,4.8228
4177,4.5497
4178,4.6351
4179,4.6544
4180,4.6987
4181,5.1115
4182,4.7034
4183,4.6952
4184,4.6519
4185,4.4243
4186,4.4686
4187,4.7811
4188,4.743
4189,4.6393
4190,4.763
4191,4.7261
4192,4.7239
4193,4.5119
4194,4.6383
4195,4.9415
4196,4.9608
4197,4.6171
4198,4.5623
4199,4.5791
4200,4.7415
4201,4.7331
4202,4.8567
4203,4.5346
4204,4.9526
4205,4.4958
4206,4.6891
4207,4.6339
4208,4.6505
4209,4.3438
4210,4.4694
4211,4.6174
4212,4.6538
4213,4.6297
4214,4.6351
4215,4.648
4216,4.7879
4217,4.6302
4218,4.6926
4219,4.7579
4220,4.4715
4221,4.6419
4222,4.7311
4223,4.6886
4224,4.4243
4225,4.6284
4226,4.8961
4227,5.1389
4228,4.4817
4229,4.5611
4230,4.5358
4231,4.2837
4232,4.6947
4233,4.6251
4234,4.5039
4235,4.5712
4236,4.6809
4237,4.561
4238,4.5697
4239,4.6317
4240,4.6359
4241,4.7215
4242,4.6891
4243,4.5484
4244,4.6511
4245,4.661
4246,4.7188
4247,4.6956
4248,4.4114
4249,4.7243
4250,4.9048
4251,4.5766
4252,4.6609
4253,4.9181
4254,4.7052
4255,4.7122
4256,4.6495
4257,4.8709
4258,4.7039
4259,4.5375
4260,4.4102
4261,4.5586
4262,4.7659
4263,4.4431
4264,4.5305
4265,4.4478
4266,4.743
4267,4.352
4268,4.7839
4269,4.664
4270,4.6251
4271,4.9552
4272,4.7776
4273,5.1134
4274,4.4521
4275,4.8276
4276,4.6045
4277,5.0073
4278,4.7449
4279,4.6019
4280,4.6032
4281,4.9562
4282,4.7311
4283,5.0136
4284,4.7116
4285,4.6697
4286,4.7643
4287,4.9086
4288,4.5385
4289,4.3094
4290,4.9912
4291,4.8192
4292,4.8183
4293,4.7781
4294,4.918
4295,4.7545
4296,5.5192
4297,4.9652
4298,4.7417
4299,4.9646
4300,4.7172
4301,4.8059
4302,4.7018
4303,4.6994
4304,4.5424
4305,4.6026
4306,4.8866
4307,4.5822
4308,4.6342
4309,4.8068
4310,4.5147
4311,4.5416
4312,4.7342
4313,4.5837
4314,4.7244
4315,4.8154
4316,4.6788
4317,4.8549
4318,4.5902
4319,5.2877
4320,4.9044
4321,4.892
4322,4.8177
4323,4.3359
4324,4.2443
4325,4.8426
4326,4.6256
4327,4.5953
4328,4.2467
4329,4.8991
4330,4.6934
4331,4.9337
4332,4.6608
4333,4.7297
4334,4.5272
4335,4.7242
4336,4.6089
4337,4.5928
4338,4.6624
4339,4.6485
4340,4.3702
4341,4.7357
4342,5.0584
4343,4.9984
4344,4.9002
4345,4.6858
4346,4.7061
4347,4.9008
4348,4.8239
4349,4.9441
4350,4.8041
4351,4.703
4352,4.7455
4353,5.0562
4354,4.7107
4355,4.8165
4356,4.7112
4357,4.7675
4358,4.7729
4359,4.6886
4360,4.5185
4361,4.8272
4362,4.5784
4363,4.5419
4364,4.6381
4365,5.0988
4366,4.7519
4367,4.6523
4368,4.7801
4369,4.7744
4370,4.7381
4371,4.8222
4372,5.0071
4373,4.8955
4374,4.4981
4375,4.774
4376,5.003
4377,4.4985
4378,4.7641
4379,4.7996
4380,4.7407
4381,4.8884
4382,4.7981
4383,4.6555
4384,4.7213
4385,4.6996
4386,4.5559
4387,4.7637
4388,5.18
4389,4.6549
4390,4.7257
4391,4.5514
4392,4.3699
4393,4.6811
4394,4.4701
4395,4.909
4396,4.4489
4397,4.6549
4398,4.6662
4399,4.7821
4400,5.0485
4401,4.6862
4402,4.7482
4403,4.9465
4404,4.722
4405,4.7173
4406,4.7489
4407,4.8115
4408,4.6842
4409,4.6279
4410,4.7472
4411,5.2897
4412,4.8352
4413,4.694
4414,4.4433
4415,4.8304
4416,4.7747
4417,4.8395
4418,4.7059
4419,4.5195
4420,4.6919
4421,4.6451
4422,4.8879
4423,4.6558
4424,4.7974
4425,4.6139
4426,4.3637
4427,4.5279
4428,4.602
4429,4.7197
4430,4.6689
4431,4.551
4432,4.6682
4433,4.5656
4434,5.2619
4435,4.4656
4436,4.7134
4437,4.642
4438,4.5922
4439,4.8932
4440,4.6556
4441,4.6754
4442,4.8794
4443,4.6712
4444,4.7712
4445,4.4795
4446,4.7897
4447,4.4111
4448,4.8509
4449,4.7306
4450,4.9539
4451,4.7134
4452,4.9502
4453,4.5546
4454,4.6036
4455,4.6166
4456,4.6658
4457,5.3401
4458,4.7815
4459,4.8122
4460,4.6015
4461,4.5856
4462,4.487
4463,4.7098
4464,4.6401
4465,4.5332
4466,4.8112
4467,4.4568
4468,4.6055
4469,4.4349
4470,4.5957
4471,4.73
4472,4.5304
4473,4.5576
4474,4.6574
4475,4.3799
4476,4.7693
4477,4.8061
4478,4.5961
4479,4.7281
4480,4.6976
4481,4.7696
4482,4.5388
4483,4.7134
4484,4.3458
4485,4.4251
4486,4.4254
4487,4.3975
4488,4.5632
4489,4.7858
4490,4.5847
4491,4.6098
4492,4.4916
4493,4.5995
4494,4.6346
4495,4.5298
4496,4.2782
4497,4.3916
4498,4.5754
4499,4.4358
4500,4.5556
4501,4.6492
4502,4.5987
4503,5.0076
4504,4.5692
4505,4.6184
4506,4.6402
4507,4.8035
4508,4.7227
4509,4.5745
4510,4.5918
4511,4.6499
4512,4.5571
4513,4.8466
4514,4.7685
4515,4.8378
4516,4.8627
4517,4.707
4518,4.5888
4519,4.6923
4520,4.6862
4521,4.7333
4522,4.8385
4523,4.8798
4524,4.7523
4525,4.3727
4526,4.6551
4527,4.7036
4528,4.6402
4529,4.8654
4530,4.7384
4531,4.5616
4532,4.5687
4533,4.6111
4534,4.747
4535,4.6576
4536,4.6469
4537,4.5476
4538,4.4802
4539,4.3999
4540,4.6998
4541,4.4252
4542,4.3874
4543,4.7136
4544,4.5783
4545,4.819
4546,4.507
4547,4.4673
4548,4.547
4549,4.738
4550,4.5263
4551,4.8635
4552,4.7168
4553,4.6679
4554,4.4236
4555,4.6178
4556,4.6183
4557,4.7154
4558,4.7089
4559,4.5194
4560,4.756
4561,4.5378
4562,4.7411
4563,4.6861
4564,4.5923
4565,4.6752
4566,4.5304
4567,4.8015
4568,4.8237
4569,4.616
4570,4.6581
4571,4.7017
4572,4.9949
4573,4.9582
4574,4.6408
4575,4.2752
4576,4.7404
4577,4.858
4578,4.8924
4579,4.4568
4580,4.7486
4581,4.8739
4582,4.7953
4583,4.7805
4584,4.6598
4585,4.6952
4586,4.5751
4587,4.7633
4588,5.1034
4589,4.5913
4590,4.6093
4591,4.6813
4592,4.4848
4593,4.5772
4594,4.3694
4595,4.9426
4596,4.6676
4597,4.7769
4598,4.6874
4599,4.7556
4600,4.6116
4601,4.5884
4602,4.5465
4603,4.6988
4604,4.6147
4605,4.5008
4606,4.6264
4607,4.6018
4608,4.764
4609,4.5066
4610,4.7265
4611,4.6862
4612,4.5916
4613,4.9574
4614,4.8115
4615,5.0228
4616,4.8657
4617,4.7294
4618,5.0654
4619,4.7973
4620,4.6461
4621,4.6918
4622,4.7919
4623,4.6769
4624,4.3543
4625,4.52
4626,4.6121
4627,4.5769
4628,4.6906
4629,4.8301
4630,4.7417
4631,4.612
4632,4.4476
4633,4.7412
4634,4.7247
4635,4.702
4636,4.8694
4637,4.9517
4638,4.7437
4639,4.9193
4640,4.8548
4641,5.0304
4642,4.762
4643,4.6252
4644,4.6651
4645,4.7321
4646,4.7905
4647,4.9342
4648,4.7316
4649,4.6122
4650,4.4768
4651,4.6472
4652,4.8538
4653,4.6938
4654,4.8293
4655,4.7605
4656,4.6017
4657,4.7813
4658,4.7655
4659,4.8269
4660,4.5889
4661,4.5409
4662,4.6532
4663,4.6472
4664,5.1388
4665,4.8171
4666,4.8285
4667,4.7778
4668,4.5281
4669,4.2812
4670,5.0043
4671,5.0135
4672,4.9106
4673,4.8605
4674,4.794
4675,4.6736
4676,4.6771
4677,4.6867
4678,4.8169
4679,4.8073
4680,4.8097
4681,4.7861
4682,4.3197
4683,4.6901
4684,4.371
4685,4.7709
4686,4.889
4687,5.1038
4688,4.7044
4689,4.5891
4690,4.6953
4691,4.4326
4692,4.4176
4693,4.548
4694,4.6364
4695,4.9686
4696,4.8057
4697,4.5998
4698,4.7659
4699,4.6166
4700,4.6887
4701,4.406
4702,4.609
4703,4.8322
4704,4.9174
4705,4.5997
4706,5.0255
4707,5.0019
4708,4.8299
4709,4.8467
4710,5.1478
4711,4.6998
4712,4.7621
4713,4.488
4714,4.8564
4715,5.0181
4716,5.0337
4717,4.7942
4718,4.8414
4719,4.9024
4720,4.6635
4721,4.6986
4722,4.5046
4723,4.4665
4724,4.6368
4725,4.4975
4726,4.6122
4727,4.5666
4728,4.7058
4729,4.7161
4730,4.6687
4731,4.7512
4732,4.7573
4733,5.1292
4734,5.0388
4735,4.5851
4736,4.71
4737,4.9433
4738,4.893
4739,4.7527
4740,4.5455
4741,4.3833
4742,4.7624
4743,4.7797
4744,4.5911
4745,4.6703
4746,4.6486
4747,4.6769
4748,4.6566
4749,4.2949
4750,4.7169
4751,4.7037
4752,4.8039
4753,4.4113
4754,4.6696
4755,4.4015
4756,4.905
4757,4.8167
4758,4.8035
4759,4.8227
4760,4.6508
4761,4.721
4762,4.5049
4763,4.6179
4764,4.5593
4765,4.7176
4766,4.7548
4767,4.8888
4768,4.7432
4769,4.7073
4770,4.7877
4771,4.8562
4772,4.6722
4773,4.5501
4774,4.6198
4775,4.8172
4776,4.7476
4777,4.8552
4778,4.5178
4779,4.9492
4780,4.7144
4781,4.5892
4782,4.3786
4783,4.3426
4784,4.3555
4785,4.4849
4786,4.5823
4787,4.5047
4788,4.5521
4789,4.3431
4790,4.6377
4791,4.704
4792,4.8232
4793,4.7479
4794,4.6854
4795,4.6599
4796,4.6612
4797,4.7372
4798,4.6023
4799,4.6455
4800,4.7527
4801,4.7954
4802,5.0183
4803,4.4142
4804,4.4863
4805,4.7148
4806,4.5754
4807,4.7035
4808,4.6631
4809,4.3085
4810,4.8065
4811,4.9917
4812,4.5423
4813,4.4631
4814,4.9141
4815,4.5535
4816,4.5548
4817,4.5304
4818,4.6421
4819,4.5978
4820,4.4128
4821,4.7061
4822,4.617
4823,4.6482
4824,4.7481
4825,5.0235
4826,4.9225
4827,4.6762
4828,4.6173
4829,4.8899
4830,4.5656
4831,4.5687
4832,4.541
4833,4.6254
4834,4.5854
4835,4.7263
4836,4.5137
4837,4.486
4838,4.5931
4839,4.662
4840,4.5579
4841,4.5867
4842,4.8934
4843,4.684
4844,4.4068
4845,4.7466
4846,4.6864
4847,4.6162
4848,5.0403
4849,4.7372
4850,4.9042
4851,4.7225
4852,4.6075
4853,4.5108
4854,4.8081
4855,4.9531
4856,4.7335
4857,4.379
4858,4.7149
4859,4.7682
4860,4.6175
4861,4.7209
4862,4.9138
4863,4.5711
4864,4.7055
4865,4.639
4866,4.4462
4867,4.5921
4868,4.7212
4869,4.5396
4870,4.5783
4871,5.3088
4872,4.8356
4873,4.5541
4874,4.799
4875,4.6382
4876,4.8832
4877,4.9448
4878,4.5537
4879,5.0737
4880,4.3612
4881,4.5471
4882,4.7993
4883,4.6405
4884,4.5807
4885,4.9643
4886,4.8137
4887,4.837
4888,4.8509
4889,4.8186
4890,4.5087
4891,4.85
4892,4.4877
4893,4.9581
4894,5.2177
4895,5.0175
4896,4.8629
4897,4.7796
4898,4.9988
4899,4.9196
4900,4.7844
4901,4.8581
4902,4.6399
4903,4.7957
4904,4.5987
4905,4.5657
4906,4.4187
4907,4.6653
4908,4.5818
4909,4.4193
4910,4.4529
4911,4.5692
4912,4.7037
4913,4.3742
4914,4.755
4915,4.7958
4916,4.4305
4917,4.9025
4918,4.7187
4919,4.6474
4920,4.6512
4921,4.7634
4922,4.5435
4923,4.4942
4924,4.747
4925,4.5594
4926,4.7046
4927,4.5571
4928,4.6701
4929,4.6661
4930,4.6721
4931,4.718
4932,4.7215
4933,5.031
4934,4.8243
4935,4.9168
4936,4.9165
4937,4.6934
4938,4.8324
4939,4.6891
4940,5.2706
4941,4.7492
4942,4.6901
4943,4.7203
4944,4.5044
4945,4.6901
4946,4.8106
4947,4.3497
4948,4.559
4949,4.4327
4950,4.3639
4951,4.7236
4952,4.8647
4953,4.8896
4954,4.5347
4955,4.7086
4956,4.6202
4957,4.6057
4958,4.2964
4959,4.5929
4960,4.4574
4961,4.3789
4962,4.4187
4963,4.8004
4964,4.8519
4965,4.4441
4966,4.6913
4967,4.5951
4968,4.8108
4969,4.7273
4970,4.5494
4971,4.6185
4972,4.4346
4973,4.397
4974,4.5489
4975,4.6235
4976,4.6623
4977,4.571
4978,4.7508
4979,4.5537
4980,4.5421
4981,4.6905
4982,4.4639
4983,4.4992
4984,4.6391
4985,4.6624
4986,5.0627
4987,4.506
4988,4.6631
4989,4.6203
4990,4.5635
4991,4.5077
4992,4.7306
4993,4.4442
4994,4.6496
4995,4.8038
4996,4.7185
4997,4.6354
4998,4.7694
4999,4.55
5000,4.507
5001,4.581
5002,4.3478
5003,4.8702
5004,4.4242
5005,4.6085
5006,4.5233
5007,4.3311
5008,4.642
5009,5.2092
5010,4.5737
5011,4.7512
5012,4.8832
5013,4.7232
5014,4.4736
5015,4.5181
5016,4.6355
5017,5.0218
5018,4.8273
5019,4.8027
5020,4.9438
5021,4.6095
5022,4.9591
5023,4.4853
5024,4.6881
5025,4.7656
5026,4.7508
5027,4.9127
5028,4.5771
5029,4.4853
5030,4.8063
5031,4.679
5032,5.291
5033,5.0213
5034,4.6615
5035,4.6938
5036,4.7483
5037,4.6222
5038,4.7771
5039,4.7888
5040,4.6747
5041,4.6692
5042,4.6381
5043,4.7573
5044,4.5491
5045,4.5112
5046,4.5387
5047,4.3618
5048,4.6387
5049,4.5201
5050,4.5728
5051,4.5173
5052,4.4333
5053,4.3599
5054,4.533
5055,5.3837
5056,4.9952
5057,4.8532
5058,4.7609
5059,4.807
5060,5.0016
5061,4.8963
5062,5.0566
5063,4.9313
5064,4.6245
5065,4.5145
5066,4.8249
5067,5.004
5068,5.0797
5069,4.999
5070,5.118
5071,5.2515
5072,5.0624
5073,5.1049
5074,4.922
5075,4.7327
5076,4.8839
5077,4.8743
5078,4.8355
5079,4.4273
5080,4.3807
5081,4.7422
5082,4.4867
5083,4.8188
5084,4.8104
5085,4.8775
5086,4.9926
5087,4.6982
5088,4.5531
5089,4.7053
5090,5.092
5091,4.8042
5092,4.3845
5093,4.8184
5094,4.7349
5095,4.8576
5096,4.6582
5097,4.7739
5098,4.8673
5099,4.6422
5100,4.8538
5101,5.1522
5102,4.561
5103,4.9934
5104,4.7934
5105,5.0817
5106,4.7429
5107,5.0174
5108,4.6502
5109,4.5749
5110,4.4852
5111,4.4099
5112,4.6673
5113,4.5851
5114,4.6953
5115,4.6424
5116,4.6825
5117,4.3533
5118,4.5825
5119,4.436
5120,4.5395
5121,4.6437
5122,4.6107
5123,4.4805
5124,5.1899
5125,4.4893
5126,4.6628
5127,4.6193
5128,4.6356
5129,4.663
5130,4.6712
5131,4.6993
5132,4.5157
5133,4.4617
5134,4.5818
5135,4.6391
5136,4.7423
5137,4.7066
5138,4.5058
5139,4.7235
5140,4.6702
5141,4.5299
5142,4.8343
5143,4.601
5144,4.9159
5145,4.8147
5146,4.6276
5147,4.8269
5148,4.6421
5149,4.8098
5150,4.7698
5151,4.9327
5152,4.9188
5153,4.7317
5154,4.6025
5155,4.7613
5156,4.5481
5157,4.5446
5158,4.541
5159,4.5467
5160,4.7581
5161,4.4227
5162,4.8215
5163,4.776
5164,4.7329
5165,4.783
5166,4.78
5167,4.5225
5168,4.646
5169,4.6016
5170,5.2914
5171,4.5855
5172,4.5229
5173,4.5665
5174,5.0598
5175,4.7817
5176,4.6559
5177,4.7391
5178,4.6727
5179,4.5884
5180,4.5196
5181,4.6443
5182,4.6635
5183,4.8173
5184,4.4995
5185,4.2546
5186,4.3782
5187,4.6521
5188,4.741
5189,4.4756
5190,4.7129
5191,4.4353
5192,4.5934
5193,5.0414
5194,4.7845
5195,4.7693
5196,4.4709
5197,4.6328
5198,4.379
5199,4.6211
5200,4.2871
5201,4.6866
5202,4.5335
5203,4.4926
5204,4.5752
5205,4.5376
5206,4.565
5207,4.6413
5208,4.549
5209,4.6232
5210,4.6287
5211,4.5308
5212,4.4848
5213,4.628
5214,4.5182
5215,4.7147
5216,4.9937
5217,4.6236
5218,4.3544
5219,4.5711
5220,4.2969
5221,4.6555
5222,4.5839
5223,4.9226
5224,4.6606
5225,4.8156
5226,5.0373
5227,4.623
5228,4.5966
5229,4.7105
5230,4.9396
5231,4.5214
5232,4.9038
5233,4.3567
5234,4.7695
5235,4.6435
5236,4.6352
5237,4.6568
5238,4.6515
5239,5.2939
5240,4.6042
5241,4.6917
5242,4.7616
5243,4.7134
5244,4.4396
5245,4.9099
5246,4.7996
5247,4.7446
5248,4.5956
5249,4.5638
5250,4.6783
5251,4.5297
5252,4.6596
5253,4.4522
5254,4.4738
5255,4.4746
5256,4.4467
5257,4.4611
5258,4.3897
5259,4.2348
5260,4.3323
5261,4.8328
5262,5.2901
5263,4.7782
5264,4.7
5265,4.5405
5266,4.6037
5267,4.5576
5268,4.5781
5269,4.3165
5270,4.708
5271,4.8788
5272,4.8473
5273,4.6779
5274,4.8338
5275,4.8681
5276,4.8929
5277,4.5716
5278,4.7671
5279,4.5395
5280,4.5235
5281,4.4645
5282,4.7488
5283,4.5817
5284,4.5819
5285,5.3
5286,4.7145
5287,4.423
5288,4.6329
5289,4.6878
5290,4.7523
5291,4.5364
5292,4.6514
5293,4.5379
5294,4.83
5295,4.6152
5296,4.7047
5297,4.6182
5298,4.6741
5299,4.5592
5300,4.6412
5301,4.5889
5302,4.5353
5303,4.4815
5304,4.6765
5305,4.7704
5306,4.6104
5307,4.6407
5308,5.0627
5309,4.269
5310,4.6322
5311,4.4558
5312,4.1968
5313,4.2439
5314,4.7012
5315,4.5614
5316,4.4742
5317,4.4525
5318,4.4417
5319,4.5914
5320,4.3533
5321,4.2341
5322,4.7267
5323,4.5367
5324,4.5976
5325,4.4883
5326,4.6043
5327,4.4555
5328,4.4332
5329,4.301
5330,4.4396
5331,5.1434
5332,4.6862
5333,4.7276
5334,5.0469
5335,4.9963
5336,4.74
5337,4.6718
5338,4.5929
5339,4.2049
5340,4.4757
5341,4.5933
5342,4.9868
5343,4.8289
5344,4.711
5345,4.4173
5346,4.7525
5347,4.8321
5348,4.7552
5349,4.7287
5350,4.7648
5351,4.1158
5352,4.5616
5353,4.5609
5354,5.0838
5355,4.6683
5356,4.7303
5357,4.5213
5358,4.3716
5359,4.2131
5360,4.7509
5361,4.7468
5362,4.5413
5363,4.307
5364,4.6093
5365,4.5758
5366,4.5594
5367,4.9127
5368,4.3164
5369,4.6802
5370,4.8999
5371,4.8729
5372,4.8322
5373,4.7338
5374,4.763
5375,4.7746
5376,4.6863
5377,5.0868
5378,4.6678
5379,4.8324
5380,4.8765
5381,4.6879
5382,4.6589
5383,4.717
5384,4.7073
5385,4.7018
5386,4.5095
5387,4.5805
5388,4.6178
5389,4.3243
5390,4.4927
5391,4.4889
5392,4.79
5393,4.5854
5394,4.8139
5395,4.8835
5396,4.877
5397,4.8338
5398,4.8339
5399,4.7272
5400,5.1313
5401,4.8732
5402,4.7068
5403,4.5287
5404,4.9806
5405,4.7231
5406,4.7159
5407,4.9517
5408,4.7096
5409,4.7407
5410,4.7112
5411,4.2301
5412,4.4735
5413,4.7394
5414,4.6463
5415,4.8623
5416,4.9135
5417,4.8391
5418,4.8338
5419,4.4517
5420,4.9211
5421,4.901
5422,4.9035
5423,5.209
5424,4.5192
5425,4.5933
5426,4.7105
5427,4.4551
5428,4.6093
5429,4.3964
5430,4.7007
5431,4.5767
5432,4.6548
5433,4.6566
5434,4.5841
5435,4.7521
5436,4.7384
5437,4.6025
5438,4.5728
5439,4.6228
5440,4.4633
5441,4.5989
5442,4.559
5443,4.4882
5444,4.5209
5445,4.6464
5446,5.1435
5447,4.8537
5448,4.8321
5449,4.9092
5450,4.7352
5451,4.6756
5452,4.6488
5453,4.5254
5454,4.5337
5455,4.5436
5456,4.3599
5457,4.4095
5458,4.6261
5459,4.2841
5460,4.5259
5461,4.6027
5462,4.5087
5463,4.6526
5464,4.678
5465,4.661
5466,5.0001
5467,4.6073
5468,4.7059
5469,5.0572
5470,4.768
5471,4.5847
5472,4.639
5473,4.7278
5474,4.6603
5475,4.7843
5476,4.5455
5477,4.757
5478,4.7226
5479,4.7791
5480,4.224
5481,4.7363
5482,4.4375
5483,4.7944
5484,4.677
5485,4.8897
5486,4.7712
5487,4.645
5488,4.8185
5489,4.5973
5490,4.627
5491,4.6895
5492,4.9214
5493,4.5438
5494,4.6887
5495,4.8424
5496,4.6852
5497,4.9557
5498,4.9082
5499,4.8311
5500,4.8153
5501,5.0199
5502,4.4928
5503,4.9196
5504,4.6095
5505,4.4688
5506,4.682
5507,4.5651
5508,4.6359
5509,4.5294
5510,4.6995
5511,4.7841
5512,4.5931
5513,4.7196
5514,4.4179
5515,5.0593
5516,4.7549
5517,4.6667
5518,4.6176
5519,4.678
5520,4.5104
5521,4.4874
5522,4.5209
5523,4.5341
5524,4.6804
5525,4.654
5526,4.4584
5527,4.4848
5528,4.7503
5529,4.6277
5530,4.6459
5531,4.9653
5532,4.5208
5533,4.4732
5534,4.7002
5535,4.8787
5536,4.7524
5537,5.1239
5538,5.1468
5539,4.854
5540,5.0528
5541,4.7334
5542,4.8527
5543,4.9539
5544,4.7447
5545,4.5964
5546,4.474
5547,4.7323
5548,4.5362
5549,4.5861
5550,4.4955
5551,4.5127
5552,4.5506
5553,4.4772
5554,4.6492
5555,4.6942
5556,4.5833
5557,4.4844
5558,4.5083
5559,4.4138
5560,4.5184
5561,5.1459
5562,4.828
5563,4.8018
5564,4.8514
5565,4.7902
5566,4.5274
5567,4.6263
5568,4.379
5569,4.8175
5570,4.9535
5571,4.7868
5572,4.5759
5573,4.5029
5574,4.6244
5575,4.5332
5576,4.6287
5577,4.6573
5578,4.7094
5579,4.7079
5580,4.5661
5581,4.5871
5582,4.6115
5583,4.7984
5584,5.0793
5585,4.5009
5586,4.6465
5587,4.4165
5588,4.55
5589,4.6199
5590,4.3749
5591,4.5887
5592,4.6294
5593,4.4373
5594,4.8346
5595,4.7293
5596,4.6329
5597,5.1394
5598,5.0194
5599,4.4074
5600,4.7243
5601,4.7926
5602,4.4168
5603,4.6855
5604,4.6455
5605,4.5458
5606,4.3899
5607,4.9268
5608,4.8089
5609,4.3596
5610,4.6757
5611,4.7774
5612,4.6413
5613,4.6479
5614,4.7659
5615,4.3597
5616,4.7985
5617,4.8871
5618,4.7579
5619,4.7774
5620,4.7316
5621,4.8819
5622,4.4631
5623,5.0361
5624,4.4641
5625,5.4251
5626,5.1209
5627,4.6934
5628,5.1251
5629,5.0762
5630,5.5521
5631,4.7361
5632,4.8809
5633,4.9566
5634,4.7432
5635,4.714
5636,4.8682
5637,4.6864
5638,4.6712
5639,4.7481
5640,4.6315
5641,4.4362
5642,4.6983
5643,4.6622
5644,4.6875
5645,4.8516
5646,4.8699
5647,4.9089
5648,4.7437
5649,4.6257
5650,4.631
5651,4.624
5652,4.6666
5653,5.2063
5654,4.6074
5655,4.6825
5656,4.7414
5657,4.7386
5658,4.67
5659,4.92
5660,4.7829
5661,4.7014
5662,4.6322
5663,4.9727
5664,4.9243
5665,5.0619
5666,4.7835
5667,4.6819
5668,4.9002
5669,4.5652
5670,4.5813
5671,4.6547
5672,4.7889
5673,4.7292
5674,4.8145
5675,4.7783
5676,5.1853
5677,4.7211
5678,4.5408
5679,4.5308
5680,4.7223
5681,4.9085
5682,4.7437
5683,4.7532
5684,4.8736
5685,4.6825
5686,4.4119
5687,4.9084
5688,4.691
5689,4.6314
5690,4.7215
5691,4.617
5692,4.7911
5693,4.5349
5694,4.6806
5695,4.3853
5696,4.3983
5697,4.3827
5698,4.6814
5699,4.9597
5700,4.7472
5701,4.4717
5702,4.6393
5703,4.636
5704,4.6815
5705,4.3523
5706,4.6456
5707,4.493
5708,4.6132
5709,4.5501
5710,4.5142
5711,4.6242
5712,4.4596
5713,4.5456
5714,4.5913
5715,4.5445
5716,4.252
5717,4.5933
5718,4.755
5719,4.6668
5720,4.6061
5721,4.8636
5722,5.041
5723,4.7339
5724,4.7224
5725,4.9466
5726,4.4586
5727,4.4204
5728,4.5035
5729,4.6171
5730,4.5857
5731,4.5935
5732,4.3924
5733,4.5478
5734,4.7683
5735,4.8303
5736,4.5533
5737,4.5965
5738,4.6618
5739,4.7878
5740,4.8128
5741,4.7673
5742,4.647
5743,4.6234
5744,4.5262
5745,5.1316
5746,4.7791
5747,4.9086
5748,4.6104
5749,4.8885
5750,4.7306
5751,4.6766
5752,4.899
5753,5.0104
5754,4.4442
5755,4.9247
5756,4.9884
5757,4.7333
5758,4.819
5759,4.7843
5760,4.8799
5761,4.8333
5762,4.661
5763,5.0341
5764,5.1952
5765,4.9178
5766,4.798
5767,4.9121
5768,5.3778
5769,4.6474
5770,4.5238
5771,4.7582
5772,4.7384
5773,4.6807
5774,4.5731
5775,4.4793
5776,5.0179
5777,4.4257
5778,4.5732
5779,4.6992
5780,4.4939
5781,4.6886
5782,4.7213
5783,4.5639
5784,4.3522
5785,4.4216
5786,4.3874
5787,4.513
5788,4.598
5789,4.4043
5790,4.6932
5791,5.0345
5792,4.4075
5793,4.5694
5794,4.5808
5795,4.262
5796,4.3917
5797,4.4595
5798,4.4749
5799,4.5073
5800,4.6265
5801,4.5502
5802,4.4074
5803,4.7085
5804,4.6545
5805,4.4267
5806,4.6128
5807,4.645
5808,4.5667
5809,4.4934
5810,4.7825
5811,4.6794
5812,4.3919
5813,4.6551
5814,4.9538
5815,4.4509
5816,4.5093
5817,4.5732
5818,4.4321
5819,4.4351
5820,4.4788
5821,4.463
5822,4.6376
5823,4.3259
5824,4.4689
5825,4.6131
5826,4.5569
5827,4.4671
5828,4.5975
5829,4.3861
5830,4.5152
5831,4.7685
5832,4.4462
5833,4.6413
5834,4.6899
5835,4.6533
5836,4.1603
5837,5.0291
5838,4.7687
5839,4.6234
5840,4.6226
5841,4.5611
5842,4.5639
5843,4.8609
5844,4.7744
5845,4.7505
5846,4.7234
5847,4.468
5848,4.5986
5849,4.5757
5850,4.5889
5851,4.5121
5852,4.6046
5853,4.6605
5854,4.7578
5855,4.7304
5856,4.8243
5857,4.6335
5858,4.6801
5859,4.6761
5860,4.9648
5861,4.5548
5862,4.5467
5863,4.8028
5864,4.7087
5865,4.6006
5866,4.9276
5867,4.774
5868,4.8457
5869,4.8823
5870,4.5204
5871,4.5607
5872,4.5195
5873,5.0676
5874,4.7821
5875,4.8046
5876,4.7922
5877,4.9473
5878,4.6636
5879,4.73
5880,4.2494
5881,4.6513
5882,4.392
5883,4.9275
5884,4.8266
5885,4.6472
5886,4.6025
5887,4.5701
5888,4.3847
5889,4.6034
5890,4.3879
5891,4.6835
5892,4.6536
5893,4.682
5894,4.6327
5895,4.7363
5896,4.7233
5897,4.5391
5898,4.7685
5899,4.6223
5900,4.6365
5901,4.6428
5902,4.4666
5903,4.8901
5904,4.7401
5905,4.7912
5906,4.6184
5907,4.8085
5908,4.7796
5909,4.9244
5910,4.5188
5911,4.5997
5912,4.5688
5913,4.6073
5914,4.852
5915,4.6469
5916,4.5705
5917,4.5074
5918,4.6008
5919,4.5154
5920,4.7335
5921,4.7665
5922,4.5881
5923,4.4794
5924,4.765
5925,4.7142
5926,4.6255
5927,4.5995
5928,4.5159
5929,4.9651
5930,4.6894
5931,4.5799
5932,4.485
5933,4.6861
5934,4.5073
5935,4.6028
5936,4.68
5937,4.6914
5938,4.3341
5939,4.5273
5940,4.5941
5941,4.6126
5942,4.7632
5943,4.6725
5944,4.5196
5945,4.7922
5946,4.7706
5947,4.8161
5948,4.6994
5949,4.828
5950,4.8296
5951,4.7835
5952,5.2583
5953,4.6945
5954,4.9458
5955,4.8469
5956,4.9545
5957,5.0564
5958,4.6529
5959,4.8143
5960,4.9678
5961,4.7133
5962,4.5012
5963,4.6992
5964,4.8391
5965,4.7381
5966,4.7806
5967,4.7234
5968,4.8057
5969,4.8469
5970,4.7616
5971,4.6747
5972,4.6961
5973,4.7634
5974,4.6897
5975,5.0413
5976,4.5018
5977,4.4477
5978,4.6496
5979,4.4208
5980,4.3543
5981,4.6858
5982,4.5643
5983,4.1006
5984,4.6205
5985,4.799
5986,4.7434
5987,4.7276
5988,4.8708
5989,4.6464
5990,4.7412
5991,4.5452
5992,4.695
5993,4.6405
5994,4.9245
5995,4.5491
5996,4.8865
5997,4.6786
5998,5.2085
5999,4.6161
6000,4.3989
6001,4.6076
6002,4.5406
6003,4.4218
6004,4.4363
6005,4.4567
6006,4.5379
6007,4.4916
6008,4.6706
6009,4.5646
6010,4.7436
6011,4.4834
6012,4.551
6013,4.7628
6014,4.866
6015,4.6985
6016,4.5366
6017,4.7525
6018,4.6017
6019,4.5235
6020,4.5623
6021,5.0164
6022,4.2298
6023,4.4947
6024,4.6049
6025,4.5832
6026,4.6841
6027,4.5762
6028,4.624
6029,4.5434
6030,4.6593
6031,4.6259
6032,4.3678
6033,4.4819
6034,4.5903
6035,4.6409
6036,4.5491
6037,4.6702
6038,4.4675
6039,4.7756
6040,4.6164
6041,4.5727
6042,4.3974
6043,4.5099
6044,4.9773
6045,4.7477
6046,4.5052
6047,4.5925
6048,4.5298
6049,4.7246
6050,4.6949
6051,4.5637
6052,4.663
6053,4.5425
6054,4.525
6055,4.6131
6056,4.6493
6057,4.8354
6058,4.8155
6059,4.6483
6060,4.9671
6061,4.5327
6062,4.724
6063,4.8663
6064,4.8504
6065,4.9362
6066,4.6679
6067,5.1775
6068,4.8362
6069,4.6525
6070,4.781
6071,4.545
6072,4.9475
6073,4.5537
6074,4.8366
6075,4.7365
6076,4.7293
6077,4.8924
6078,4.8775
6079,4.5378
6080,4.8792
6081,4.6411
6082,4.7163
6083,4.546
6084,4.8548
6085,4.7159
6086,4.7956
6087,4.6275
6088,4.5678
6089,4.4901
6090,4.8536
6091,4.5471
6092,4.6575
6093,4.3724
6094,4.249
6095,4.6641
6096,4.3731
6097,4.5458
6098,4.4546
6099,4.5725
6100,4.6044
6101,4.7072
6102,4.6079
6103,4.4939
6104,4.597
6105,4.6352
6106,4.7795
6107,4.5844
6108,4.7509
6109,4.6625
6110,4.627
6111,4.6524
6112,4.5833
6113,4.9615
6114,4.5386
6115,4.5836
6116,4.8622
6117,4.5478
6118,4.5824
6119,4.6399
6120,4.5513
6121,4.4572
6122,4.5152
6123,4.7525
6124,4.7132
6125,4.4394
6126,4.6213
6127,4.5515
6128,4.6934
6129,4.6483
6130,4.6173
6131,4.6419
6132,4.4578
6133,4.6629
6134,4.7099
6135,4.8654
6136,5.2243
6137,4.7568
6138,4.4821
6139,4.7208
6140,4.7971
6141,4.5396
6142,4.7237
6143,4.731
6144,4.6575
6145,4.5615
6146,4.6843
6147,4.7557
6148,4.8035
6149,4.7916
6150,4.627
6151,4.7456
6152,4.7094
6153,4.4366
6154,4.6699
6155,4.7332
6156,4.7646
6157,4.7184
6158,4.4839
6159,5.1829
6160,4.6289
6161,4.6269
6162,4.5923
6163,4.6978
6164,4.4171
6165,4.5101
6166,4.741
6167,4.4584
6168,4.5324
6169,4.7351
6170,4.644
6171,4.4229
6172,4.6273
6173,4.5326
6174,4.8134
6175,4.5804
6176,4.7343
6177,4.8057
6178,5.0297
6179,4.6931
6180,4.6784
6181,4.7262
6182,5.1027
6183,4.5422
6184,4.6606
6185,4.7663
6186,4.8718
6187,4.9591
6188,4.8081
6189,4.8535
6190,4.8386
6191,4.804
6192,4.8207
6193,5.0227
6194,4.9516
6195,4.8527
6196,4.7019
6197,4.9387
6198,4.6002
6199,4.5268
6200,4.5417
6201,4.6718
6202,4.7344
6203,4.2443
6204,4.5052
6205,4.7159
6206,4.4031
6207,4.3361
6208,4.4078
6209,4.6523
6210,4.5751
6211,4.5772
6212,4.5693
6213,4.3013
6214,4.4198
6215,4.5833
6216,4.4243
6217,4.5298
6218,4.5298
6219,4.4952
6220,4.5303
6221,4.5577
6222,4.5041
6223,4.7515
6224,4.772
6225,4.5893
6226,4.7522
6227,4.2597
6228,5.148
6229,4.6846
6230,4.4549
6231,4.6216
6232,4.6369
6233,4.5094
6234,4.4746
6235,4.6437
6236,4.4767
6237,4.9873
6238,4.7268
6239,4.6593
6240,4.9168
6241,4.8333
6242,4.5906
6243,4.7091
6244,4.4933
6245,4.4557
6246,4.7721
6247,4.8451
6248,4.6169
6249,4.566
6250,4.5577
6251,4.8707
6252,4.6992
6253,4.8282
6254,4.4443
6255,4.5869
6256,4.8639
6257,4.5175
6258,4.6614
6259,4.5167
6260,4.7272
6261,4.5177
6262,4.8437
6263,4.6168
6264,4.5373
6265,4.4859
6266,4.563
6267,4.552
6268,4.8563
6269,5.0188
6270,5.0691
6271,5.294
6272,4.809
6273,4.7751
6274,4.7711
6275,4.397
6276,4.3721
6277,4.5334
6278,4.2397
6279,4.3986
6280,4.7054
6281,4.4915
6282,4.4061
6283,4.3303
6284,4.6501
6285,4.4992
6286,4.1497
6287,4.2183
6288,4.0884
6289,4.3298
6290,4.4215
6291,4.4671
6292,4.4054
6293,4.5339
6294,4.5184
6295,4.4667
6296,4.6546
6297,5.0078
6298,4.6553
6299,4.5141
6300,4.3435
6301,4.2666
6302,4.5591
6303,4.3571
6304,4.1516
6305,4.3269
6306,4.3783
6307,4.2584
6308,4.5346
6309,4.45
6310,4.3507
6311,4.2059
6312,4.3656
6313,4.3499
6314,4.5261
6315,4.33
6316,4.4987
6317,4.3952
6318,4.3538
6319,4.3572
6320,4.5029
6321,4.6606
6322,4.5345
6323,4.5898
6324,4.6398
6325,4.3969
6326,4.3986
6327,4.4041
6328,4.5659
6329,4.3767
6330,4.5599
6331,4.6975
6332,4.6417
6333,4.3225
6334,4.6942
6335,4.5167
6336,4.7241
6337,4.3654
6338,4.5821
6339,4.6581
6340,4.4836
6341,4.6288
6342,4.6546
6343,4.9312
6344,4.4709
6345,4.5578
6346,4.265
6347,4.3758
6348,4.5281
6349,4.2775
6350,4.6659
6351,4.4359
6352,4.3286
6353,4.4651
6354,4.4226
6355,4.4355
6356,4.3402
6357,4.5565
6358,4.4478
6359,4.3263
6360,4.656
6361,4.5237
6362,4.3022
6363,4.5517
6364,4.5212
6365,4.5314
6366,5.0032
6367,4.379
6368,4.5589
6369,4.5934
6370,4.5522
6371,4.5158
6372,4.4363
6373,4.608
6374,4.2044
6375,4.485
6376,4.5315
6377,4.6438
6378,4.1582
6379,4.3853
6380,4.4873
6381,4.6073
6382,4.7116
6383,4.5427
6384,4.3061
6385,4.6626
6386,4.5581
6387,4.6739
6388,4.6043
6389,5.2387
6390,4.7776
6391,4.4375
6392,4.8137
6393,4.5244
6394,4.5106
6395,4.5021
6396,4.5071
6397,4.5009
6398,4.4914
6399,4.6769
6400,4.5169
6401,4.5425
6402,4.4582
6403,4.7644
6404,4.8914
6405,4.6856
6406,4.4263
6407,4.618
6408,4.6504
6409,4.7374
6410,4.6428
6411,4.3338
6412,5.0121
6413,4.6122
6414,4.6448
6415,4.5132
6416,4.6201
6417,4.7838
6418,4.7732
6419,4.653
6420,4.7038
6421,4.671
6422,4.537
6423,4.3297
6424,4.2641
6425,4.5003
6426,4.2705
6427,4.4835
6428,4.3465
6429,4.5637
6430,4.5771
6431,4.4285
6432,4.4657
6433,4.3356
6434,4.4254
6435,5.0699
6436,4.3954
6437,4.6354
6438,4.6156
6439,4.46
6440,4.5242
6441,4.497
6442,4.7865
6443,4.647
6444,4.2699
6445,4.4742
6446,4.4685
6447,4.6168
6448,4.2447
6449,4.4194
6450,4.8044
6451,4.5405
6452,4.4891
6453,4.6686
6454,4.3623
6455,4.4007
6456,4.6421
6457,4.7315
6458,5.0172
6459,4.7223
6460,4.7685
6461,4.6706
6462,4.7626
6463,4.5635
6464,4.8369
6465,4.5641
6466,4.5367
6467,4.4987
6468,4.8148
6469,4.5031
6470,4.2513
6471,4.5391
6472,4.3656
6473,4.7184
6474,4.5031
6475,4.4717
6476,4.6921
6477,4.7293
6478,4.6991
6479,4.7093
6480,4.6234
6481,5.2745
6482,4.6061
6483,4.3391
6484,4.4645
6485,4.4856
6486,4.9086
6487,4.5561
6488,4.5655
6489,4.7228
6490,4.623
6491,4.6846
6492,4.2678
6493,4.7553
6494,4.6434
6495,4.8352
6496,4.7983
6497,4.6359
6498,4.6074
6499,4.5834
6500,4.5507
6501,4.6476
6502,4.6506
6503,4.6571
6504,5.2703
6505,4.834
6506,4.661
6507,4.3095
6508,4.5889
6509,4.6206
6510,4.4926
6511,4.5703
6512,4.7355
6513,4.737
6514,4.6539
6515,4.8746
6516,4.878
6517,4.3878
6518,4.7921
6519,4.5203
6520,4.7377
6521,4.6524
6522,4.5092
6523,4.7368
6524,4.7773
6525,4.7721
6526,4.5908
6527,5.1384
6528,4.6982
6529,4.5983
6530,4.6213
6531,4.5272
6532,4.5757
6533,4.5621
6534,4.2368
6535,4.1995
6536,4.4317
6537,4.4065
6538,4.5734
6539,4.4074
6540,4.345
6541,4.3374
6542,4.2856
6543,4.4368
6544,4.4819
6545,4.5535
6546,4.4086
6547,4.4109
6548,4.3503
6549,4.3078
6550,4.9183
6551,4.3661
6552,4.4233
6553,4.4197
6554,4.5428
6555,4.4428
6556,4.3908
6557,4.3998
6558,4.3009
6559,4.3853
6560,4.4658
6561,4.6962
6562,4.6078
6563,4.8091
6564,4.6596
6565,4.6365
6566,4.1898
6567,4.6905
6568,4.6035
6569,4.6869
6570,4.8107
6571,4.4525
6572,4.564
6573,5.0216
6574,4.6757
6575,4.753
6576,4.6926
6577,4.6345
6578,4.5351
6579,4.8258
6580,4.5703
6581,4.7026
6582,4.6962
6583,4.9274
6584,4.7124
6585,4.4654
6586,4.7595
6587,4.6831
6588,4.8948
6589,4.7567
6590,4.9324
6591,4.7578
6592,4.6639
6593,4.6394
6594,4.9722
6595,4.8963
6596,5.1575
6597,4.811
6598,5.0292
6599,4.9561
6600,4.6646
6601,4.8409
6602,4.8925
6603,4.8087
6604,4.7654
6605,4.5082
6606,4.7853
6607,4.6153
6608,4.4713
6609,4.578
6610,4.512
6611,4.5818
6612,4.5387
6613,4.5033
6614,4.3843
6615,4.4068
6616,4.4109
6617,4.7528
6618,4.8708
6619,4.9304
6620,4.9337
6621,4.8979
6622,4.7627
6623,4.597
6624,4.6635
6625,4.2556
6626,4.4697
6627,4.5373
6628,4.7001
6629,4.7528
6630,4.6669
6631,4.5937
6632,4.6724
6633,4.6971
6634,4.7069
6635,5.0297
6636,4.6179
6637,4.3725
6638,4.4737
6639,4.4423
6640,4.6557
6641,4.3874
6642,5.1029
6643,4.5139
6644,4.8031
6645,4.3416
6646,4.6372
6647,4.6455
6648,4.7159
6649,4.6692
6650,4.4445
6651,4.3454
6652,4.6062
6653,4.7171
6654,4.5103
6655,4.8517
6656,4.9444
6657,4.5857
6658,4.7055
6659,4.9099
6660,4.7702
6661,4.4835
6662,4.6107
6663,4.8089
6664,4.384
6665,5.0287
6666,4.3527
6667,4.7494
6668,4.7278
6669,4.3007
6670,4.703
6671,4.5551
6672,4.5236
6673,4.6771
6674,4.7467
6675,4.4983
6676,4.7216
6677,4.6587
6678,4.236
6679,4.3036
6680,4.5426
6681,4.649
6682,4.608
6683,4.4514
6684,4.4772
6685,4.6843
6686,4.6255
6687,4.8711
6688,4.8868
6689,4.9212
6690,4.5547
6691,4.7474
6692,4.4538
6693,4.8846
6694,4.8166
6695,4.6439
6696,4.6693
6697,4.6739
6698,4.6856
6699,4.5752
6700,4.817
6701,4.4259
6702,4.5811
6703,4.8452
6704,4.5536
6705,4.6811
6706,4.6139
6707,4.3892
6708,4.4385
6709,4.3997
6710,4.1985
6711,4.6962
6712,4.3335
6713,4.4017
6714,4.5611
6715,4.7466
6716,4.5695
6717,4.5552
6718,4.3203
6719,4.6311
6720,4.3932
6721,4.3341
6722,4.3558
6723,4.3433
6724,4.5062
6725,4.2294
6726,4.2557
6727,4.238
6728,4.7748
6729,4.6071
6730,4.7895
6731,4.5563
6732,4.5293
6733,4.5044
6734,4.9418
6735,4.5889
6736,4.5919
6737,4.3718
6738,4.6039
6739,4.8491
6740,4.6121
6741,4.5954
6742,4.8275
6743,4.6238
6744,4.6005
6745,4.5682
6746,4.6713
6747,4.5729
6748,4.3955
6749,4.6219
6750,4.3986
6751,4.4705
6752,4.5166
6753,4.8282
6754,4.6955
6755,4.7358
6756,4.9014
6757,5.4145
6758,5.0524
6759,5.062
6760,4.877
6761,5.0092
6762,5.0199
6763,5.0544
6764,4.9164
6765,4.8955
6766,4.8732
6767,4.6664
6768,4.823
6769,4.56
6770,4.6875
6771,4.5253
6772,4.8906
6773,4.6329
6774,4.6729
6775,4.6642
6776,4.8538
6777,4.4202
6778,4.6466
6779,4.5672
6780,5.5025
6781,4.5728
6782,4.8462
6783,4.6662
6784,4.4204
6785,4.8404
6786,4.6609
6787,4.5412
6788,4.7221
6789,4.5105
6790,4.5041
6791,4.7981
6792,4.837
6793,4.6177
6794,4.4719
6795,4.64
6796,4.605
6797,4.6144
6798,4.4527
6799,4.5479
6800,4.7224
6801,4.618
6802,4.6066
6803,4.9213
6804,4.5995
6805,5.0151
6806,4.765
6807,4.5521
6808,4.9166
6809,4.791
6810,4.7547
6811,4.5391
6812,4.6733
6813,4.6285
6814,4.7495
6815,4.8428
6816,4.7147
6817,4.5636
6818,5.0138
6819,4.5532
6820,4.6613
6821,4.731
6822,4.8913
6823,4.7236
6824,4.6854
6825,4.8175
6826,5.4317
6827,4.5594
6828,4.6661
6829,4.6823
6830,4.5345
6831,4.5985
6832,4.4912
6833,4.5566
6834,4.7775
6835,4.9413
6836,4.4987
6837,4.7408
6838,4.7838
6839,4.8318
6840,4.5774
6841,4.7645
6842,4.6792
6843,4.8313
6844,4.703
6845,4.4642
6846,4.6712
6847,4.7295
6848,4.8307
6849,5.2642
6850,4.8187
6851,4.6741
6852,4.7003
6853,4.5492
6854,4.7601
6855,4.6551
6856,4.5202
6857,4.6744
6858,4.371
6859,4.8156
6860,4.6562
6861,4.5595
6862,4.6498
6863,4.4153
6864,4.9356
6865,4.7744
6866,4.7075
6867,4.6672
6868,4.73
6869,4.8592
6870,4.3829
6871,4.6068
6872,5.2128
6873,4.6198
6874,4.486
6875,4.6462
6876,5.0346
6877,4.9107
6878,4.9964
6879,4.9529
6880,4.9831
6881,4.6136
6882,4.8274
6883,4.9067
6884,4.6789
6885,4.8458
6886,4.79
6887,4.7272
6888,4.7762
6889,4.6807
6890,4.8737
6891,4.7291
6892,4.717
6893,4.8062
6894,4.5191
6895,5.2752
6896,4.7152
6897,4.8405
6898,4.7642
6899,4.5811
6900,4.7271
6901,4.5073
6902,4.6221
6903,4.5994
6904,4.6992
6905,4.6128
6906,4.5159
6907,4.5596
6908,4.6163
6909,4.6033
6910,4.6912
6911,4.4198
6912,4.7834
6913,4.6813
6914,4.7964
6915,4.617
6916,4.5026
6917,4.5848
6918,4.7789
6919,4.5852
6920,4.5845
6921,4.6196
6922,4.3848
6923,4.4956
6924,4.5825
6925,4.5934
6926,4.4903
6927,4.6344
6928,4.5914
6929,4.482
6930,4.9226
6931,4.5857
6932,4.6756
6933,4.7174
6934,4.7382
6935,4.5584
6936,4.855
6937,4.46
6938,4.6149
6939,4.5392
6940,4.427
6941,5.0209
6942,4.7754
6943,4.6011
6944,4.7049
6945,4.7257
6946,4.3219
6947,4.7212
6948,4.6072
6949,4.797
6950,4.8029
6951,4.7662
6952,4.9073
6953,4.8871
6954,4.7831
6955,4.6338
6956,4.9281
6957,4.9637
6958,4.4312
6959,4.7507
6960,4.7442
6961,4.7003
6962,4.8511
6963,5.0519
6964,5.1408
6965,4.8057
6966,4.5202
6967,4.4805
6968,4.9612
6969,4.8258
6970,4.7386
6971,4.5112
6972,4.9422
6973,4.6605
6974,4.8111
6975,4.9575
6976,4.7946
6977,4.659
6978,4.5564
6979,4.7266
6980,4.5432
6981,4.535
6982,4.5843
6983,4.5569
6984,4.4703
6985,4.4163
6986,4.7524
6987,5.4038
6988,5.0646
6989,4.7019
6990,4.9433
6991,4.9359
6992,4.8011
6993,5.0714
6994,4.71
6995,4.861
6996,4.6966
6997,4.8853
6998,4.7989
6999,4.9021
7000,4.9362
7001,4.7118
7002,4.9883
7003,4.9767
7004,4.7438
7005,4.9792
7006,4.756
7007,4.7436
7008,4.7692
7009,4.9101
7010,5.453
7011,4.771
7012,4.9223
7013,4.787
7014,4.6905
7015,4.9384
7016,5.117
7017,4.7826
7018,4.64
7019,4.7185
7020,4.9501
7021,4.6478
7022,4.7233
7023,4.5235
7024,4.7546
7025,4.7809
7026,4.2696
7027,4.76
7028,4.8119
7029,4.9578
7030,5.0262
7031,5.0433
7032,4.8744
7033,5.0356
7034,4.7046
7035,4.4426
7036,4.6922
7037,4.511
7038,4.7768
7039,4.7821
7040,4.8439
7041,5.0264
7042,4.715
7043,4.8006
7044,4.4846
7045,4.7354
7046,4.6622
7047,4.7998
7048,4.8742
7049,4.5944
7050,4.617
7051,4.6265
7052,4.6271
7053,4.6829
7054,4.4909
7055,4.8434
7056,5.2221
7057,4.8125
7058,4.756
7059,4.6499
7060,4.7304
7061,4.7467
7062,4.7874
7063,4.6966
7064,4.7363
7065,4.4548
7066,4.4757
7067,4.6053
7068,4.7786
7069,4.4489
7070,5.0565
7071,4.7506
7072,4.6788
7073,4.9094
7074,4.7302
7075,4.7057
7076,4.846
7077,4.6962
7078,4.6109
7079,5.2036
7080,4.7889
7081,4.5489
7082,4.597
7083,4.6132
7084,4.6662
7085,4.7058
7086,4.5554
7087,4.5512
7088,4.5847
7089,4.5008
7090,4.4967
7091,4.699
7092,4.7839
7093,4.8022
7094,4.6773
7095,4.6169
7096,4.3826
7097,4.5899
7098,4.5086
7099,4.803
7100,4.4068
7101,4.681
7102,4.9589
7103,4.5928
7104,4.4364
7105,4.7159
7106,4.628
7107,4.5662
7108,4.562
7109,4.7996
7110,4.7581
7111,4.6653
7112,4.7277
7113,4.5576
7114,4.8339
7115,4.5348
7116,4.6813
7117,4.7607
7118,4.644
7119,4.5941
7120,4.673
7121,4.7265
7122,4.4538
7123,4.6594
7124,4.3292
7125,4.8497
7126,4.8732
7127,4.7155
7128,4.6849
7129,4.8939
7130,4.3299
7131,4.6781
7132,4.7408
7133,4.5428
7134,4.7599
7135,4.5174
7136,4.5742
7137,4.6628
7138,4.5734
7139,4.5324
7140,4.5613
7141,4.5522
7142,4.8158
7143,4.4331
7144,4.3658
7145,4.6597
7146,4.6116
7147,4.8118
7148,5.1099
7149,4.8661
7150,4.5554
7151,4.9581
7152,4.7439
7153,4.8461
7154,4.6629
7155,4.6065
7156,4.6295
7157,4.4479
7158,4.7018
7159,4.7641
7160,4.8448
7161,4.9642
7162,4.8355
7163,4.8679
7164,4.5737
7165,4.3764
7166,4.4759
7167,4.4767
7168,4.2932
7169,4.5509
7170,4.3994
7171,4.8184
7172,4.7156
7173,4.516
7174,4.444
7175,4.6046
7176,4.7363
7177,4.7251
7178,4.831
7179,4.9085
7180,4.7785
7181,4.6249
7182,4.6551
7183,4.4836
7184,4.8462
7185,4.6897
7186,4.7091
7187,4.5947
7188,4.3849
7189,4.642
7190,4.6093
7191,4.711
7192,4.7761
7193,4.7502
7194,4.7983
7195,4.7739
7196,4.6659
7197,4.8313
7198,4.5533
7199,4.6906
7200,4.7309
7201,4.5999
7202,4.6099
7203,4.5498
7204,4.6389
7205,4.5585
7206,4.3137
7207,4.6367
7208,4.6983
7209,4.5261
7210,4.6048
7211,4.589
7212,4.6778
7213,4.8853
7214,4.6524
7215,4.7538
7216,4.8629
7217,5.0343
7218,4.6361
7219,4.7842
7220,4.5391
7221,4.7034
7222,4.809
7223,4.6798
7224,4.6274
7225,4.7937
7226,4.9068
7227,4.7705
7228,4.6159
7229,4.4897
7230,4.7895
7231,4.6742
7232,4.7306
7233,4.8828
7234,4.7666
7235,4.6172
7236,4.3961
7237,4.5607
7238,4.6147
7239,4.8055
7240,5.0309
7241,4.5879
7242,4.5701
7243,4.67
7244,4.5414
7245,4.6378
7246,4.4382
7247,4.8062
7248,4.6537
7249,4.7483
7250,4.7469
7251,4.7348
7252,4.4696
7253,4.7059
7254,4.6474
7255,4.7893
7256,4.6178
7257,4.6681
7258,4.6048
7259,4.5217
7260,4.7395
7261,4.7291
7262,4.688
7263,5.3233
7264,4.6315
7265,4.7402
7266,4.8346
7267,4.8714
7268,4.8324
7269,4.6534
7270,4.6802
7271,4.643
7272,4.7058
7273,5.0982
7274,4.631
7275,4.9249
7276,4.9732
7277,4.7824
7278,4.7956
7279,4.9716
7280,4.8299
7281,4.5789
7282,4.5923
7283,4.5784
7284,4.5265
7285,4.7155
7286,5.162
7287,4.7204
7288,4.5964
7289,4.5435
7290,4.7842
7291,4.7417
7292,4.5837
7293,4.4694
7294,4.8514
7295,4.598
7296,4.6157
7297,4.617
7298,4.7232
7299,4.6003
7300,4.4678
7301,4.471
7302,4.6316
7303,4.6631
7304,4.5821
7305,4.6425
7306,4.6876
7307,4.7071
7308,4.9205
7309,4.8505
7310,4.7815
7311,4.7113
7312,4.8933
7313,4.4519
7314,4.8576
7315,4.6245
7316,4.9104
7317,4.7338
7318,4.7651
7319,4.8072
7320,5.054
7321,4.9634
7322,4.6873
7323,4.6749
7324,4.5706
7325,4.6056
7326,4.645
7327,4.7457
7328,4.79
7329,4.8728
7330,5.0928
7331,5.0219
7332,5.5423
7333,4.8722
7334,4.7845
7335,4.7583
7336,4.9236
7337,4.7507
7338,4.6567
7339,4.6384
7340,4.9308
7341,5.0299
7342,4.8475
7343,4.9967
7344,5.0254
7345,4.7187
7346,4.5477
7347,4.5585
7348,4.834
7349,4.7874
7350,4.8786
7351,4.9058
7352,4.8284
7353,4.6571
7354,4.632
7355,5.2872
7356,4.7502
7357,4.612
7358,4.7628
7359,4.7914
7360,4.8781
7361,4.8102
7362,4.9873
7363,4.8577
7364,4.7239
7365,4.7659
7366,4.8878
7367,4.9911
7368,4.7084
7369,4.597
7370,4.6942
7371,4.6227
7372,4.5305
7373,4.5424
7374,4.7579
7375,4.699
7376,4.5981
7377,4.6922
7378,4.7931
7379,4.6809
7380,4.6698
7381,4.8102
7382,4.5018
7383,4.6552
7384,4.3601
7385,4.7781
7386,4.6888
7387,4.4732
7388,4.7714
7389,4.5963
7390,4.6551
7391,4.7758
7392,4.695
7393,4.4538
7394,4.7443
7395,4.5732
7396,4.8461
7397,4.8904
7398,4.7205
7399,4.8321
7400,4.6388
7401,5.2203
7402,4.4886
7403,4.6583
7404,4.5087
7405,4.6783
7406,4.7074
7407,4.6118
7408,4.8287
7409,4.7192
7410,4.5833
7411,4.8564
7412,4.7547
7413,4.9358
7414,4.7778
7415,4.9299
7416,4.6994
7417,4.6499
7418,4.512
7419,4.5476
7420,4.4903
7421,4.5296
7422,4.6897
7423,4.8411
7424,4.8697
7425,4.448
7426,4.3311
7427,4.6028
7428,4.5355
7429,4.9599
7430,4.631
7431,4.9757
7432,4.5637
7433,4.4714
7434,4.7282
7435,4.9155
7436,4.6532
7437,4.8299
7438,4.6712
7439,4.769
7440,4.6709
7441,4.852
7442,4.7882
7443,4.6725
7444,4.7262
7445,4.808
7446,4.8885
7447,5.13
7448,4.6451
7449,4.8924
7450,4.6892
7451,4.663
7452,4.7213
7453,4.5165
7454,4.4867
7455,4.7623
7456,4.3963
7457,4.6634
7458,4.942
7459,4.5408
7460,4.7322
7461,4.5839
7462,4.7326
7463,4.5475
7464,4.5557
7465,4.5757
7466,4.8533
7467,4.786
7468,4.396
7469,4.3981
7470,4.9259
7471,4.5967
7472,4.7723
7473,4.5858
7474,4.4014
7475,4.6155
7476,4.3032
7477,4.4027
7478,4.4526
7479,4.5792
7480,4.5425
7481,4.7313
7482,4.5817
7483,4.4978
7484,4.5788
7485,4.6156
7486,4.8298
7487,4.7383
7488,4.9104
7489,4.7588
7490,4.7959
7491,4.4618
7492,4.6503
7493,5.2602
7494,4.4991
7495,4.9166
7496,4.5622
7497,4.7426
7498,4.8158
7499,4.5499
7500,4.5837
7501,4.528
7502,4.404
7503,4.4292
7504,4.7528
7505,5.0033
7506,4.8363
7507,4.6378
7508,4.6084
7509,4.7205
7510,4.4617
7511,4.6158
7512,4.5961
7513,4.827
7514,4.6576
7515,4.4937
7516,4.6305
7517,4.7448
7518,4.4713
7519,4.6964
7520,4.5188
7521,4.7048
7522,4.8586
7523,4.7292
7524,4.3845
7525,4.8329
7526,4.8288
7527,4.6062
7528,4.567
7529,4.4524
7530,4.3754
7531,4.3764
7532,4.2407
7533,4.1323
7534,4.6055
7535,4.3616
7536,4.5684
7537,4.5367
7538,4.3596
7539,4.7131
7540,4.462
7541,4.608
7542,4.4571
7543,4.6982
7544,4.6686
7545,4.4804
7546,4.6118
7547,4.7067
7548,4.505
7549,4.425
7550,4.6928
7551,4.6694
7552,4.6809
7553,4.4342
7554,4.4216
7555,4.6644
7556,4.3008
7557,4.958
7558,4.6428
7559,4.4665
7560,4.5427
7561,4.7365
7562,4.9897
7563,4.7244
7564,5.0785
7565,4.6077
7566,4.7074
7567,4.4665
7568,4.5186
7569,4.6392
7570,4.7413
7571,4.7953
7572,4.4593
7573,4.8961
7574,4.4121
7575,4.6134
7576,4.8675
7577,4.7818
7578,4.5843
7579,4.6428
7580,4.8087
7581,4.8545
7582,4.8942
7583,4.7824
7584,4.7273
7585,5.4095
7586,4.6769
7587,4.8564
7588,4.581
7589,4.3967
7590,4.7877
7591,4.568
7592,4.4101
7593,4.7662
7594,4.4888
7595,4.4353
7596,4.565
7597,4.7386
7598,4.599
7599,4.7126
7600,4.6708
7601,4.2939
7602,4.5796
7603,4.4728
7604,4.6743
7605,4.706
7606,4.6388
7607,4.5107
7608,5.0376
7609,4.4939
7610,4.8466
7611,4.8636
7612,4.9449
7613,4.7884
7614,4.3262
7615,4.5234
7616,4.6846
7617,4.3943
7618,4.3346
7619,4.6819
7620,4.6234
7621,4.4922
7622,4.4521
7623,4.306
7624,4.7848
7625,4.6831
7626,4.7089
7627,4.4439
7628,4.7841
7629,4.6035
7630,4.53
7631,5.0957
7632,4.5044
7633,4.3219
7634,4.348
7635,4.4745
7636,4.6738
7637,4.6683
7638,4.8134
7639,4.563
7640,4.5036
7641,4.7013
7642,4.6739
7643,4.6006
7644,4.4389
7645,4.9232
7646,4.6225
7647,4.5685
7648,4.8831
7649,4.5052
7650,4.915
7651,4.5822
7652,4.6136
7653,4.5378
7654,4.9546
7655,5.1399
7656,4.973
7657,4.8556
7658,5.0855
7659,4.9917
7660,4.8257
7661,4.8375
7662,4.3204
7663,4.448
7664,4.9815
7665,4.9302
7666,4.5572
7667,4.6775
7668,4.7183
7669,4.7304
7670,4.8254
7671,4.4412
7672,4.7275
7673,4.5773
7674,4.587
7675,4.6972
7676,4.6646
7677,5.0025
7678,4.6743
7679,4.5888
7680,4.6088
7681,4.5424
7682,4.6131
7683,4.1808
7684,4.3992
7685,4.731
7686,4.7296
7687,4.5878
7688,4.5562
7689,4.4423
7690,4.4913
7691,4.8066
7692,4.6187
7693,4.7754
7694,4.4614
7695,4.72
7696,4.0679
7697,4.5712
7698,4.8992
7699,4.4716
7700,4.9899
7701,4.7283
7702,4.8271
7703,4.8209
7704,4.807
7705,4.5307
7706,4.8477
7707,4.4979
7708,4.5675
7709,4.8689
7710,4.8794
7711,4.6008
7712,4.6762
7713,4.507
7714,4.9401
7715,4.6379
7716,4.4356
7717,4.783
7718,4.5219
7719,4.5834
7720,4.8708
7721,4.7028
7722,4.6049
7723,5.2068
7724,4.6457
7725,4.7981
7726,4.4635
7727,4.6265
7728,4.7404
7729,4.9099
7730,4.2473
7731,4.3754
7732,4.7993
7733,4.6199
7734,4.6193
7735,4.5656
7736,4.3918
7737,4.4328
7738,4.4201
7739,4.4568
7740,4.6053
7741,4.7475
7742,4.4497
7743,4.5942
7744,4.7309
7745,4.4177
7746,5.1914
7747,4.403
7748,4.6803
7749,4.5371
7750,4.9001
7751,4.6056
7752,4.5809
7753,4.8152
7754,4.5508
7755,4.2488
7756,4.354
7757,4.7169
7758,4.8325
7759,4.8018
7760,4.505
7761,4.5037
7762,4.687
7763,4.7381
7764,4.5847
7765,4.6397
7766,4.561
7767,4.6888
7768,4.6258
7769,4.9488
7770,4.5642
7771,4.4547
7772,4.6071
7773,4.8888
7774,4.8106
7775,4.6222
7776,4.5904
7777,4.3144
7778,4.5048
7779,4.255
7780,4.3514
7781,4.505
7782,4.841
7783,4.9478
7784,4.6848
7785,4.6246
7786,4.8028
7787,4.9282
7788,4.4806
7789,4.8294
7790,4.6043
7791,4.6777
7792,4.8659
7793,4.7296
7794,4.4622
7795,4.7444
7796,4.5935
7797,4.2761
7798,4.7446
7799,4.5327
7800,4.8347
7801,4.6741
7802,4.6011
7803,4.3036
7804,4.7046
7805,4.6915
7806,4.9103
7807,4.8118
7808,4.6592
7809,4.8798
7810,4.8395
7811,4.9198
7812,4.9775
7813,4.7871
7814,4.2763
7815,4.8999
7816,4.9049
7817,4.7113
7818,4.75
7819,4.6707
7820,4.5234
7821,4.9358
7822,4.8869
7823,4.6278
7824,4.9594
7825,4.6222
7826,4.9065
7827,4.6594
7828,4.7093
7829,4.7752
7830,4.5627
7831,4.739
7832,4.6376
7833,4.6357
7834,4.5638
7835,4.6494
7836,4.5414
7837,4.6222
7838,5.2559
7839,4.8805
7840,4.8384
7841,4.8585
7842,4.7457
7843,4.7374
7844,4.7177
7845,4.4487
7846,4.8512
7847,4.9669
7848,4.872
7849,4.6252
7850,5.115
7851,4.5655
7852,4.9419
7853,4.8549
7854,4.7856
7855,4.9422
7856,4.8872
7857,4.3372
7858,4.9619
7859,4.4315
7860,4.7575
7861,4.8889
7862,4.2674
7863,4.6695
7864,4.6422
7865,4.7071
7866,4.6188
7867,4.842
7868,4.4424
7869,4.4839
7870,4.8384
7871,4.3867
7872,4.52
7873,4.3571
7874,4.6359
7875,4.6203
7876,4.7513
7877,4.5224
7878,4.5963
7879,4.5792
7880,4.5736
7881,4.8147
7882,4.6451
7883,4.4437
7884,5.1935
7885,4.7701
7886,4.7346
7887,4.6402
7888,4.6322
7889,4.6875
7890,4.6868
7891,4.2431
7892,4.3491
7893,4.731
7894,4.7477
7895,4.6881
7896,4.6987
7897,4.6418
7898,4.5227
7899,4.6024
7900,4.8937
7901,4.6264
7902,4.8111
7903,4.6708
7904,4.6636
7905,4.7486
7906,4.6267
7907,5.3322
7908,4.7869
7909,4.6282
7910,4.6263
7911,4.7211
7912,4.7354
7913,4.3073
7914,4.5413
7915,4.8793
7916,4.513
7917,4.7926
7918,4.7671
7919,4.7531
7920,4.6623
7921,4.9137
7922,4.5808
7923,4.6467
7924,4.5902
7925,4.7035
7926,4.7187
7927,4.6351
7928,4.6055
7929,4.9421
7930,5.0774
7931,4.7018
7932,4.885
7933,4.7329
7934,4.6985
7935,4.7015
7936,4.6851
7937,4.6397
7938,4.6465
7939,5.0062
7940,4.7331
7941,4.8332
7942,4.7422
7943,4.8825
7944,4.635
7945,4.7835
7946,4.8994
7947,4.6071
7948,4.4912
7949,4.5244
7950,4.7496
7951,4.5067
7952,4.7993
7953,4.8269
7954,4.3733
7955,4.7407
7956,4.5813
7957,4.4435
7958,4.4644
7959,4.5734
7960,4.623
7961,4.6126
7962,4.6118
7963,4.7323
7964,4.7495
7965,4.8691
7966,4.8376
7967,4.7061
7968,4.6511
7969,4.6341
7970,4.6208
7971,4.82
7972,4.6854
7973,4.682
7974,4.5717
7975,4.6524
7976,5.0205
7977,4.8367
7978,4.6768
7979,4.8907
7980,4.7298
7981,4.5848
7982,4.3985
7983,4.4764
7984,4.5411
7985,4.3323
7986,4.5332
7987,4.7155
7988,4.835
7989,4.7445
7990,4.6991
7991,4.8637
7992,4.6567
7993,4.758
7994,4.5951
7995,4.8444
7996,4.8994
7997,4.5696
7998,4.5505
7999,5.0799
8000,4.7505
8001,4.7377
8002,4.6863
8003,4.774
8004,4.9195
8005,4.7117
8006,4.4687
8007,4.838
8008,4.8509
8009,4.8135
8010,4.6033
8011,4.8116
8012,4.8417
8013,4.4448
8014,4.9228
8015,4.5439
8016,4.655
8017,4.5492
8018,4.5229
8019,4.5498
8020,4.6623
8021,4.5977
8022,5.043
8023,4.5197
8024,4.5815
8025,4.4313
8026,4.6125
8027,4.6115
8028,4.7531
8029,4.6393
8030,4.6207
8031,4.5657
8032,4.5676
8033,4.5921
8034,4.7144
8035,4.732
8036,4.9876
8037,4.8678
8038,4.7632
8039,4.5629
8040,4.5682
8041,4.6728
8042,4.8536
8043,4.6691
8044,4.5532
8045,5.2307
8046,4.6354
8047,4.7801
8048,4.2533
8049,4.7417
8050,4.9417
8051,4.7219
8052,4.7248
8053,4.8115
8054,4.654
8055,4.7923
8056,4.8811
8057,4.5692
8058,4.7052
8059,4.8887
8060,4.7649
8061,4.7795
8062,4.8463
8063,4.4262
8064,4.5887
8065,4.6475
8066,4.457
8067,4.612
8068,5.1545
8069,4.7588
8070,4.9747
8071,4.5067
8072,4.4232
8073,4.8722
8074,5.0949
8075,4.9892
8076,4.8705
8077,4.8428
8078,4.656
8079,4.7633
8080,4.7511
8081,4.8125
8082,4.8363
8083,4.77
8084,4.7069
8085,4.8903
8086,4.4489
8087,4.7323
8088,4.6624
8089,4.7408
8090,4.5874
8091,5.272
8092,4.6207
8093,4.5667
8094,4.6665
8095,4.8029
8096,4.9264
8097,4.6493
8098,4.542
8099,4.39
8100,4.2449
8101,4.6865
8102,4.8411
8103,4.6571
8104,4.3998
8105,4.7315
8106,4.7816
8107,4.5718
8108,4.6755
8109,4.7705
8110,4.4169
8111,4.5282
8112,4.7391
8113,4.6245
8114,5.0026
8115,4.5246
8116,4.7046
8117,4.7862
8118,4.6214
8119,4.588
8120,4.4534
8121,4.7117
8122,4.645
8123,4.5972
8124,4.6591
8125,4.6211
8126,4.4212
8127,4.5449
8128,4.4586
8129,4.5711
8130,4.7494
8131,4.5306
8132,4.3978
8133,4.5568
8134,4.7317
8135,4.5302
8136,4.4626
8137,5.0864
8138,4.7294
8139,4.7062
8140,4.756
8141,4.6374
8142,4.699
8143,4.496
8144,4.6444
8145,4.398
8146,4.515
8147,4.4868
8148,4.7598
8149,4.679
8150,4.7367
8151,4.8739
8152,4.8232
8153,4.4186
8154,4.8697
8155,4.9432
8156,4.7268
8157,4.5306
8158,4.3441
8159,4.438
8160,4.9984
8161,4.6313
8162,4.3065
8163,4.7186
8164,4.6966
8165,4.7769
8166,4.7255
8167,4.7038
8168,4.8198
8169,4.5836
8170,4.6514
8171,4.4523
8172,4.6532
8173,4.7723
8174,4.4097
8175,4.734
8176,4.8147
8177,4.7918
8178,4.6333
8179,4.6938
8180,4.7285
8181,4.6494
8182,4.7393
8183,5.0778
8184,4.8595
8185,4.2921
8186,4.4038
8187,4.4821
8188,4.3507
8189,4.6665
8190,4.6138
8191,4.4968
8192,4.5905
8193,4.6636
8194,4.5619
8195,4.6176
8196,4.5688
8197,4.7307
8198,4.4584
8199,4.67
8200,4.3862
8201,4.5674
8202,4.7185
8203,4.744
8204,4.7226
8205,4.9311
8206,5.2888
8207,4.5688
8208,4.525
8209,4.4039
8210,4.5239
8211,4.4664
8212,4.3591
8213,4.446
8214,4.5338
8215,4.5896
8216,4.2114
8217,4.4331
8218,4.3974
8219,4.8477
8220,4.6603
8221,4.4858
8222,4.842
8223,4.3045
8224,4.4875
8225,4.809
8226,4.7758
8227,4.6587
8228,4.6231
8229,5.0873
8230,4.858
8231,4.5314
8232,4.7143
8233,4.6058
8234,4.4427
8235,4.7088
8236,3.9663
8237,4.4924
8238,4.6564
8239,4.627
8240,4.6818
8241,4.3081
8242,4.6445
8243,4.2867
8244,4.5495
8245,4.7151
8246,4.6196
8247,4.4973
8248,4.6636
8249,4.747
8250,4.509
8251,4.564
8252,4.8885
8253,4.7203
8254,4.7852
8255,4.6957
8256,4.7555
8257,4.5256
8258,4.5775
8259,4.6478
8260,4.7132
8261,4.5502
8262,4.7528
8263,4.7487
8264,4.7824
8265,4.718
8266,4.704
8267,4.7876
8268,4.3039
8269,4.6116
8270,4.6425
8271,4.597
8272,4.5688
8273,4.7035
8274,4.6602
8275,5.0939
8276,4.6913
8277,4.5497
8278,4.137
8279,4.3562
8280,4.451
8281,4.7381
8282,4.8059
8283,4.5047
8284,4.4474
8285,4.4432
8286,4.4494
8287,4.5863
8288,4.536
8289,4.8665
8290,4.5191
8291,4.4376
8292,4.8489
8293,4.6149
8294,4.815
8295,4.5352
8296,4.5735
8297,4.7013
8298,5.0187
8299,4.8665
8300,4.6996
8301,4.7631
8302,4.3568
8303,4.6965
8304,4.6234
8305,4.4944
8306,4.3179
8307,4.5899
8308,4.4881
8309,4.6213
8310,4.4248
8311,4.5944
8312,4.6639
8313,4.6212
8314,4.6712
8315,4.7876
8316,4.722
8317,4.5924
8318,4.7003
8319,4.6501
8320,4.5166
8321,5.167
8322,4.5841
8323,4.6356
8324,4.716
8325,4.7054
8326,4.4977
8327,4.7778
8328,4.7668
8329,4.2374
8330,4.4458
8331,4.5949
8332,4.5982
8333,4.4413
8334,4.4982
8335,4.6637
8336,4.6229
8337,4.5855
8338,4.1867
8339,4.3015
8340,4.571
8341,4.8547
8342,4.5533
8343,4.7801
8344,5.0693
8345,4.5923
8346,4.2958
8347,4.425
8348,4.7513
8349,4.6645
8350,4.8469
8351,4.5977
8352,4.6782
8353,4.6443
8354,4.69
8355,4.5901
8356,4.3993
8357,4.4835
8358,4.8622
8359,4.5136
8360,4.8785
8361,4.7512
8362,4.5249
8363,4.5521
8364,4.8456
8365,4.7429
8366,4.7258
8367,5.2272
8368,4.6312
8369,4.8796
8370,4.518
8371,4.3717
8372,4.436
8373,4.6218
8374,4.4475
8375,4.5537
8376,4.5303
8377,4.4783
8378,4.438
8379,4.5761
8380,4.7059
8381,4.6845
8382,4.473
8383,4.741
8384,4.7309
8385,4.433
8386,4.6218
8387,4.878
8388,4.8457
8389,4.796
8390,5.115
8391,4.4461
8392,4.645
8393,5.0468
8394,4.7861
8395,5.0564
8396,4.4492
8397,4.9838
8398,4.7388
8399,4.5676
8400,4.717
8401,4.6369
8402,4.6855
8403,4.6163
8404,4.5443
8405,4.4291
8406,4.571
8407,4.4556
8408,4.2429
8409,4.4796
8410,4.6037
8411,4.7973
8412,4.4855
8413,4.8519
8414,4.8035
8415,4.7735
8416,4.8636
8417,4.7067
8418,4.7887
8419,4.7765
8420,4.8596
8421,4.7169
8422,4.3348
8423,4.6783
8424,4.7115
8425,4.4209
8426,4.1867
8427,4.5863
8428,4.355
8429,4.3736
8430,4.4339
8431,4.3999
8432,4.7959
8433,4.4848
8434,4.7416
8435,4.7405
8436,5.1519
8437,4.6385
8438,5.0143
8439,4.7347
8440,4.5525
8441,4.6186
8442,4.7233
8443,4.6198
8444,4.652
8445,4.9426
8446,4.9426
8447,4.9347
8448,4.8051
8449,4.6926
8450,4.7947
8451,4.4633
8452,4.5213
8453,4.6742
8454,4.6749
8455,4.6064
8456,4.7072
8457,4.6773
8458,4.8561
8459,5.0244
8460,4.681
8461,4.539
8462,4.3809
8463,4.5808
8464,4.611
8465,4.8345
8466,4.6475
8467,4.7537
8468,4.675
8469,4.6225
8470,4.4854
8471,4.4426
8472,4.6435
8473,4.5562
8474,4.8161
8475,4.5474
8476,4.6006
8477,4.8313
8478,4.4269
8479,4.7667
8480,4.6962
8481,4.408
8482,4.929
8483,4.9805
8484,4.8813
8485,4.7082
8486,4.6036
8487,4.8521
8488,4.6285
8489,4.8589
8490,4.4783
8491,4.6992
8492,4.7385
8493,4.6664
8494,4.6993
8495,4.7654
8496,4.5705
8497,4.7502
8498,4.6095
8499,4.6022
8500,4.9085
8501,4.9426
8502,4.8616
8503,4.8129
8504,4.8703
8505,5.2919
8506,4.8471
8507,4.8681
8508,5.0008
8509,4.7792
8510,4.7494
8511,4.7086
8512,4.6738
8513,4.8799
8514,4.7264
8515,4.5875
8516,4.7645
8517,4.6636
8518,4.7141
8519,4.6491
8520,4.563
8521,4.7366
8522,4.7093
8523,4.8159
8524,4.7867
8525,4.6142
8526,4.6346
8527,4.2884
8528,5.1504
8529,4.6563
8530,4.482
8531,4.7896
8532,4.7304
8533,4.5998
8534,4.7455
8535,4.8534
8536,4.6556
8537,4.6543
8538,4.8372
8539,4.9505
8540,4.6535
8541,4.6296
8542,4.7184
8543,4.9438
8544,4.9791
8545,4.8857
8546,4.7599
8547,4.8865
8548,4.8793
8549,4.7336
8550,4.7127
8551,5.0936
8552,4.6954
8553,4.6801
8554,4.419
8555,4.3051
8556,4.3294
8557,4.6472
8558,4.5516
8559,4.9013
8560,4.6988
8561,4.8012
8562,4.4581
8563,4.4134
8564,4.7864
8565,4.6134
8566,4.6313
8567,4.6482
8568,4.7018
8569,5.0028
8570,4.8578
8571,4.6156
8572,4.7195
8573,4.742
8574,5.2252
8575,4.7756
8576,4.9078
8577,4.8355
8578,4.5378
8579,4.6248
8580,4.5066
8581,4.5774
8582,4.7937
8583,4.475
8584,4.5593
8585,4.8077
8586,4.6173
8587,4.5422
8588,4.5436
8589,4.556
8590,4.7494
8591,5.0824
8592,4.7578
8593,4.6471
8594,4.6977
8595,4.8114
8596,4.6633
8597,5.0047
8598,5.0459
8599,4.7384
8600,5.0587
8601,4.6385
8602,4.8076
8603,4.7439
8604,4.7987
8605,4.7006
8606,4.7308
8607,4.3345
8608,4.7468
8609,4.6638
8610,4.8631
8611,4.6757
8612,4.4702
8613,4.8486
8614,4.7265
8615,4.5456
8616,4.4747
8617,4.6862
8618,4.5348
8619,4.5092
8620,5.1975
8621,4.59
8622,4.9224
8623,4.3401
8624,4.8887
8625,4.4619
8626,4.7819
8627,4.6956
8628,4.5981
8629,4.6839
8630,4.606
8631,4.5953
8632,4.8638
8633,4.6915
8634,4.7883
8635,4.5217
8636,4.9501
8637,5.2928
8638,4.9243
8639,4.9991
8640,4.8804
8641,4.8909
8642,4.7579
8643,5.121
8644,4.5227
8645,4.6304
8646,4.4194
8647,4.3059
8648,4.5264
8649,4.2871
8650,4.6462
8651,4.7073
8652,4.6628
8653,4.6303
8654,4.4549
8655,4.6638
8656,4.2211
8657,4.6876
8658,4.4497
8659,4.6704
8660,4.8407
8661,4.6483
8662,4.584
8663,4.5058
8664,4.63
8665,4.6193
8666,5.0068
8667,4.3909
8668,4.3076
8669,4.7005
8670,4.8279
8671,4.7493
8672,4.8554
8673,4.5648
8674,4.8134
8675,4.6539
8676,4.5609
8677,4.6835
8678,4.8174
8679,4.8609
8680,4.5661
8681,4.7818
8682,4.721
8683,4.3993
8684,4.4676
8685,4.4721
8686,4.4959
8687,4.6387
8688,4.6477
8689,4.7695
8690,4.6344
8691,4.6346
8692,4.3228
8693,4.6081
8694,4.6626
8695,4.6521
8696,4.854
8697,4.6901
8698,4.5362
8699,4.8704
8700,4.5226
8701,4.6323
8702,4.339
8703,4.5275
8704,4.791
8705,4.5591
8706,4.7162
8707,4.3553
8708,4.6278
8709,4.8091
8710,4.5093
8711,4.5187
8712,5.1376
8713,4.6854
8714,4.5362
8715,4.5319
8716,4.3685
8717,4.5501
8718,4.6958
8719,4.6135
8720,4.3757
8721,4.2899
8722,4.6215
8723,4.6612
8724,4.4849
8725,4.3488
8726,4.736
8727,4.6082
8728,4.8331
8729,4.927
8730,4.9108
8731,4.7409
8732,4.1788
8733,4.5306
8734,4.7196
8735,5.1948
8736,4.7048
8737,4.6276
8738,4.6081
8739,4.6872
8740,4.4724
8741,4.4366
8742,4.3857
8743,4.7358
8744,4.8144
8745,4.6777
8746,4.695
8747,4.4478
8748,4.8303
8749,4.5768
8750,4.5661
8751,4.6462
8752,4.7311
8753,4.7351
8754,4.4523
8755,4.5658
8756,4.858
8757,4.7725
8758,4.9794
8759,4.7215
8760,4.682
8761,4.616
8762,4.5703
8763,4.5889
8764,4.4355
8765,4.3994
8766,4.6435
8767,4.5356
8768,4.4909
8769,4.3413
8770,4.1396
8771,4.8485
8772,4.6045
8773,4.6727
8774,4.6248
8775,4.6218
8776,4.7868
8777,4.8278
8778,4.7084
8779,4.5579
8780,4.8282
8781,5.3567
8782,4.9101
8783,4.6675
8784,4.5914
8785,4.6801
8786,4.6694
8787,5.0331
8788,4.8099
8789,4.585
8790,4.4873
8791,4.5226
8792,4.4736
8793,4.4202
8794,4.6052
8795,4.6908
8796,4.6477
8797,4.6359
8798,4.7364
8799,4.6581
8800,4.7831
8801,4.6242
8802,4.3574
8803,4.5432
8804,5.1411
8805,4.8081
8806,4.6681
8807,4.8181
8808,4.7895
8809,4.843
8810,4.85
8811,4.7988
8812,4.8428
8813,4.7247
8814,4.5702
8815,4.5741
8816,4.2077
8817,4.5735
8818,4.7184
8819,4.825
8820,4.6479
8821,4.6328
8822,4.717
8823,4.7976
8824,4.6143
8825,4.5637
8826,4.7434
8827,5.2178
8828,4.5473
8829,4.7332
8830,4.6442
8831,4.65
8832,4.3049
8833,4.3258
8834,4.5405
8835,4.5484
8836,4.6398
8837,4.7331
8838,4.778
8839,4.5392
8840,4.5737
8841,4.5855
8842,4.604
8843,4.4343
8844,4.5006
8845,4.7392
8846,4.7097
8847,4.3817
8848,4.4037
8849,4.5015
8850,4.9025
8851,4.5518
8852,4.5273
8853,4.4631
8854,4.8828
8855,4.7864
8856,4.9439
8857,4.8626
8858,4.5346
8859,4.7679
8860,4.7732
8861,4.6325
8862,4.5581
8863,4.6724
8864,4.7185
8865,4.5167
8866,4.7508
8867,4.8014
8868,4.6552
8869,4.4407
8870,4.5067
8871,4.535
8872,4.5753
8873,4.8129
8874,4.8285
8875,4.587
8876,4.5989
8877,4.5457
8878,4.8823
8879,4.7265
8880,4.8755
8881,4.5403
8882,4.6401
8883,4.5268
8884,4.5737
8885,4.7327
8886,4.5432
8887,4.6019
8888,5.1623
8889,4.773
8890,4.6664
8891,4.9203
8892,4.8492
8893,4.5674
8894,4.819
8895,4.7865
8896,5.0496
8897,4.513
8898,5.0162
8899,4.5864
8900,5.1081
8901,4.4902
8902,4.7649
8903,5.0583
8904,4.7796
8905,4.8
8906,4.9316
8907,4.6092
8908,4.7326
8909,4.8241
8910,4.5958
8911,4.9038
8912,4.8133
8913,4.4622
8914,4.6164
8915,4.9262
8916,4.8512
8917,4.693
8918,4.7361
8919,4.8314
8920,4.9404
8921,4.9272
8922,4.7017
8923,4.6086
8924,4.5575
8925,4.7366
8926,4.7024
8927,4.6486
8928,4.4249
8929,4.7107
8930,4.495
8931,4.7834
8932,4.7407
8933,4.7608
8934,4.435
8935,4.6287
8936,4.6052
8937,4.7615
8938,4.4058
8939,4.7222
8940,4.8227
8941,4.9661
8942,5.1629
8943,4.6783
8944,4.6433
8945,4.6929
8946,4.7551
8947,4.4794
8948,4.4227
8949,4.5291
8950,4.5321
8951,4.3426
8952,4.7275
8953,4.6187
8954,4.6472
8955,4.6606
8956,4.7748
8957,4.4235
8958,4.4734
8959,4.7314
8960,4.7327
8961,4.7155
8962,4.8316
8963,4.728
8964,4.6524
8965,4.8106
8966,4.5689
8967,4.6147
8968,4.5148
8969,4.6464
8970,4.496
8971,4.5003
8972,4.3583
8973,4.6278
8974,4.5318
8975,4.4538
8976,4.4359
8977,4.466
8978,4.4266
8979,4.7797
8980,4.7119
8981,4.7618
8982,4.8638
8983,4.7383
8984,4.569
8985,4.4238
8986,4.8698
8987,4.7004
8988,5.3993
8989,4.9557
8990,4.5784
8991,4.698
8992,4.4323
8993,4.6438
8994,4.4157
8995,4.643
8996,4.528
8997,4.3306
8998,4.6966
8999,4.6587
9000,4.6286
9001,4.4891
9002,4.594
9003,4.3006
9004,4.4393
9005,4.6062
9006,4.5327
9007,4.4447
9008,4.5636
9009,4.6714
9010,4.6476
9011,4.8353
9012,4.4914
9013,4.9085
9014,4.716
9015,4.7417
9016,4.497
9017,4.774
9018,4.7754
9019,4.4399
9020,4.6609
9021,4.5095
9022,4.7698
9023,4.6511
9024,4.8098
9025,4.9289
9026,4.9412
9027,4.9408
9028,4.9849
9029,4.8368
9030,4.7536
9031,4.4168
9032,4.5928
9033,4.4114
9034,4.7746
9035,4.8349
9036,4.6079
9037,4.7344
9038,4.7588
9039,4.7571
9040,5.0252
9041,4.6965
9042,4.5613
9043,4.5825
9044,4.5338
9045,4.8214
9046,4.8966
9047,4.7063
9048,4.5826
9049,4.5818
9050,4.71
9051,4.7467
9052,4.8266
9053,4.8204
9054,4.826
9055,4.6061
9056,4.6903
9057,4.9056
9058,4.6695
9059,4.5987
9060,4.738
9061,4.2948
9062,4.6717
9063,4.5111
9064,4.5612
9065,4.7702
9066,4.5328
9067,4.6311
9068,4.5116
9069,4.5309
9070,4.7018
9071,4.5331
9072,4.6863
9073,4.502
9074,4.5996
9075,4.506
9076,4.6596
9077,4.5465
9078,4.9113
9079,4.7923
9080,5.1625
9081,4.651
9082,4.5233
9083,4.7347
9084,4.7055
9085,4.6719
9086,4.5173
9087,4.5184
9088,4.6063
9089,4.7385
9090,4.7416
9091,4.5932
9092,4.6217
9093,4.5397
9094,4.6753
9095,4.5974
9096,4.7257
9097,4.7362
9098,4.6747
9099,4.792
9100,4.6217
9101,4.8746
9102,4.5508
9103,5.1522
9104,4.8151
9105,5.0212
9106,4.7667
9107,4.793
9108,4.7703
9109,4.5886
9110,4.7704
9111,4.7248
9112,4.7847
9113,4.6807
9114,4.5801
9115,4.8286
9116,4.7132
9117,4.7446
9118,4.5899
9119,4.852
9120,4.6815
9121,4.4138
9122,5.0051
9123,4.7922
9124,4.7919
9125,4.8555
9126,5.0709
9127,4.7775
9128,4.5859
9129,4.7433
9130,4.6453
9131,4.5186
9132,4.8395
9133,4.3723
9134,4.6039
9135,4.6889
9136,4.604
9137,4.5887
9138,4.6268
9139,4.718
9140,4.52
9141,4.5793
9142,4.651
9143,4.6054
9144,4.6952
9145,4.6647
9146,4.3296
9147,4.503
9148,4.4983
9149,5.3688
9150,4.7475
9151,4.9011
9152,4.9811
9153,4.7614
9154,4.7006
9155,4.5513
9156,4.9821
9157,4.6384
9158,4.6852
9159,5.0814
9160,4.7332
9161,4.7542
9162,4.6835
9163,4.564
9164,4.6484
9165,4.7409
9166,4.5599
9167,4.8657
9168,4.7701
9169,4.9282
9170,4.8387
9171,4.6851
9172,5.2947
9173,4.7684
9174,4.7133
9175,5.1226
9176,4.8501
9177,4.8271
9178,4.9718
9179,4.5928
9180,5.1454
9181,4.6591
9182,4.9511
9183,4.8367
9184,4.7991
9185,4.847
9186,4.5348
9187,4.6696
9188,4.7271
9189,4.3974
9190,4.7464
9191,4.921
9192,4.7084
9193,4.5673
9194,4.5639
9195,5.2989
9196,4.8693
9197,4.7689
9198,4.5131
9199,4.7252
9200,4.7808
9201,4.7998
9202,4.5293
9203,4.8121
9204,4.6409
9205,4.69
9206,4.6817
9207,4.4257
9208,4.6462
9209,4.7176
9210,4.6143
9211,4.4114
9212,4.6815
9213,4.6042
9214,4.546
9215,4.7129
9216,4.7256
9217,4.9124
9218,5.3277
9219,4.6342
9220,4.7615
9221,4.8619
9222,4.8427
9223,4.9597
9224,4.8876
9225,4.5831
9226,4.7783
9227,4.5192
9228,4.794
9229,4.6058
9230,4.4848
9231,4.7309
9232,4.8669
9233,4.6536
9234,4.8348
9235,4.5501
9236,4.5377
9237,4.5896
9238,4.6087
9239,4.8385
9240,4.7334
9241,5.2519
9242,4.8471
9243,4.8843
9244,4.7162
9245,4.8374
9246,4.8316
9247,4.8626
9248,4.7885
9249,4.8005
9250,4.7508
9251,4.6529
9252,4.7374
9253,4.5938
9254,4.5768
9255,4.7891
9256,4.9185
9257,4.7331
9258,4.8468
9259,4.8261
9260,4.7079
9261,4.6348
9262,4.7999
9263,4.697
9264,5.4608
9265,4.7626
9266,4.6635
9267,4.4664
9268,4.4764
9269,4.5079
9270,4.7633
9271,4.8467
9272,4.8
9273,4.5829
9274,4.5349
9275,4.8361
9276,4.4308
9277,4.6782
9278,4.496
9279,4.7784
9280,4.8466
9281,4.6836
9282,4.2546
9283,4.9125
9284,4.5661
9285,4.7472
9286,4.6458
9287,5.2264
9288,4.9689
9289,4.9531
9290,4.8205
9291,4.9471
9292,5.0005
9293,4.8661
9294,4.8063
9295,4.7683
9296,4.7824
9297,4.8102
9298,4.7876
9299,4.5632
9300,4.5303
9301,4.7681
9302,4.5432
9303,4.6361
9304,4.5031
9305,4.7478
9306,4.5275
9307,5.0349
9308,4.8194
9309,4.7187
9310,4.9068
9311,4.7958
9312,4.613
9313,5.0223
9314,4.6652
9315,4.684
9316,4.5974
9317,4.7141
9318,4.7068
9319,4.7796
9320,4.8737
9321,4.6427
9322,4.7228
9323,4.6525
9324,4.6873
9325,4.5842
9326,4.6825
9327,4.4098
9328,4.7023
9329,4.8827
9330,4.641
9331,4.787
9332,4.8421
9333,5.2975
9334,4.9904
9335,4.9553
9336,4.9954
9337,4.5042
9338,4.7263
9339,4.7941
9340,4.4941
9341,4.613
9342,4.6253
9343,4.64
9344,4.5792
9345,4.6246
9346,4.7775
9347,4.7318
9348,4.411
9349,4.5127
9350,4.7101
9351,4.8444
9352,4.6936
9353,4.6318
9354,4.5782
9355,4.5395
9356,5.2019
9357,4.6273
9358,4.5088
9359,4.4528
9360,4.7327
9361,4.5906
9362,4.576
9363,4.4557
9364,4.7156
9365,4.3782
9366,4.4967
9367,4.4995
9368,4.6254
9369,4.8669
9370,4.514
9371,4.5151
9372,4.486
9373,4.6705
9374,4.5894
9375,4.6583
9376,4.6689
9377,4.7739
9378,4.7935
9379,5.0926
9380,4.8928
9381,4.6882
9382,4.6194
9383,4.6532
9384,4.6101
9385,4.5465
9386,4.4462
9387,4.7448
9388,4.6336
9389,4.6785
9390,4.7973
9391,4.8423
9392,4.7784
9393,4.8148
9394,4.3719
9395,4.8226
9396,4.5636
9397,4.8153
9398,4.6788
9399,4.5372
9400,4.5531
9401,4.5805
9402,5.1486
9403,4.5944
9404,4.5382
9405,4.7474
9406,4.9459
9407,4.685
9408,4.7798
9409,4.6546
9410,4.7242
9411,4.5182
9412,4.5824
9413,4.7355
9414,4.5671
9415,4.846
9416,4.6071
9417,5.0033
9418,4.7057
9419,4.5806
9420,4.7563
9421,4.9869
9422,4.689
9423,4.8421
9424,4.7531
9425,5.3445
9426,4.9564
9427,4.9371
9428,4.9797
9429,4.6188
9430,4.5536
9431,4.9455
9432,4.8809
9433,4.4572
9434,4.5857
9435,4.4837
9436,4.7575
9437,4.3292
9438,4.7032
9439,4.542
9440,4.4809
9441,4.4223
9442,4.7279
9443,4.699
9444,4.6783
9445,4.6122
9446,4.7144
9447,4.585
9448,5.3259
9449,4.5094
9450,4.5009
9451,4.6896
9452,4.5838
9453,4.6505
9454,4.4987
9455,4.4959
9456,4.6708
9457,4.7803
9458,4.8221
9459,4.885
9460,4.5135
9461,4.5506
9462,4.6022
9463,4.8099
9464,4.7037
9465,4.4558
9466,4.3177
9467,4.8096
9468,4.6482
9469,4.7512
9470,4.7168
9471,5.0009
9472,4.5037
9473,4.4041
9474,4.5109
9475,4.7477
9476,4.6714
9477,4.5995
9478,4.6967
9479,4.7278
9480,4.7056
9481,4.8069
9482,4.7462
9483,4.847
9484,4.5927
9485,4.5308
9486,4.5553
9487,4.6923
9488,4.8191
9489,4.639
9490,4.6664
9491,4.6065
9492,4.594
9493,4.4908
9494,4.8449
9495,4.7372
9496,4.6883
9497,4.7395
9498,5.0333
9499,4.5812
9500,4.8111
9501,4.5904
9502,4.8565
9503,4.5608
9504,4.8612
9505,4.8341
9506,4.7013
9507,4.5122
9508,4.8897
9509,4.9489
9510,4.6766
9511,4.7566
9512,4.7968
9513,4.8441
9514,4.6821
9515,4.5581
9516,4.6608
9517,4.9401
9518,4.4713
9519,4.5324
9520,4.483
9521,4.4913
9522,4.6917
9523,4.8497
9524,4.7991
9525,4.5639
9526,4.5522
9527,4.469
9528,4.6994
9529,4.7422
9530,4.5839
9531,4.6135
9532,4.5814
9533,4.6458
9534,4.6419
9535,4.4441
9536,4.4837
9537,4.7258
9538,4.7246
9539,4.7882
9540,5.6141
9541,4.6889
9542,4.6897
9543,4.8652
9544,4.7745
9545,4.7603
9546,4.6457
9547,4.7481
9548,4.6278
9549,4.6009
9550,4.698
9551,4.5945
9552,4.6114
9553,4.7127
9554,4.6526
9555,4.6871
9556,4.7953
9557,5.0199
9558,4.7462
9559,4.5573
9560,4.7743
9561,4.9637
9562,4.8858
9563,5.2629
9564,4.8485
9565,4.9273
9566,4.7907
9567,4.8239
9568,4.9655
9569,4.7653
9570,4.979
9571,4.8961
9572,4.8536
9573,4.8237
9574,4.7191
9575,4.6107
9576,4.6069
9577,4.5541
9578,4.6815
9579,4.7142
9580,4.6072
9581,4.8098
9582,4.8474
9583,4.8921
9584,4.594
9585,4.5977
9586,5.1724
9587,4.5572
9588,4.3806
9589,4.6436
9590,4.7106
9591,4.7529
9592,5.018
9593,4.4792
9594,4.779
9595,4.6194
9596,4.5817
9597,4.3728
9598,4.7607
9599,4.5436
9600,4.6511
9601,4.7182
9602,4.8438
9603,4.2432
9604,5.0202
9605,4.6065
9606,4.4739
9607,4.6323
9608,4.7469
9609,4.9484
9610,4.4893
9611,4.3274
9612,4.6278
9613,4.5322
9614,4.7979
9615,4.8007
9616,4.8494
9617,4.589
9618,4.7974
9619,4.7462
9620,4.6656
9621,4.5313
9622,4.3822
9623,4.3739
9624,4.517
9625,4.4557
9626,4.45
9627,4.5967
9628,4.5796
9629,4.4671
9630,4.7822
9631,4.4202
9632,4.9534
9633,4.5867
9634,4.7278
9635,4.4125
9636,4.5976
9637,4.9786
9638,4.7952
9639,4.5236
9640,4.7527
9641,4.3419
9642,4.5432
9643,4.805
9644,4.7446
9645,4.7216
9646,4.2738
9647,4.6525
9648,4.6795
9649,4.8935
9650,4.6638
9651,4.2639
9652,4.7037
9653,4.7796
9654,4.563
9655,4.9771
9656,4.5145
9657,4.5301
9658,4.6496
9659,4.6562
9660,4.7049
9661,4.6259
9662,4.4756
9663,4.348
9664,4.293
9665,4.6367
9666,4.5809
9667,4.655
9668,4.4427
9669,4.6301
9670,4.71
9671,4.5411
9672,4.6373
9673,4.7256
9674,4.3069
9675,4.4186
9676,4.5286
9677,4.7445
9678,4.9721
9679,4.0986
9680,4.5649
9681,4.5984
9682,4.6869
9683,4.5377
9684,4.474
9685,4.5412
9686,4.4249
9687,4.7224
9688,4.4745
9689,4.4318
9690,4.7997
9691,4.4307
9692,4.5861
9693,4.5612
9694,4.5976
9695,4.6701
9696,4.3342
9697,4.4127
9698,4.7102
9699,4.6253
9700,4.9564
9701,5.1904
9702,5.0815
9703,4.5597
9704,4.7794
9705,4.4005
9706,4.2845
9707,4.6146
9708,4.8138
9709,4.5556
9710,4.7912
9711,4.9256
9712,4.6781
9713,4.7562
9714,4.8009
9715,4.7553
9716,4.6073
9717,4.4799
9718,4.6396
9719,4.7548
9720,4.7864
9721,4.6025
9722,4.5221
9723,4.518
9724,4.8903
9725,4.5799
9726,4.5969
9727,4.6842
9728,4.4698
9729,4.476
9730,4.6855
9731,4.6803
9732,4.7423
9733,4.5545
9734,4.3497
9735,4.508
9736,4.8549
9737,4.844
9738,4.7262
9739,4.9506
9740,4.4409
9741,4.5095
9742,4.635
9743,4.615
9744,4.5796
9745,4.6743
9746,4.7366
9747,5.051
9748,4.685
9749,4.5605
9750,4.5902
9751,4.4976
9752,4.6885
9753,4.6817
9754,4.559
9755,4.3872
9756,4.4527
9757,4.763
9758,4.648
9759,4.4851
9760,4.5869
9761,4.5456
9762,4.8885
9763,4.9408
9764,4.5756
9765,4.5428
9766,4.6475
9767,4.5383
9768,4.2371
9769,4.6745
9770,4.9699
9771,4.8537
9772,5.0449
9773,4.8543
9774,4.826
9775,4.701
9776,4.6646
9777,4.8414
9778,4.6488
9779,4.6158
9780,4.717
9781,4.6613
9782,4.485
9783,4.6097
9784,4.6663
9785,4.6377
9786,4.5592
9787,4.6758
9788,4.6968
9789,4.3283
9790,4.7685
9791,4.6787
9792,4.7735
9793,5.1448
9794,4.8271
9795,4.6988
9796,4.7834
9797,5.0761
9798,4.715
9799,4.6627
9800,4.6863
9801,4.6274
9802,4.7255
9803,4.6646
9804,4.6117
9805,4.5352
9806,4.6041
9807,4.5855
9808,4.603
9809,4.8764
9810,4.5869
9811,4.6586
9812,4.517
9813,4.7597
9814,4.7156
9815,4.7087
9816,5.6255
9817,4.8464
9818,4.4959
9819,4.6338
9820,4.7434
9821,4.9555
9822,4.8561
9823,4.818
9824,5.0635
9825,4.9092
9826,4.8142
9827,4.7327
9828,4.563
9829,4.7271
9830,4.7406
9831,4.4956
9832,4.5229
9833,4.5669
9834,4.4843
9835,4.7864
9836,4.5922
9837,4.4922
9838,4.5315
9839,5.3451
9840,4.4958
9841,4.7466
9842,4.6006
9843,4.6302
9844,4.9051
9845,4.9193
9846,4.6135
9847,4.8764
9848,4.6863
9849,4.5914
9850,4.4056
9851,4.7807
9852,4.3905
9853,4.319
9854,4.9058
9855,4.6907
9856,4.9448
9857,4.5894
9858,4.3893
9859,4.7927
9860,4.806
9861,4.7338
9862,4.963
9863,4.8753
9864,4.8821
9865,4.7294
9866,4.4976
9867,4.7376
9868,4.7506
9869,4.7357
9870,4.6012
9871,4.6497
9872,4.5668
9873,4.6481
9874,4.571
9875,4.482
9876,4.5686
9877,4.3876
9878,4.7857
9879,4.4429
9880,4.3986
9881,4.5434
9882,4.4876
9883,4.583
9884,4.4022
9885,4.9945
9886,4.6051
9887,4.8395
9888,4.6558
9889,4.6666
9890,4.6959
9891,4.7193
9892,4.5926
9893,4.528
9894,4.7326
9895,4.846
9896,4.7308
9897,4.5821
9898,4.4012
9899,4.5166
9900,4.4023
9901,4.4375
9902,4.7297
9903,4.6114
9904,4.5956
9905,4.9257
9906,4.8499
9907,4.7263
9908,4.9503
9909,4.5961
9910,4.7104
9911,4.4104
9912,4.1623
9913,4.4919
9914,4.4401
9915,4.5917
9916,4.4942
9917,4.6242
9918,4.7653
9919,4.5319
9920,4.5709
9921,4.7742
9922,4.7221
9923,4.7374
9924,4.8159
9925,4.8966
9926,4.3961
9927,4.41
9928,4.608
9929,4.6489
9930,4.8812
9931,5.0137
9932,4.4357
9933,4.5554
9934,4.4248
9935,4.7128
9936,4.311
9937,4.4221
9938,4.4526
9939,4.3192
9940,4.3411
9941,4.3344
9942,4.4819
9943,4.7967
9944,4.3208
9945,4.3295
9946,4.6799
9947,4.5455
9948,4.6034
9949,4.8452
9950,4.7705
9951,4.8146
9952,4.7564
9953,4.7683
9954,5.2014
9955,4.7459
9956,4.6018
9957,4.7473
9958,4.8994
9959,4.6252
9960,4.606
9961,4.6345
9962,4.4129
9963,4.685
9964,4.6388
9965,4.6334
9966,4.7281
9967,4.645
9968,4.5751
9969,4.5565
9970,4.7281
9971,4.6344
9972,4.6491
9973,4.4972
9974,4.5688
9975,4.3164
9976,4.7441
9977,4.9981
9978,4.7748
9979,4.8315
9980,4.6108
9981,4.8181
9982,4.9206
9983,4.5592
9984,4.7161
9985,4.593
9986,4.5915
9987,4.6264
9988,4.7462
9989,4.5339
9990,4.857
9991,4.7602
9992,4.5258
9993,4.5423
9994,4.8924
9995,4.5303
9996,4.7398
9997,4.6934
9998,4.5763
9999,4.871
10000,5.0604
