Query_ID,Latency_ms
1,1.8731
2,1.891
3,1.7517
4,1.7149
5,1.8633
6,1.9742
7,1.8633
8,1.7415
9,1.8326
10,1.8126
11,1.9391
12,1.8355
13,1.745
14,1.8241
15,1.8859
16,1.9474
17,1.8991
18,1.9154
19,1.9604
20,1.9725
21,1.7823
22,1.7997
23,1.7106
24,1.7936
25,1.9347
26,1.8977
27,1.8959
28,1.8408
29,1.7775
30,1.5991
31,1.8183
32,2.0551
33,1.8313
34,1.7602
35,1.7973
36,1.8295
37,1.8849
38,1.8708
39,1.7418
40,1.698
41,1.8508
42,1.7548
43,1.878
44,1.7962
45,1.7508
46,1.7485
47,1.8308
48,2.0248
49,1.6942
50,1.7431
51,1.7679
52,1.7629
53,1.9808
54,1.9283
55,1.6873
56,1.6075
57,1.8099
58,1.9235
59,1.8889
60,1.6173
61,1.7456
62,1.7322
63,1.6389
64,1.9936
65,1.6804
66,1.7844
67,1.6411
68,1.7428
69,1.7394
70,1.8118
71,1.5778
72,1.7291
73,1.8063
74,1.8212
75,1.839
76,1.7659
77,1.8731
78,1.772
79,1.8396
80,1.7899
81,1.7625
82,1.8232
83,1.8103
84,1.8467
85,1.9941
86,1.8614
87,1.8065
88,1.6812
89,1.7419
90,1.7754
91,1.7601
92,1.9131
93,1.8172
94,1.7674
95,1.7858
96,2.1502
97,1.9837
98,1.9672
99,1.6697
100,1.7223
101,1.6722
102,1.7758
103,1.9901
104,1.8366
105,1.7106
106,1.8945
107,1.6964
108,1.7027
109,1.5957
110,1.6872
111,1.6511
112,2.0343
113,1.627
114,1.7375
115,1.6398
116,1.7889
117,1.6282
118,1.8841
119,1.8485
120,1.6784
121,1.7926
122,1.761
123,1.8235
124,1.7753
125,1.717
126,1.6918
127,1.7912
128,1.9997
129,1.7826
130,1.6581
131,1.7597
132,1.7395
133,2.0079
134,2.1133
135,1.824
136,1.8881
137,1.8351
138,1.9826
139,1.8348
140,1.9003
141,1.8966
142,1.7455
143,1.9218
144,1.9577
145,1.8395
146,1.6881
147,1.798
148,1.8245
149,1.8164
150,1.8039
151,1.8301
152,1.6253
153,1.7507
154,1.7435
155,1.75
156,1.8165
157,1.8863
158,1.9328
159,1.9082
160,2.1053
161,1.8624
162,1.7871
163,1.8884
164,1.8401
165,1.7555
166,1.7838
167,1.9302
168,1.8479
169,1.8017
170,1.7337
171,1.7712
172,1.7993
173,1.8912
174,1.7265
175,1.7978
176,2.0737
177,1.7639
178,1.8552
179,1.9582
180,1.8968
181,1.79
182,1.8108
183,1.829
184,1.7528
185,1.7339
186,1.5879
187,1.6723
188,1.7958
189,1.71
190,1.7931
191,1.85
192,2.1292
193,1.8756
194,1.7777
195,1.9136
196,1.8876
197,1.9435
198,1.8486
199,1.6965
200,1.8322
201,1.8023
202,1.9501
203,1.8339
204,1.6734
205,1.7857
206,1.8065
207,1.7318
208,2.0169
209,1.7002
210,1.6513
211,1.9334
212,1.803
213,1.6748
214,1.8012
215,1.7748
216,1.749
217,1.825
218,1.8197
219,1.9038
220,1.7254
221,1.8387
222,1.9189
223,1.9145
224,2.0788
225,1.8972
226,1.8595
227,1.7765
228,1.7895
229,1.769
230,1.7798
231,1.6202
232,1.8195
233,1.6713
234,1.8669
235,1.7656
236,1.692
237,1.7136
238,1.7854
239,1.8145
240,2.2507
241,1.9535
242,1.9989
243,1.9941
244,1.9063
245,1.88
246,1.8599
247,1.831
248,1.8061
249,1.8668
250,1.7686
251,1.9021
252,1.8289
253,1.8144
254,1.7531
255,1.9576
256,2.0572
257,1.9523
258,1.8691
259,1.8977
260,1.7342
261,1.7537
262,1.7778
263,1.9092
264,1.8341
265,1.7166
266,1.5709
267,1.7979
268,1.7636
269,1.8773
270,1.7932
271,1.8574
272,1.9699
273,1.8481
274,1.8598
275,2.0274
276,1.8389
277,1.7494
278,1.8341
279,1.7841
280,1.8164
281,1.8229
282,1.8176
283,1.8499
284,1.781
285,1.8065
286,1.8812
287,1.7253
288,2.1131
289,1.7061
290,1.9955
291,1.9297
292,2.0084
293,2.0124
294,1.9032
295,1.8981
296,1.9818
297,1.8419
298,1.8957
299,2.0478
300,1.9698
301,1.8998
302,1.7423
303,1.7637
304,2.0545
305,1.8008
306,1.8549
307,1.7884
308,1.9673
309,1.9094
310,1.7701
311,1.8513
312,1.9009
313,1.8877
314,1.85
315,1.7841
316,1.9095
317,1.7593
318,1.8703
319,1.853
320,2.0972
321,1.8318
322,1.9161
323,1.8613
324,1.9139
325,1.764
326,1.8809
327,1.8444
328,1.8348
329,1.9592
330,1.9913
331,1.825
332,1.9405
333,2.0158
334,1.9745
335,1.971
336,2.0463
337,1.9244
338,1.8861
339,1.8469
340,1.7618
341,1.8138
342,1.877
343,1.7961
344,1.8995
345,1.7535
346,1.8563
347,1.7141
348,1.7589
349,2.0346
350,2.0403
351,2.0734
352,2.1368
353,1.9361
354,1.9379
355,1.9634
356,1.935
357,2.0336
358,2.0706
359,1.8804
360,1.9247
361,1.75
362,1.9029
363,1.8868
364,1.8811
365,1.9614
366,1.8801
367,1.7986
368,2.0123
369,1.8537
370,1.9003
371,1.8641
372,1.8147
373,1.787
374,1.8388
375,1.8539
376,1.9738
377,1.8537
378,1.7627
379,1.7897
380,1.7845
381,1.8003
382,1.943
383,1.961
384,2.1431
385,1.8797
386,1.87
387,1.7929
388,1.8837
389,1.799
390,1.7615
391,1.9758
392,1.9967
393,1.9809
394,1.8406
395,1.8383
396,1.761
397,1.8036
398,1.8957
399,1.8344
400,1.9921
401,1.9371
402,1.8132
403,1.8951
404,1.8672
405,1.7323
406,1.8987
407,1.9315
408,1.9262
409,1.8784
410,1.839
411,1.7746
412,1.7904
413,1.8319
414,1.8628
415,1.9081
416,2.065
417,1.8665
418,1.8816
419,1.9067
420,1.8183
421,1.8282
422,1.7953
423,1.908
424,1.9424
425,1.9545
426,1.8197
427,1.8095
428,1.8186
429,1.8066
430,1.896
431,1.959
432,2.0482
433,1.8693
434,1.9891
435,1.9092
436,1.8509
437,1.8056
438,1.7242
439,1.8153
440,1.9374
441,1.917
442,1.839
443,1.7727
444,1.7433
445,1.8287
446,1.8875
447,1.9507
448,2.0459
449,1.8234
450,1.7375
451,1.7403
452,1.8307
453,1.903
454,1.9826
455,2.0782
456,1.9018
457,1.8158
458,1.8105
459,1.7926
460,1.8006
461,1.8699
462,1.8679
463,1.7094
464,1.923
465,1.7164
466,1.7634
467,1.9291
468,1.9628
469,1.8531
470,1.7557
471,1.75
472,1.7381
473,1.8627
474,1.873
475,1.7931
476,1.7949
477,1.7024
478,1.6942
479,1.6076
480,2.0436
481,1.7352
482,1.7503
483,1.829
484,1.7676
485,1.7188
486,1.5889
487,1.8185
488,1.6663
489,1.8187
490,1.8211
491,1.8057
492,1.7504
493,1.7734
494,1.5884
495,1.7046
496,1.9977
497,1.6491
498,1.8559
499,1.5746
500,1.7176
501,1.7329
502,1.8043
503,1.856
504,1.766
505,1.7418
506,1.7689
507,1.8352
508,1.8398
509,1.8547
510,1.7784
511,1.6654
512,1.9942
513,1.9245
514,1.9306
515,1.6347
516,1.8568
517,1.8029
518,1.61
519,1.6912
520,1.813
521,1.7039
522,1.7191
523,1.6894
524,1.7346
525,1.5682
526,1.7387
527,1.8227
528,1.8924
529,1.8056
530,1.84
531,1.7921
532,1.7724
533,1.5298
534,1.8532
535,1.8872
536,1.7694
537,1.7762
538,1.8033
539,1.7721
540,2.0024
541,1.9195
542,1.7841
543,1.8565
544,2.0022
545,1.7189
546,1.7745
547,2.0161
548,1.9738
549,2.0455
550,1.9775
551,1.9004
552,2.1418
553,2.0253
554,2.0511
555,1.8151
556,1.8102
557,1.7456
558,1.6767
559,1.8127
560,2.0174
561,1.8548
562,1.7171
563,1.8761
564,1.8602
565,1.7361
566,1.8645
567,1.8693
568,1.7447
569,1.8881
570,1.8696
571,1.878
572,1.8804
573,1.9454
574,1.9163
575,2.0884
576,2.1764
577,1.9185
578,1.9657
579,1.8765
580,1.8464
581,2.0666
582,1.993
583,1.954
584,1.985
585,2.0827
586,2.0376
587,2.1192
588,2.0367
589,1.8644
590,1.7616
591,1.7705
592,2.0051
593,1.7667
594,1.7618
595,1.8396
596,1.9754
597,2.0081
598,1.8969
599,1.9635
600,2.0096
601,1.8943
602,1.9944
603,1.9207
604,1.8592
605,2.0272
606,1.9319
607,1.9699
608,2.0789
609,1.8838
610,1.8991
611,1.876
612,1.8895
613,1.9526
614,2.0551
615,1.9786
616,2.0284
617,1.9782
618,2.0483
619,1.8457
620,1.9585
621,2.0872
622,1.9301
623,1.8311
624,1.9952
625,1.6629
626,1.6315
627,1.725
628,1.6863
629,1.5347
630,1.5413
631,1.7137
632,1.5491
633,1.7439
634,1.6745
635,1.6544
636,1.6764
637,1.5962
638,1.7474
639,1.8098
640,1.7377
641,1.7127
642,1.7095
643,1.6276
644,1.6928
645,1.7588
646,1.9177
647,1.8247
648,1.834
649,1.8592
650,1.7305
651,1.7588
652,1.8714
653,1.6944
654,1.7348
655,1.6868
656,2.104
657,1.8937
658,1.9953
659,1.7044
660,1.8184
661,1.6247
662,1.9132
663,1.8278
664,1.8
665,1.9165
666,1.9126
667,1.9014
668,1.6934
669,1.7766
670,1.9875
671,1.897
672,1.8944
673,1.6911
674,1.7101
675,1.7574
676,1.8024
677,1.8402
678,1.7669
679,1.6481
680,1.9181
681,1.8035
682,1.7579
683,1.6714
684,1.7072
685,1.6408
686,1.7608
687,1.5508
688,1.8286
689,1.8422
690,1.6192
691,1.7808
692,1.6953
693,1.8209
694,1.939
695,1.7666
696,1.6992
697,1.9308
698,1.7517
699,1.6033
700,1.672
701,1.6225
702,1.8123
703,1.818
704,2.0767
705,1.7523
706,1.7991
707,1.7103
708,1.7172
709,1.8395
710,1.7358
711,1.7862
712,1.8323
713,1.813
714,1.7827
715,1.8233
716,1.8218
717,1.7876
718,1.7599
719,1.7817
720,2.0071
721,1.8786
722,1.7086
723,1.8904
724,1.776
725,1.7794
726,1.8447
727,1.7691
728,1.7572
729,1.8086
730,1.8266
731,1.9018
732,1.9169
733,1.6173
734,1.6226
735,1.8853
736,2.0518
737,1.7871
738,1.8097
739,1.81
740,1.7703
741,1.7924
742,1.8795
743,1.7912
744,1.8089
745,1.8497
746,1.7389
747,1.7632
748,1.7911
749,1.7703
750,1.6673
751,1.9526
752,2.027
753,1.8293
754,1.9094
755,1.8796
756,1.7312
757,1.8336
758,1.8682
759,1.9554
760,1.8877
761,2.0482
762,1.9898
763,1.9645
764,2.0322
765,1.7893
766,1.7535
767,1.7412
768,2.1154
769,1.7145
770,1.9143
771,1.9979
772,1.9753
773,1.9932
774,2.0308
775,1.7857
776,1.9624
777,1.794
778,1.8274
779,1.9595
780,1.7152
781,1.8648
782,1.7948
783,1.9603
784,2.1118
785,1.9805
786,1.7371
787,1.9074
788,1.9213
789,1.7829
790,1.891
791,1.859
792,2.0626
793,1.9478
794,2.1045
795,1.9241
796,2.0402
797,1.8793
798,1.7788
799,1.6778
800,2.0273
801,1.7132
802,1.7227
803,1.7795
804,1.7666
805,1.7285
806,1.7534
807,1.6248
808,1.6658
809,1.7615
810,1.7171
811,1.744
812,1.6699
813,1.7404
814,1.7967
815,1.7166
816,1.9806
817,1.7476
818,1.6813
819,1.6643
820,1.7821
821,1.6777
822,1.8207
823,1.726
824,1.7749
825,1.7641
826,1.7299
827,1.8258
828,1.8205
829,1.7668
830,1.8198
831,1.9688
832,1.9862
833,1.8177
834,1.7308
835,1.8176
836,1.7757
837,1.8163
838,1.9794
839,1.9448
840,1.893
841,1.6947
842,1.7993
843,1.8051
844,1.8044
845,1.919
846,1.7901
847,1.7632
848,1.9504
849,1.7356
850,1.768
851,1.7855
852,1.7288
853,1.7976
854,1.7931
855,1.954
856,1.8311
857,1.7201
858,1.7105
859,1.8376
860,1.7824
861,1.8418
862,1.7843
863,1.8459
864,1.9755
865,1.831
866,1.9048
867,1.9177
868,1.7538
869,1.8238
870,1.7774
871,1.9236
872,1.8379
873,1.8981
874,1.8179
875,1.724
876,1.7291
877,1.7672
878,1.9318
879,1.9038
880,1.9698
881,1.8431
882,1.7728
883,1.6736
884,1.8388
885,2.0872
886,1.8419
887,1.8872
888,1.8523
889,1.9012
890,1.7927
891,1.8234
892,1.7964
893,1.9679
894,1.957
895,1.8226
896,2.09
897,1.7267
898,1.8341
899,1.8205
900,1.8853
901,1.8849
902,1.9481
903,1.9395
904,1.7889
905,1.7719
906,1.8257
907,1.879
908,1.7953
909,1.9796
910,1.8735
911,1.7855
912,2.0376
913,1.8572
914,1.7532
915,1.9359
916,1.824
917,1.8733
918,1.7048
919,1.8126
920,1.7625
921,1.7997
922,1.903
923,1.8789
924,1.9995
925,1.7713
926,1.8185
927,1.7152
928,1.9515
929,1.9245
930,1.8405
931,1.8121
932,1.7809
933,1.7495
934,1.7668
935,1.9171
936,1.772
937,1.8529
938,1.912
939,1.9256
940,1.8075
941,1.9109
942,2.0542
943,1.8639
944,2.0245
945,1.9237
946,1.6977
947,1.8523
948,1.8106
949,1.8003
950,1.9004
951,1.9173
952,1.7529
953,1.8369
954,1.8325
955,1.7392
956,1.8601
957,2.1096
958,2.0985
959,1.8786
960,2.0077
961,1.8625
962,1.9514
963,1.7581
964,1.7913
965,1.8471
966,1.7611
967,1.8387
968,2.009
969,1.7507
970,1.766
971,1.7639
972,1.7791
973,1.8307
974,1.7316
975,1.7912
976,2.0153
977,1.7408
978,1.8672
979,1.7255
980,1.8053
981,1.7797
982,1.8369
983,1.8035
984,1.723
985,1.879
986,1.7601
987,2.9689
988,1.7872
989,1.8361
990,1.7835
991,1.7667
992,2.045
993,1.7269
994,1.8871
995,1.8418
996,2.0123
997,2.0476
998,1.9003
999,1.9444
1000,1.9052
1001,2.0522
1002,2.0226
1003,2.0107
1004,1.9479
1005,1.7554
1006,1.7795
1007,1.8909
1008,1.942
1009,1.7621
1010,1.7337
1011,1.7357
1012,1.643
1013,1.8399
1014,1.8453
1015,1.8181
1016,1.6599
1017,1.7829
1018,1.8307
1019,1.8679
1020,1.7708
1021,1.7563
1022,1.8774
1023,1.8694
1024,1.9156
1025,1.8588
1026,1.7097
1027,1.7576
1028,1.7737
1029,1.9869
1030,1.9176
1031,1.7784
1032,1.7174
1033,1.8517
1034,1.8096
1035,1.8043
1036,1.8907
1037,1.8957
1038,1.7649
1039,1.834
1040,1.9928
1041,1.826
1042,1.8229
1043,1.8467
1044,1.7793
1045,1.7423
1046,1.7816
1047,1.7587
1048,1.7096
1049,1.7582
1050,1.7364
1051,1.8163
1052,1.8457
1053,1.7152
1054,1.9258
1055,1.8691
1056,1.9514
1057,1.9122
1058,1.9121
1059,1.9474
1060,1.9083
1061,2.1087
1062,2.0352
1063,1.94
1064,2.0949
1065,1.9235
1066,1.9139
1067,2.0536
1068,2.035
1069,1.9228
1070,1.9482
1071,1.9462
1072,2.1846
1073,2.0106
1074,2.0979
1075,2.0394
1076,1.8654
1077,1.8796
1078,1.842
1079,1.7544
1080,1.9252
1081,1.9203
1082,1.8927
1083,1.803
1084,1.8218
1085,1.8534
1086,1.8646
1087,1.828
1088,2.0075
1089,1.8183
1090,1.7933
1091,1.7617
1092,1.6973
1093,1.825
1094,1.9344
1095,1.7935
1096,1.8959
1097,1.9678
1098,1.8161
1099,1.8666
1100,1.8047
1101,1.9626
1102,1.8728
1103,1.9317
1104,2.1654
1105,1.8404
1106,1.7685
1107,1.8066
1108,1.945
1109,1.9338
1110,1.7852
1111,1.8276
1112,1.7187
1113,1.7707
1114,1.81
1115,1.8117
1116,1.7294
1117,1.8067
1118,1.8266
1119,1.8913
1120,2.0651
1121,1.9333
1122,1.7726
1123,1.7548
1124,1.7329
1125,1.7226
1126,1.7909
1127,1.7485
1128,1.7617
1129,1.805
1130,1.8319
1131,1.9376
1132,1.8012
1133,1.8946
1134,1.8121
1135,1.9494
1136,2.1756
1137,1.8579
1138,1.9717
1139,1.887
1140,1.9228
1141,2.0784
1142,1.9804
1143,2.0454
1144,1.9603
1145,1.8964
1146,2.0091
1147,1.9057
1148,1.8526
1149,1.74
1150,1.7362
1151,1.7224
1152,2.1163
1153,1.7709
1154,1.6493
1155,1.7825
1156,1.7357
1157,1.8466
1158,1.7775
1159,1.6903
1160,1.8224
1161,1.753
1162,1.7681
1163,1.8319
1164,1.839
1165,1.6962
1166,1.7983
1167,1.8318
1168,1.9228
1169,1.786
1170,1.7938
1171,1.792
1172,1.8479
1173,1.783
1174,1.757
1175,1.9506
1176,1.8246
1177,1.8213
1178,1.9183
1179,1.8374
1180,1.7891
1181,1.8492
1182,1.7251
1183,1.7926
1184,2.0602
1185,1.8619
1186,1.7801
1187,1.7459
1188,1.6959
1189,1.8235
1190,1.9644
1191,1.9112
1192,1.999
1193,1.8354
1194,1.7611
1195,1.6584
1196,1.827
1197,1.8145
1198,1.8276
1199,1.8229
1200,2.0105
1201,1.7954
1202,1.9118
1203,1.9874
1204,1.9865
1205,1.8991
1206,2.0301
1207,1.755
1208,1.8191
1209,1.5954
1210,1.6878
1211,1.8815
1212,1.7834
1213,1.8391
1214,1.7538
1215,1.7797
1216,2.044
1217,1.8359
1218,1.6933
1219,1.8697
1220,1.7335
1221,1.7481
1222,1.7077
1223,1.8568
1224,1.7556
1225,1.8396
1226,1.8885
1227,1.8563
1228,1.7806
1229,1.8617
1230,1.774
1231,1.5999
1232,2.0056
1233,1.8555
1234,1.7748
1235,1.8542
1236,1.8297
1237,1.8235
1238,1.9182
1239,1.9161
1240,1.8051
1241,1.8344
1242,1.7085
1243,1.8405
1244,1.9043
1245,1.7309
1246,1.7215
1247,1.9087
1248,2.1965
1249,1.8184
1250,1.8275
1251,1.9266
1252,1.8211
1253,1.8212
1254,1.7269
1255,1.8192
1256,1.9059
1257,1.9199
1258,1.9399
1259,1.7911
1260,1.9695
1261,1.6377
1262,1.6943
1263,1.7539
1264,1.9704
1265,1.8112
1266,1.7618
1267,1.7788
1268,1.7722
1269,1.7149
1270,1.8433
1271,1.6758
1272,1.6958
1273,1.8247
1274,1.7832
1275,1.8365
1276,1.6296
1277,1.9366
1278,1.9062
1279,1.9916
1280,2.0531
1281,1.8812
1282,1.8368
1283,1.8349
1284,1.8972
1285,1.7537
1286,1.8283
1287,1.8898
1288,1.8683
1289,1.8471
1290,1.9205
1291,1.826
1292,1.7637
1293,1.7971
1294,1.959
1295,1.9027
1296,2.0076
1297,1.7424
1298,1.7556
1299,1.7622
1300,1.9754
1301,1.8942
1302,1.9635
1303,1.8863
1304,1.821
1305,1.7798
1306,1.7214
1307,1.8175
1308,1.855
1309,1.7674
1310,1.7539
1311,1.6629
1312,2.0636
1313,1.7858
1314,1.9905
1315,1.9321
1316,1.728
1317,1.7181
1318,1.9068
1319,1.9266
1320,1.8697
1321,1.9632
1322,1.9764
1323,1.9314
1324,1.8167
1325,1.8628
1326,1.806
1327,1.7789
1328,1.9694
1329,1.8086
1330,1.7831
1331,1.8632
1332,1.7845
1333,1.6009
1334,1.8501
1335,1.8837
1336,2.054
1337,1.8414
1338,1.7928
1339,1.7754
1340,1.9012
1341,1.9398
1342,2.0432
1343,2.0882
1344,2.0938
1345,1.9668
1346,1.942
1347,1.9122
1348,2.0133
1349,1.7566
1350,1.79
1351,1.7702
1352,1.7853
1353,1.7629
1354,1.841
1355,1.7928
1356,1.8108
1357,1.8349
1358,1.8059
1359,1.7851
1360,2.0074
1361,2.016
1362,1.776
1363,1.7208
1364,1.6848
1365,1.9087
1366,1.8859
1367,1.8587
1368,1.8327
1369,1.8135
1370,1.8375
1371,1.7944
1372,1.761
1373,1.7164
1374,1.7376
1375,1.847
1376,2.037
1377,1.7743
1378,1.96
1379,1.8125
1380,1.7368
1381,1.812
1382,1.648
1383,1.8537
1384,1.7561
1385,1.8226
1386,1.9381
1387,1.8444
1388,1.9079
1389,1.9654
1390,1.9167
1391,2.063
1392,2.2032
1393,1.8128
1394,2.0383
1395,1.9497
1396,1.9447
1397,1.9972
1398,2.0078
1399,1.8612
1400,1.9133
1401,1.7164
1402,1.7331
1403,1.6243
1404,1.7192
1405,1.6403
1406,1.7391
1407,1.8564
1408,1.941
1409,1.8789
1410,1.9576
1411,1.805
1412,1.8645
1413,1.7344
1414,1.8365
1415,1.7153
1416,1.8423
1417,1.8384
1418,1.8278
1419,1.8251
1420,1.8132
1421,1.6573
1422,1.7272
1423,1.7212
1424,1.9293
1425,1.6387
1426,1.6966
1427,1.7839
1428,1.6881
1429,1.5761
1430,1.8396
1431,1.7999
1432,1.8121
1433,1.8083
1434,1.7821
1435,1.7859
1436,1.6898
1437,1.6127
1438,1.7392
1439,1.7871
1440,1.9088
1441,1.7223
1442,1.7603
1443,1.7824
1444,1.7617
1445,1.8094
1446,1.7925
1447,1.734
1448,1.9749
1449,1.632
1450,1.6903
1451,1.6998
1452,1.8462
1453,1.9711
1454,1.833
1455,1.777
1456,2.0264
1457,1.8145
1458,1.7509
1459,1.7868
1460,1.975
1461,1.7848
1462,1.7772
1463,1.7682
1464,1.7978
1465,1.822
1466,1.8547
1467,1.7065
1468,1.7429
1469,1.6025
1470,1.8924
1471,1.9214
1472,1.9253
1473,1.9024
1474,1.7975
1475,1.7805
1476,1.7324
1477,1.7029
1478,1.8731
1479,1.6293
1480,1.9097
1481,1.9273
1482,1.9083
1483,1.8074
1484,1.8232
1485,1.7711
1486,1.7231
1487,1.7975
1488,2.1612
1489,1.9332
1490,1.7598
1491,1.7515
1492,1.821
1493,1.7865
1494,1.6203
1495,1.7275
1496,1.8246
1497,1.7002
1498,1.8179
1499,1.7606
1500,1.8196
1501,1.8945
1502,1.7806
1503,2.008
1504,2.1204
1505,1.9745
1506,2.063
1507,1.9996
1508,1.979
1509,1.9452
1510,2.021
1511,1.8379
1512,1.8543
1513,1.8117
1514,1.7382
1515,1.6328
1516,1.818
1517,1.777
1518,1.6564
1519,1.8702
1520,2.0227
1521,1.8252
1522,1.8275
1523,1.6217
1524,1.7092
1525,1.8542
1526,1.8478
1527,1.6468
1528,1.7627
1529,1.7836
1530,1.8718
1531,1.9578
1532,1.6331
1533,1.838
1534,1.7818
1535,1.8129
1536,2.0452
1537,1.853
1538,1.8015
1539,1.8495
1540,1.7362
1541,1.8627
1542,1.7862
1543,1.7672
1544,1.7658
1545,1.7009
1546,1.822
1547,1.947
1548,1.8301
1549,1.8218
1550,1.9042
1551,1.7149
1552,2.1212
1553,2.1102
1554,1.8298
1555,1.725
1556,1.9216
1557,1.9111
1558,1.8334
1559,1.8202
1560,1.7573
1561,1.8285
1562,1.8623
1563,1.8709
1564,1.738
1565,1.7684
1566,1.7798
1567,1.8114
1568,2.0678
1569,1.7588
1570,1.7942
1571,1.7987
1572,1.7666
1573,1.8405
1574,1.8432
1575,1.7467
1576,1.8411
1577,1.7323
1578,1.7831
1579,1.862
1580,1.9064
1581,1.9124
1582,1.8945
1583,1.8952
1584,2.1137
1585,1.9082
1586,1.8377
1587,1.7461
1588,1.9157
1589,1.8645
1590,1.832
1591,1.8434
1592,1.8363
1593,1.6878
1594,1.9197
1595,1.836
1596,1.7856
1597,1.7281
1598,1.8368
1599,1.9017
1600,1.9551
1601,1.9373
1602,1.729
1603,1.8697
1604,1.7461
1605,1.7887
1606,1.9231
1607,1.7265
1608,1.7919
1609,1.8605
1610,1.7057
1611,1.7064
1612,1.7476
1613,1.8095
1614,1.8578
1615,1.6964
1616,2.078
1617,1.9015
1618,1.8505
1619,1.8386
1620,1.8416
1621,1.8227
1622,1.7709
1623,1.8737
1624,1.8596
1625,1.7266
1626,1.7977
1627,1.7911
1628,1.823
1629,2.0677
1630,2.0758
1631,1.8781
1632,2.1069
1633,1.8361
1634,1.9884
1635,1.9168
1636,1.7591
1637,1.848
1638,1.7268
1639,1.9547
1640,1.8781
1641,2.0353
1642,2.0102
1643,2.0301
1644,1.7452
1645,1.8237
1646,1.7562
1647,1.8471
1648,2.1108
1649,1.7561
1650,1.8694
1651,1.8764
1652,1.9155
1653,1.7373
1654,1.7006
1655,1.7521
1656,1.7
1657,1.657
1658,1.8559
1659,1.808
1660,1.8807
1661,1.8713
1662,1.8206
1663,1.7992
1664,2.0829
1665,1.8676
1666,1.7828
1667,1.9435
1668,1.9178
1669,1.8391
1670,1.7371
1671,1.768
1672,1.7679
1673,1.8829
1674,1.9121
1675,1.9696
1676,1.8651
1677,1.8419
1678,1.8216
1679,1.8381
1680,2.0066
1681,1.7826
1682,1.7844
1683,1.736
1684,1.8467
1685,1.8665
1686,1.857
1687,1.8015
1688,1.9108
1689,2.0164
1690,1.9095
1691,1.7916
1692,1.9172
1693,1.7913
1694,1.8665
1695,1.8018
1696,2.1152
1697,2.0117
1698,2.0795
1699,1.763
1700,2.0436
1701,1.9304
1702,1.894
1703,1.8772
1704,1.8655
1705,1.7988
1706,1.7352
1707,1.7835
1708,1.8003
1709,1.7635
1710,1.7222
1711,1.8362
1712,2.1679
1713,1.7882
1714,2.0139
1715,1.9439
1716,2.0748
1717,2.0176
1718,1.9543
1719,1.9233
1720,1.9068
1721,1.87
1722,1.7679
1723,1.801
1724,1.8294
1725,2.0345
1726,1.9527
1727,1.8898
1728,1.9694
1729,1.8691
1730,1.9568
1731,1.9018
1732,1.8836
1733,1.7716
1734,1.8349
1735,1.8279
1736,1.7479
1737,1.678
1738,1.8509
1739,1.7793
1740,1.8739
1741,1.8002
1742,1.8758
1743,1.7573
1744,2.0879
1745,1.8468
1746,1.8002
1747,1.8381
1748,1.8534
1749,1.9596
1750,1.9857
1751,1.8982
1752,1.7445
1753,1.7008
1754,1.8542
1755,1.8046
1756,1.8936
1757,1.6454
1758,1.7332
1759,1.8234
1760,1.9959
1761,1.9889
1762,1.774
1763,1.7153
1764,1.8227
1765,1.7942
1766,1.7733
1767,1.8828
1768,1.8466
1769,1.7139
1770,1.7414
1771,1.843
1772,1.8596
1773,1.729
1774,1.8001
1775,1.7955
1776,1.9276
1777,1.7153
1778,1.8443
1779,1.7664
1780,1.7032
1781,1.8961
1782,1.9693
1783,1.912
1784,1.8465
1785,1.7923
1786,1.6723
1787,1.8422
1788,1.8998
1789,1.9748
1790,2.0114
1791,2.032
1792,2.2021
1793,2.077
1794,1.9752
1795,1.8406
1796,1.9996
1797,1.9886
1798,1.9807
1799,1.8267
1800,1.9751
1801,1.9756
1802,1.8359
1803,1.7323
1804,1.7902
1805,1.8127
1806,1.9228
1807,1.8312
1808,1.9889
1809,1.8501
1810,1.6883
1811,1.8839
1812,1.7948
1813,1.8683
1814,1.9411
1815,1.7663
1816,1.7956
1817,1.7411
1818,1.8956
1819,1.9627
1820,2.0795
1821,1.879
1822,1.8329
1823,1.9228
1824,2.0851
1825,1.8271
1826,1.8568
1827,1.9565
1828,1.8925
1829,1.9059
1830,1.887
1831,1.955
1832,1.9874
1833,2.11
1834,1.9948
1835,2.0784
1836,1.9212
1837,1.9622
1838,1.933
1839,1.9687
1840,1.8283
1841,1.8311
1842,1.7644
1843,1.8388
1844,1.785
1845,1.8535
1846,1.9279
1847,1.6716
1848,1.7532
1849,1.7735
1850,1.8655
1851,1.9239
1852,1.9359
1853,1.8187
1854,1.8369
1855,1.9265
1856,2.1119
1857,1.9366
1858,1.8926
1859,1.7815
1860,1.8003
1861,1.8725
1862,1.8608
1863,1.6663
1864,1.8146
1865,1.6962
1866,1.7159
1867,1.8071
1868,1.7659
1869,1.736
1870,1.8587
1871,1.8248
1872,1.959
1873,1.7502
1874,1.7514
1875,1.6574
1876,1.7063
1877,1.7052
1878,1.7803
1879,1.7568
1880,1.7192
1881,1.7379
1882,1.871
1883,1.8075
1884,1.7102
1885,1.8292
1886,1.7009
1887,1.8733
1888,1.9423
1889,1.9871
1890,1.9467
1891,1.9367
1892,1.6993
1893,1.8739
1894,1.7178
1895,1.8218
1896,1.8629
1897,1.8663
1898,1.8481
1899,1.8459
1900,1.8705
1901,1.8323
1902,1.7031
1903,1.7212
1904,2.0974
1905,1.8368
1906,1.6673
1907,1.788
1908,1.6884
1909,1.8024
1910,1.8253
1911,1.8521
1912,1.7306
1913,1.8385
1914,1.7434
1915,1.767
1916,1.8657
1917,1.7869
1918,1.6607
1919,1.6627
1920,1.8895
1921,1.8956
1922,1.6578
1923,1.7413
1924,1.6246
1925,1.7228
1926,1.7291
1927,1.7231
1928,1.8392
1929,1.8827
1930,1.9746
1931,1.7448
1932,1.8389
1933,1.8776
1934,1.7442
1935,1.7513
1936,1.9462
1937,1.7652
1938,1.7448
1939,1.64
1940,1.909
1941,1.8733
1942,1.8375
1943,1.7057
1944,1.8352
1945,1.7398
1946,1.8863
1947,1.6898
1948,1.6257
1949,1.5173
1950,1.7491
1951,1.6068
1952,1.8997
1953,1.7548
1954,1.8628
1955,1.6376
1956,1.6485
1957,1.7376
1958,1.8359
1959,1.7381
1960,1.7418
1961,1.6827
1962,1.6493
1963,1.5073
1964,1.5413
1965,1.7415
1966,2.0349
1967,2.0111
1968,2.1805
1969,1.9547
1970,1.9063
1971,1.861
1972,1.8342
1973,2.0444
1974,1.9759
1975,1.8187
1976,1.6335
1977,1.7645
1978,1.7634
1979,1.7125
1980,1.7376
1981,1.7861
1982,1.7772
1983,1.7791
1984,2.1626
1985,1.7173
1986,1.8854
1987,1.6909
1988,1.8447
1989,2.0073
1990,1.9415
1991,1.8496
1992,1.7139
1993,1.7401
1994,1.7205
1995,2.0855
1996,1.9392
1997,1.9613
1998,1.9632
1999,1.7682
2000,2.1036
2001,1.8618
2002,1.7127
2003,1.7236
2004,1.7845
2005,1.9154
2006,1.7928
2007,1.8868
2008,1.7871
2009,1.7462
2010,1.8739
2011,1.7856
2012,1.8211
2013,1.8113
2014,1.7758
2015,1.7631
2016,2.0264
2017,1.8874
2018,2.0019
2019,1.829
2020,1.8042
2021,1.815
2022,1.8271
2023,1.8461
2024,1.8874
2025,1.8723
2026,1.8495
2027,1.729
2028,1.6693
2029,1.8603
2030,1.8136
2031,1.8043
2032,2.0618
2033,1.7228
2034,1.7449
2035,1.8606
2036,1.7665
2037,1.8445
2038,1.744
2039,1.8739
2040,1.9225
2041,2.0422
2042,1.9273
2043,2.0344
2044,1.9587
2045,1.9998
2046,2.0142
2047,1.9774
2048,2.0757
2049,1.9201
2050,2.1428
2051,2.0322
2052,1.9524
2053,1.9167
2054,1.964
2055,1.8137
2056,1.6793
2057,1.8236
2058,1.7857
2059,1.8699
2060,1.904
2061,1.6752
2062,1.7366
2063,1.8367
2064,1.8622
2065,1.9106
2066,1.8639
2067,1.74
2068,1.8353
2069,1.7385
2070,1.7261
2071,1.7075
2072,1.8237
2073,1.7646
2074,1.9516
2075,1.7975
2076,1.9157
2077,1.8579
2078,1.7954
2079,1.8167
2080,1.9895
2081,1.8333
2082,1.7912
2083,1.7317
2084,1.6369
2085,1.8023
2086,1.8779
2087,1.8511
2088,1.8176
2089,1.8032
2090,1.7495
2091,1.8614
2092,1.7292
2093,1.7955
2094,1.7659
2095,1.7532
2096,1.9858
2097,1.9134
2098,1.8806
2099,1.8922
2100,1.7939
2101,1.8866
2102,1.7533
2103,1.8296
2104,1.917
2105,1.7656
2106,1.8132
2107,1.6178
2108,1.6573
2109,1.9444
2110,1.8739
2111,1.829
2112,1.9971
2113,1.8175
2114,1.7145
2115,1.7377
2116,1.6376
2117,1.6806
2118,1.6543
2119,1.7313
2120,1.6115
2121,1.7756
2122,1.8237
2123,1.7863
2124,1.8247
2125,1.6894
2126,1.6234
2127,1.8452
2128,2.1007
2129,1.7955
2130,1.7609
2131,1.8048
2132,1.8754
2133,1.8669
2134,1.7223
2135,1.721
2136,1.8219
2137,1.8434
2138,1.7358
2139,1.8619
2140,1.8308
2141,2.006
2142,1.9072
2143,1.9335
2144,2.0013
2145,1.8934
2146,1.8814
2147,1.8874
2148,1.6707
2149,1.7613
2150,1.8376
2151,1.8186
2152,1.8793
2153,1.7826
2154,1.7864
2155,1.8382
2156,1.8355
2157,1.8624
2158,1.8915
2159,1.7285
2160,2.1266
2161,1.8027
2162,1.6635
2163,1.8192
2164,1.6833
2165,1.7447
2166,1.8256
2167,1.7854
2168,1.8978
2169,1.8956
2170,1.7813
2171,1.8521
2172,1.7703
2173,1.6345
2174,1.8866
2175,1.771
2176,2.0231
2177,1.8995
2178,1.8018
2179,1.7858
2180,1.8232
2181,1.8666
2182,1.8135
2183,1.7621
2184,1.7714
2185,1.8402
2186,1.9547
2187,1.8801
2188,1.6661
2189,1.8738
2190,1.7241
2191,2.0167
2192,2.0454
2193,1.7637
2194,2.0156
2195,1.922
2196,1.9003
2197,1.7918
2198,1.7854
2199,1.7506
2200,1.8685
2201,1.9522
2202,2.0121
2203,1.8084
2204,1.7724
2205,1.6507
2206,1.8842
2207,1.7824
2208,2.0664
2209,1.8214
2210,1.7891
2211,1.7604
2212,1.8484
2213,1.8507
2214,1.8349
2215,1.6887
2216,1.7091
2217,1.6703
2218,1.915
2219,1.8035
2220,1.8807
2221,1.892
2222,1.6818
2223,1.8406
2224,2.0376
2225,1.8932
2226,1.8405
2227,1.7723
2228,1.6883
2229,1.723
2230,1.7765
2231,1.7808
2232,1.7385
2233,1.8386
2234,1.7653
2235,1.8322
2236,1.9119
2237,1.7454
2238,1.8396
2239,1.8446
2240,2.0487
2241,1.9425
2242,1.9319
2243,1.9076
2244,1.7501
2245,1.7539
2246,1.7382
2247,1.8042
2248,1.9928
2249,2.0212
2250,1.9776
2251,1.9066
2252,1.8009
2253,1.7376
2254,1.6886
2255,2.012
2256,2.1901
2257,1.9655
2258,1.9266
2259,1.8973
2260,1.8692
2261,1.7608
2262,1.6776
2263,1.7855
2264,1.7598
2265,1.7262
2266,1.8095
2267,1.7208
2268,1.9095
2269,1.9357
2270,1.8662
2271,1.8298
2272,2.0942
2273,1.7059
2274,1.928
2275,1.943
2276,1.9995
2277,1.9544
2278,1.929
2279,1.8043
2280,1.7702
2281,1.8301
2282,1.7764
2283,1.8532
2284,1.7985
2285,1.8601
2286,1.876
2287,1.9392
2288,1.9605
2289,1.7528
2290,1.7611
2291,1.7242
2292,1.8578
2293,1.7883
2294,1.8379
2295,1.8742
2296,1.857
2297,1.752
2298,1.8959
2299,1.9946
2300,1.8485
2301,1.8155
2302,1.7596
2303,1.6648
2304,1.9765
2305,1.9436
2306,1.8731
2307,1.6909
2308,1.6945
2309,1.805
2310,1.8624
2311,1.8359
2312,1.9508
2313,1.9031
2314,1.7143
2315,1.8579
2316,1.8466
2317,2.0501
2318,1.973
2319,1.9337
2320,2.2677
2321,1.8514
2322,1.9048
2323,1.9231
2324,2.0351
2325,2.014
2326,2.1633
2327,1.9113
2328,1.95
2329,1.9662
2330,2.025
2331,1.9941
2332,2.0361
2333,1.9561
2334,2.0901
2335,1.8794
2336,2.1586
2337,1.9207
2338,1.8521
2339,1.9598
2340,1.7477
2341,1.7998
2342,1.7133
2343,1.7968
2344,1.8895
2345,1.7773
2346,1.7676
2347,1.7679
2348,1.8312
2349,1.9684
2350,1.7959
2351,1.7615
2352,2.0891
2353,1.8472
2354,1.8132
2355,1.8557
2356,1.8177
2357,1.8995
2358,1.9134
2359,1.8138
2360,1.8008
2361,1.695
2362,1.8576
2363,1.7107
2364,1.7007
2365,1.7812
2366,1.8087
2367,1.9331
2368,2.017
2369,1.942
2370,1.9073
2371,1.7985
2372,1.8505
2373,1.8064
2374,1.7158
2375,1.8081
2376,1.7295
2377,1.9091
2378,1.7962
2379,1.6556
2380,1.976
2381,1.7483
2382,1.8042
2383,1.8014
2384,1.9653
2385,1.8811
2386,1.8336
2387,2.0421
2388,2.0042
2389,1.9826
2390,2.05
2391,1.9229
2392,1.8965
2393,1.8443
2394,1.7239
2395,1.5902
2396,1.9472
2397,1.8659
2398,1.9019
2399,1.7466
2400,2.0134
2401,1.875
2402,1.6941
2403,1.8329
2404,1.8812
2405,1.8425
2406,1.8738
2407,1.7849
2408,1.7648
2409,1.7911
2410,1.851
2411,1.8612
2412,1.8698
2413,1.851
2414,1.7601
2415,1.7146
2416,1.994
2417,1.8732
2418,1.8778
2419,1.7568
2420,1.8341
2421,1.8112
2422,1.8492
2423,1.7472
2424,1.7972
2425,1.7737
2426,1.8698
2427,1.9176
2428,2.0006
2429,1.9054
2430,1.7517
2431,1.85
2432,1.9803
2433,1.7713
2434,1.8685
2435,1.7252
2436,1.6988
2437,1.847
2438,1.7608
2439,1.7831
2440,1.9042
2441,1.8292
2442,1.8951
2443,1.8371
2444,1.8178
2445,1.7932
2446,1.9132
2447,1.8678
2448,1.8862
2449,1.7459
2450,1.7441
2451,1.8873
2452,1.8478
2453,1.9219
2454,1.8112
2455,1.7361
2456,1.8105
2457,1.805
2458,2.1092
2459,1.8275
2460,1.7663
2461,1.6898
2462,1.7939
2463,1.8483
2464,2.0601
2465,1.8621
2466,1.7498
2467,1.6592
2468,1.7038
2469,1.9063
2470,1.8884
2471,1.6813
2472,1.8145
2473,1.8095
2474,1.8099
2475,1.9211
2476,1.7923
2477,1.9018
2478,1.7278
2479,1.7407
2480,2.0782
2481,1.78
2482,1.7735
2483,1.7937
2484,1.9256
2485,1.7743
2486,1.7858
2487,1.7117
2488,1.6695
2489,1.8304
2490,1.8725
2491,1.8137
2492,1.9295
2493,1.9635
2494,1.8204
2495,1.8579
2496,2.0518
2497,1.7832
2498,1.7574
2499,1.7988
2500,1.8911
2501,1.7775
2502,1.799
2503,1.8341
2504,1.7904
2505,1.8486
2506,1.9329
2507,1.7834
2508,1.9253
2509,1.8246
2510,1.6811
2511,1.8009
2512,2.1047
2513,1.8576
2514,1.8716
2515,1.7906
2516,1.7522
2517,1.7617
2518,1.9061
2519,1.8744
2520,1.6709
2521,1.8328
2522,1.8224
2523,1.6472
2524,1.8468
2525,1.7628
2526,1.8113
2527,1.7716
2528,2.0144
2529,1.864
2530,1.8261
2531,1.7874
2532,1.7838
2533,1.7506
2534,2.0563
2535,1.8791
2536,1.803
2537,1.7851
2538,1.7187
2539,1.6495
2540,1.8784
2541,1.7964
2542,1.7718
2543,1.8472
2544,2.0011
2545,1.8657
2546,1.8337
2547,1.9397
2548,1.8563
2549,1.7784
2550,1.7667
2551,1.902
2552,1.9032
2553,1.7875
2554,1.8741
2555,1.6665
2556,1.6927
2557,1.7638
2558,1.9542
2559,1.9126
2560,2.1082
2561,1.904
2562,1.751
2563,1.7604
2564,1.6948
2565,1.8394
2566,1.7939
2567,1.7748
2568,1.721
2569,1.9075
2570,1.8079
2571,1.9003
2572,1.8167
2573,1.8005
2574,1.7924
2575,1.8436
2576,1.9521
2577,2.0112
2578,1.904
2579,1.7861
2580,1.8416
2581,1.8292
2582,1.6993
2583,1.8199
2584,1.9588
2585,1.8826
2586,1.8256
2587,1.8078
2588,1.6848
2589,1.7999
2590,1.8833
2591,1.7593
2592,1.9041
2593,1.7616
2594,1.8671
2595,1.7372
2596,1.8007
2597,1.8167
2598,1.7415
2599,1.8844
2600,1.868
2601,1.957
2602,2.002
2603,1.7005
2604,1.7261
2605,1.7791
2606,1.7795
2607,1.8786
2608,2.0045
2609,1.7805
2610,1.7987
2611,1.8539
2612,1.7838
2613,1.7447
2614,1.7611
2615,1.738
2616,1.7954
2617,1.8168
2618,1.8831
2619,1.7117
2620,1.7939
2621,1.8365
2622,1.8291
2623,1.8462
2624,1.9677
2625,1.7796
2626,1.8236
2627,1.6997
2628,1.8383
2629,2.0061
2630,1.8662
2631,1.8657
2632,1.7781
2633,1.7943
2634,1.9222
2635,1.8782
2636,1.8573
2637,1.8239
2638,1.8299
2639,1.8402
2640,1.9835
2641,1.667
2642,1.838
2643,1.8035
2644,1.8076
2645,1.8737
2646,1.7969
2647,1.7375
2648,1.8288
2649,1.7872
2650,1.8151
2651,1.7635
2652,1.7739
2653,1.8503
2654,1.7532
2655,1.7208
2656,1.8921
2657,1.7641
2658,1.9567
2659,2.0134
2660,1.9233
2661,1.6163
2662,1.6929
2663,1.7769
2664,1.9713
2665,1.7681
2666,1.7959
2667,1.7996
2668,1.7378
2669,1.9286
2670,1.8849
2671,1.8153
2672,2.1821
2673,1.8163
2674,1.875
2675,1.8537
2676,1.8061
2677,1.7771
2678,1.919
2679,1.8776
2680,1.8639
2681,1.8685
2682,1.8553
2683,1.8517
2684,1.8246
2685,1.7682
2686,1.8367
2687,1.7778
2688,1.9849
2689,1.8204
2690,1.8119
2691,1.8906
2692,1.893
2693,1.9411
2694,1.8087
2695,1.773
2696,1.7388
2697,1.7609
2698,1.9144
2699,1.7262
2700,1.7972
2701,1.8802
2702,1.7626
2703,1.8652
2704,2.092
2705,1.8418
2706,1.7945
2707,1.8315
2708,1.6743
2709,1.7035
2710,1.8047
2711,1.7234
2712,1.9049
2713,1.8487
2714,1.7969
2715,1.8589
2716,1.7878
2717,1.8106
2718,1.7166
2719,1.8186
2720,2.1906
2721,1.794
2722,1.905
2723,1.7785
2724,1.7536
2725,1.7758
2726,1.9025
2727,1.7954
2728,1.7608
2729,1.7929
2730,1.7633
2731,1.8931
2732,1.8881
2733,1.821
2734,1.7963
2735,1.713
2736,1.9574
2737,1.7387
2738,2.0261
2739,1.955
2740,1.9606
2741,2.0239
2742,1.9678
2743,1.7476
2744,1.8396
2745,1.764
2746,1.7515
2747,1.9005
2748,1.9057
2749,1.7222
2750,1.831
2751,1.8129
2752,2.0237
2753,1.8241
2754,1.9336
2755,1.9345
2756,1.8788
2757,1.6996
2758,1.8447
2759,1.8285
2760,1.8228
2761,1.8501
2762,2.1441
2763,2.0231
2764,1.9512
2765,1.7356
2766,1.833
2767,1.9272
2768,2.2993
2769,2.0322
2770,2.033
2771,1.9402
2772,1.7943
2773,1.8485
2774,1.7821
2775,1.7854
2776,1.8589
2777,1.8426
2778,1.8151
2779,1.8576
2780,1.6834
2781,1.7746
2782,1.8496
2783,1.7565
2784,2.0324
2785,1.8478
2786,1.8001
2787,1.8813
2788,1.9028
2789,1.9755
2790,1.8022
2791,1.8287
2792,1.7799
2793,1.7541
2794,1.7663
2795,1.8538
2796,1.7462
2797,1.7333
2798,1.6222
2799,1.8399
2800,2.0591
2801,1.6373
2802,1.618
2803,1.7925
2804,1.7141
2805,1.8467
2806,1.834
2807,1.8528
2808,1.881
2809,1.9187
2810,2.0208
2811,2.148
2812,1.9717
2813,1.8454
2814,1.9479
2815,1.8536
2816,1.9424
2817,1.7856
2818,1.8534
2819,1.7041
2820,1.917
2821,1.7582
2822,1.74
2823,1.794
2824,1.6893
2825,1.8915
2826,1.7586
2827,1.7559
2828,1.7549
2829,1.8886
2830,1.9652
2831,2.0336
2832,2.1245
2833,1.893
2834,1.9162
2835,1.8609
2836,1.6684
2837,1.7316
2838,1.8144
2839,1.8249
2840,1.733
2841,1.7328
2842,1.7461
2843,1.8389
2844,1.9167
2845,1.7302
2846,1.7678
2847,1.7204
2848,2.0128
2849,1.8077
2850,1.8347
2851,1.7704
2852,1.7607
2853,1.8026
2854,1.8742
2855,1.852
2856,1.8134
2857,1.7159
2858,1.8192
2859,1.8426
2860,1.9817
2861,1.9976
2862,1.9468
2863,1.8192
2864,1.8965
2865,1.731
2866,1.7723
2867,1.859
2868,1.9619
2869,1.9317
2870,1.7568
2871,1.749
2872,1.7016
2873,2.0938
2874,1.9001
2875,1.8094
2876,1.9611
2877,2.0025
2878,1.8562
2879,1.7957
2880,2.0717
2881,1.8758
2882,1.8122
2883,1.8259
2884,1.7809
2885,1.9038
2886,1.6325
2887,1.732
2888,1.6761
2889,1.8799
2890,1.9634
2891,1.6674
2892,1.8616
2893,1.7531
2894,1.8505
2895,1.8027
2896,2.1348
2897,1.8211
2898,1.7295
2899,1.7905
2900,1.8109
2901,1.8185
2902,1.8361
2903,1.7379
2904,1.7837
2905,1.8874
2906,1.8113
2907,1.8846
2908,1.6766
2909,1.7693
2910,1.7193
2911,1.8773
2912,1.9006
2913,1.7141
2914,1.8326
2915,1.7748
2916,1.9777
2917,1.9466
2918,1.7735
2919,1.7815
2920,1.7508
2921,1.7081
2922,1.9787
2923,1.8657
2924,1.7312
2925,1.6205
2926,1.7658
2927,1.914
2928,2.0081
2929,1.829
2930,1.8213
2931,1.7735
2932,1.7659
2933,1.6452
2934,1.7833
2935,1.7938
2936,1.8082
2937,1.8029
2938,1.9704
2939,1.858
2940,1.7945
2941,1.8069
2942,1.7211
2943,1.7007
2944,2.0522
2945,1.997
2946,1.7583
2947,1.7078
2948,1.7696
2949,1.7997
2950,1.798
2951,1.7132
2952,1.6568
2953,1.7983
2954,1.9727
2955,1.8965
2956,1.7957
2957,1.8318
2958,1.7549
2959,1.7695
2960,44.2748
2961,2.0636
2962,2.0472
2963,2.0865
2964,2.117
2965,2.0236
2966,1.9397
2967,1.8536
2968,1.8114
2969,1.9259
2970,1.9912
2971,1.9286
2972,1.7977
2973,1.9158
2974,1.8355
2975,1.735
2976,1.6569
2977,1.8153
2978,1.7981
2979,1.839
2980,1.7301
2981,1.7565
2982,1.7312
2983,2.0502
2984,1.7647
2985,1.8005
2986,1.6829
2987,1.8452
2988,1.7741
2989,1.7963
2990,1.6775
2991,1.7332
2992,1.648
2993,1.6181
2994,1.6458
2995,1.7563
2996,1.8936
2997,1.7231
2998,2.0125
2999,1.7926
3000,1.8286
3001,1.8305
3002,1.7571
3003,1.7822
3004,1.7838
3005,1.9842
3006,1.8627
3007,1.7773
3008,1.7508
3009,1.6702
3010,1.934
3011,1.8548
3012,1.7222
3013,1.8327
3014,2.0406
3015,1.7502
3016,1.7139
3017,1.8824
3018,1.8459
3019,1.8424
3020,1.6723
3021,1.7934
3022,1.8907
3023,1.6116
3024,1.7276
3025,1.7876
3026,1.9255
3027,1.7536
3028,1.6441
3029,1.8613
3030,1.8613
3031,1.9525
3032,1.9519
3033,1.7408
3034,1.7245
3035,1.6905
3036,1.8684
3037,1.6989
3038,1.7354
3039,1.7201
3040,1.9501
3041,1.6673
3042,1.873
3043,1.7432
3044,1.863
3045,2.0437
3046,1.8127
3047,1.8348
3048,1.8447
3049,1.7368
3050,1.8891
3051,1.7621
3052,2.0027
3053,1.8937
3054,1.8292
3055,1.9267
3056,1.7923
3057,1.7404
3058,1.7423
3059,1.8557
3060,2.1614
3061,1.8073
3062,1.9362
3063,2.0123
3064,1.9287
3065,1.812
3066,1.7622
3067,1.7903
3068,1.7682
3069,1.8661
3070,1.8717
3071,1.7907
3072,1.8981
3073,1.693
3074,1.8055
3075,1.9515
3076,2.179
3077,1.8373
3078,1.8348
3079,1.7579
3080,1.6995
3081,1.8909
3082,1.8713
3083,1.8032
3084,1.7443
3085,1.7752
3086,1.8778
3087,1.8499
3088,1.7392
3089,1.7617
3090,1.8292
3091,2.005
3092,1.7958
3093,1.805
3094,1.9295
3095,1.895
3096,1.7677
3097,1.8633
3098,1.6804
3099,1.8404
3100,1.9286
3101,1.6974
3102,1.783
3103,1.6802
3104,1.7562
3105,1.8395
3106,1.9107
3107,2.1023
3108,1.7632
3109,1.7996
3110,1.778
3111,1.8676
3112,2.0185
3113,1.726
3114,1.7563
3115,1.7405
3116,1.7223
3117,1.6764
3118,1.8057
3119,1.7361
3120,1.7808
3121,1.898
3122,2.0462
3123,1.9826
3124,2.019
3125,1.9893
3126,1.8983
3127,1.9856
3128,1.7872
3129,1.9663
3130,1.9533
3131,1.7754
3132,1.7493
3133,1.9316
3134,1.8593
3135,2.0579
3136,2.0249
3137,1.9927
3138,2.274
3139,1.9092
3140,2.0263
3141,1.9335
3142,2.0707
3143,2.038
3144,1.9742
3145,2.0066
3146,1.9652
3147,2.0624
3148,1.8295
3149,1.9334
3150,1.9398
3151,1.8594
3152,1.778
3153,1.8256
3154,2.0041
3155,1.8877
3156,1.8331
3157,1.8361
3158,1.9079
3159,1.7483
3160,1.8258
3161,1.7402
3162,1.7879
3163,1.8714
3164,1.7268
3165,1.9391
3166,1.7779
3167,1.7974
3168,1.8859
3169,1.9082
3170,1.9194
3171,1.6051
3172,1.7923
3173,1.7816
3174,1.9522
3175,1.9106
3176,1.7504
3177,1.7728
3178,1.7561
3179,1.8596
3180,1.7973
3181,1.712
3182,1.7354
3183,1.7179
3184,1.8666
3185,1.7608
3186,2.1611
3187,1.7021
3188,1.7631
3189,1.792
3190,1.8086
3191,1.8388
3192,1.7329
3193,1.6855
3194,1.7684
3195,1.7374
3196,1.6517
3197,1.7197
3198,2.0373
3199,2.0414
3200,1.8191
3201,1.9941
3202,2.2376
3203,1.7616
3204,1.6667
3205,1.6669
3206,1.6963
3207,1.7972
3208,1.6557
3209,1.5797
3210,1.6934
3211,1.7391
3212,1.6594
3213,1.722
3214,1.6445
3215,1.7247
3216,1.6056
3217,1.6044
3218,1.9694
3219,1.5904
3220,1.6704
3221,1.7633
3222,1.6431
3223,1.91
3224,1.7985
3225,1.6412
3226,1.676
3227,1.9256
3228,1.7905
3229,1.6923
3230,1.7554
3231,1.8062
3232,1.8466
3233,1.6998
3234,1.9496
3235,1.8317
3236,1.6332
3237,1.7782
3238,1.7084
3239,1.5268
3240,1.8806
3241,1.7998
3242,1.7075
3243,1.7947
3244,1.7573
3245,1.6971
3246,1.6746
3247,1.8377
3248,1.6929
3249,1.7213
3250,1.8555
3251,1.7974
3252,1.76
3253,1.6346
3254,1.8937
3255,1.8012
3256,1.7822
3257,1.7422
3258,1.7066
3259,1.7102
3260,1.8014
3261,1.8728
3262,2.0022
3263,1.9346
3264,1.8703
3265,1.6269
3266,2.0058
3267,1.7047
3268,1.7837
3269,1.8657
3270,1.7576
3271,1.8705
3272,1.6254
3273,1.8407
3274,1.7264
3275,1.8821
3276,1.8496
3277,1.7236
3278,1.7484
3279,1.7901
3280,1.7305
3281,1.7421
3282,2.0463
3283,1.7842
3284,1.8937
3285,1.9614
3286,1.7162
3287,1.8345
3288,1.7494
3289,1.7885
3290,1.8868
3291,1.7352
3292,1.8081
3293,1.6377
3294,1.752
3295,1.7847
3296,1.7633
3297,1.6849
3298,1.9041
3299,1.883
3300,1.7628
3301,1.8776
3302,1.7544
3303,1.9138
3304,1.8397
3305,1.7868
3306,1.7628
3307,1.8211
3308,1.77
3309,1.8082
3310,1.6845
3311,1.7549
3312,1.6969
3313,1.771
3314,2.0192
3315,1.7314
3316,1.8485
3317,1.8151
3318,1.818
3319,1.8362
3320,1.8686
3321,1.6227
3322,1.7631
3323,1.7631
3324,2.0386
3325,1.9514
3326,1.8796
3327,1.8248
3328,1.7928
3329,1.7234
3330,1.9099
3331,1.8377
3332,1.8977
3333,1.649
3334,1.8154
3335,1.6368
3336,1.9506
3337,1.8568
3338,1.7625
3339,1.7387
3340,1.7534
3341,1.7613
3342,1.8014
3343,1.858
3344,1.7541
3345,1.7129
3346,2.0879
3347,1.7981
3348,1.7516
3349,1.7405
3350,1.8407
3351,1.7927
3352,1.8326
3353,1.8106
3354,1.7203
3355,1.7239
3356,1.7317
3357,1.7834
3358,1.7936
3359,1.8348
3360,1.7669
3361,1.9914
3362,2.0794
3363,1.8788
3364,2.0053
3365,1.8153
3366,1.7501
3367,1.901
3368,1.7453
3369,1.8656
3370,1.8677
3371,1.9641
3372,1.9531
3373,1.7068
3374,1.797
3375,1.7726
3376,1.8616
3377,1.905
3378,2.0825
3379,1.8419
3380,1.7501
3381,1.7866
3382,1.6794
3383,1.9245
3384,1.9636
3385,1.9591
3386,1.951
3387,1.8924
3388,1.8051
3389,1.7451
3390,1.7056
3391,1.8063
3392,1.6852
3393,1.7488
3394,2.1711
3395,1.7772
3396,1.9169
3397,1.8449
3398,1.9421
3399,1.9809
3400,2.0065
3401,2.0727
3402,2.0232
3403,2.0014
3404,1.9677
3405,2.0992
3406,1.9912
3407,1.9778
3408,2.0768
3409,1.9992
3410,2.1976
3411,1.9921
3412,1.757
3413,1.7889
3414,1.8489
3415,1.7427
3416,1.7038
3417,1.8531
3418,1.9772
3419,1.9834
3420,1.955
3421,2.0646
3422,1.9339
3423,1.964
3424,2.0721
3425,1.9076
3426,1.955
3427,1.7791
3428,1.841
3429,1.8797
3430,1.7743
3431,1.848
3432,1.9057
3433,1.9327
3434,1.8997
3435,1.7662
3436,1.7809
3437,1.8555
3438,1.7443
3439,1.9794
3440,1.7421
3441,1.8033
3442,2.0968
3443,1.829
3444,1.7409
3445,1.9306
3446,1.7697
3447,1.9001
3448,2.1507
3449,1.9193
3450,1.7879
3451,1.8056
3452,1.7608
3453,1.8092
3454,1.9541
3455,2.0313
3456,1.8682
3457,1.7832
3458,2.0309
3459,1.7887
3460,1.7748
3461,1.7986
3462,2.0136
3463,1.8563
3464,1.9384
3465,1.8628
3466,1.8474
3467,1.8365
3468,1.7594
3469,1.7735
3470,1.9498
3471,1.7468
3472,1.891
3473,1.8117
3474,2.0569
3475,1.7888
3476,1.8564
3477,1.9312
3478,1.9362
3479,1.9265
3480,1.8382
3481,1.8508
3482,1.7716
3483,1.8168
3484,1.9416
3485,1.911
3486,1.8007
3487,1.796
3488,1.8788
3489,1.8536
3490,2.1
3491,1.9988
3492,1.8129
3493,1.8785
3494,1.8618
3495,1.8471
3496,1.8967
3497,1.8293
3498,1.7239
3499,1.8664
3500,1.8302
3501,1.8578
3502,1.7737
3503,1.8786
3504,1.8193
3505,1.8432
3506,1.9476
3507,1.7604
3508,1.8901
3509,1.827
3510,1.6834
3511,1.8521
3512,1.8147
3513,1.7971
3514,1.7689
3515,1.8508
3516,1.7314
3517,1.8316
3518,1.7916
3519,1.7727
3520,1.6806
3521,1.7778
3522,1.9697
3523,1.9097
3524,1.9035
3525,1.7068
3526,1.8079
3527,1.7147
3528,1.7594
3529,1.6785
3530,1.7922
3531,1.7067
3532,1.7718
3533,1.7924
3534,1.7555
3535,1.7675
3536,1.8739
3537,1.6586
3538,2.0197
3539,1.7375
3540,1.8198
3541,1.7838
3542,1.8742
3543,1.8382
3544,1.8146
3545,1.75
3546,1.7977
3547,1.7902
3548,1.9597
3549,1.9452
3550,1.8419
3551,1.6775
3552,1.8029
3553,1.6649
3554,1.9658
3555,1.7354
3556,1.8894
3557,1.8402
3558,1.8751
3559,1.9679
3560,1.9867
3561,1.9278
3562,1.7836
3563,1.8644
3564,1.7228
3565,1.919
3566,1.703
3567,2.0455
3568,2.0195
3569,1.9952
3570,2.1179
3571,1.8828
3572,1.8539
3573,1.7908
3574,1.7223
3575,1.6478
3576,1.8297
3577,1.8775
3578,1.7018
3579,1.6625
3580,1.7774
3581,1.8348
3582,1.763
3583,1.6124
3584,1.8104
3585,1.649
3586,1.921
3587,1.8991
3588,1.8543
3589,1.9705
3590,1.785
3591,1.9489
3592,2.0186
3593,2.0098
3594,1.9165
3595,1.8718
3596,1.9202
3597,2.0308
3598,1.8209
3599,1.6114
3600,1.6941
3601,1.8911
3602,2.0918
3603,1.9094
3604,1.7036
3605,1.842
3606,1.7644
3607,1.7142
3608,1.8471
3609,1.7475
3610,1.8207
3611,1.8435
3612,1.8636
3613,1.8485
3614,1.9343
3615,1.7473
3616,1.7251
3617,1.6712
3618,2.0345
3619,1.7293
3620,1.7325
3621,1.7278
3622,1.7263
3623,1.8273
3624,1.5849
3625,1.7556
3626,1.7821
3627,1.8571
3628,1.716
3629,1.7832
3630,1.7095
3631,1.9223
3632,1.8013
3633,1.9027
3634,2.2337
3635,2.133
3636,1.8651
3637,1.7884
3638,1.7502
3639,1.7323
3640,1.8329
3641,1.9426
3642,1.983
3643,1.8547
3644,1.6416
3645,1.7171
3646,1.7773
3647,1.8684
3648,1.8419
3649,1.7215
3650,2.0947
3651,1.8044
3652,1.7656
3653,1.9184
3654,1.8412
3655,1.7235
3656,1.765
3657,1.7974
3658,1.6542
3659,1.6945
3660,1.8793
3661,1.9472
3662,1.7949
3663,1.9366
3664,2.0001
3665,1.8927
3666,2.1537
3667,1.7012
3668,1.7471
3669,1.8028
3670,1.7537
3671,1.9015
3672,1.8535
3673,1.8719
3674,1.6928
3675,1.6879
3676,1.7792
3677,1.7193
3678,1.6861
3679,1.7381
3680,1.7997
3681,1.9969
3682,2.0419
3683,1.8545
3684,1.7678
3685,1.7238
3686,1.8659
3687,1.8725
3688,1.9758
3689,1.9424
3690,1.9234
3691,1.9878
3692,2.1083
3693,2.0265
3694,2.0012
3695,2.09
3696,1.8911
3697,1.9899
3698,2.1787
3699,1.943
3700,1.86
3701,1.8991
3702,1.7544
3703,1.7281
3704,1.8126
3705,1.7782
3706,2.106
3707,1.9223
3708,2.0206
3709,1.9622
3710,1.8653
3711,2.0686
3712,1.854
3713,1.7813
3714,1.9609
3715,1.8389
3716,1.7492
3717,1.8491
3718,1.8815
3719,1.6822
3720,1.9242
3721,1.6867
3722,1.8616
3723,1.9442
3724,2.0787
3725,1.9459
3726,1.6515
3727,1.6549
3728,1.7186
3729,1.8138
3730,2.0127
3731,1.7716
3732,1.7707
3733,1.744
3734,1.8019
3735,1.9366
3736,1.9065
3737,1.752
3738,1.7957
3739,1.8174
3740,2.002
3741,1.7911
3742,2.0048
3743,1.7963
3744,1.7751
3745,1.8186
3746,2.0046
3747,1.7155
3748,1.8765
3749,1.933
3750,1.6951
3751,1.7955
3752,1.7984
3753,1.7432
3754,1.9995
3755,1.9287
3756,1.8549
3757,1.7661
3758,1.7858
3759,1.8454
3760,1.8109
3761,2.0181
3762,2.1131
3763,1.8311
3764,1.7874
3765,1.7038
3766,1.688
3767,1.7843
3768,2.014
3769,1.9093
3770,1.6485
3771,1.7452
3772,1.7753
3773,1.9078
3774,1.9108
3775,1.8645
3776,1.8143
3777,1.7121
3778,1.9808
3779,1.8381
3780,1.8355
3781,1.8577
3782,1.73
3783,1.7901
3784,1.7564
3785,1.6816
3786,1.7257
3787,1.7789
3788,1.8402
3789,1.8756
3790,1.9526
3791,1.7422
3792,1.8477
3793,1.852
3794,2.1308
3795,1.8614
3796,1.8676
3797,1.8142
3798,1.6776
3799,1.7235
3800,1.6142
3801,1.8786
3802,1.6132
3803,1.8043
3804,1.5748
3805,1.6212
3806,1.8095
3807,1.7184
3808,1.766
3809,1.8183
3810,1.894
3811,1.8318
3812,1.6983
3813,1.706
3814,1.859
3815,1.7925
3816,1.7399
3817,1.7579
3818,1.7586
3819,1.7173
3820,1.6073
3821,1.8478
3822,1.8618
3823,1.8198
3824,1.7776
3825,1.9689
3826,2.0322
3827,1.8962
3828,1.8682
3829,1.9133
3830,1.8706
3831,1.802
3832,1.6827
3833,1.8274
3834,1.7053
3835,1.6136
3836,1.7016
3837,1.7061
3838,1.5553
3839,1.7967
3840,1.5932
3841,1.8881
3842,1.9933
3843,1.647
3844,1.6474
3845,1.6312
3846,1.724
3847,1.7001
3848,1.7145
3849,1.7753
3850,1.6547
3851,1.6099
3852,1.8924
3853,1.6336
3854,1.7413
3855,1.7058
3856,1.8124
3857,1.6603
3858,2.0888
3859,1.8173
3860,1.6434
3861,1.581
3862,1.7839
3863,1.7351
3864,1.8726
3865,1.7385
3866,1.8123
3867,1.6796
3868,1.6463
3869,1.8452
3870,1.8883
3871,1.8274
3872,1.8382
3873,1.7082
3874,1.9251
3875,1.9258
3876,1.8591
3877,1.7149
3878,1.5787
3879,1.9074
3880,1.9297
3881,1.8714
3882,1.7298
3883,1.6434
3884,1.7758
3885,1.8773
3886,1.7105
3887,1.7539
3888,1.7554
3889,1.8901
3890,2.0301
3891,1.8435
3892,1.7155
3893,1.8607
3894,1.6986
3895,1.9558
3896,1.9643
3897,1.8421
3898,1.7402
3899,1.8013
3900,1.7616
3901,1.7818
3902,1.8231
3903,1.7536
3904,1.6566
3905,1.755
3906,2.0722
3907,1.8894
3908,1.8314
3909,1.7524
3910,1.7114
3911,1.5987
3912,1.7948
3913,1.7994
3914,1.7118
3915,1.6898
3916,1.825
3917,1.7693
3918,1.7646
3919,1.7313
3920,1.9092
3921,1.7356
3922,2.0123
3923,1.7073
3924,1.7266
3925,1.5888
3926,1.6542
3927,1.7321
3928,1.6015
3929,1.7288
3930,1.694
3931,1.8149
3932,1.96
3933,1.6638
3934,1.8027
3935,1.7535
3936,1.9155
3937,1.9124
3938,2.0499
3939,1.9483
3940,1.9382
3941,1.7699
3942,1.8093
3943,1.7585
3944,1.8069
3945,1.9063
3946,1.8846
3947,1.7921
3948,1.8103
3949,1.7242
3950,1.7373
3951,1.6554
3952,1.808
3953,1.6764
3954,2.0286
3955,1.8853
3956,1.8697
3957,1.5645
3958,1.6628
3959,1.7905
3960,1.6938
3961,1.8575
3962,1.8197
3963,1.7667
3964,1.8454
3965,1.8056
3966,1.8158
3967,1.7624
3968,1.7279
3969,1.8696
3970,2.077
3971,1.9786
3972,1.9217
3973,1.7648
3974,1.8246
3975,1.7762
3976,1.8536
3977,1.8859
3978,1.8805
3979,1.7375
3980,1.8589
3981,1.8523
3982,1.96
3983,1.9918
3984,1.8632
3985,1.9997
3986,2.1445
3987,1.8639
3988,1.9187
3989,1.9504
3990,1.9374
3991,1.947
3992,1.7658
3993,1.8214
3994,1.8209
3995,1.876
3996,1.7561
3997,1.8033
3998,1.7781
3999,1.9425
4000,1.847
4001,1.8939
4002,2.27
4003,1.8903
4004,1.7458
4005,1.8769
4006,1.7447
4007,1.8039
4008,1.7431
4009,1.7331
4010,1.9216
4011,1.8108
4012,1.8039
4013,1.7899
4014,1.8268
4015,1.7268
4016,1.8785
4017,1.7749
4018,2.0029
4019,1.7713
4020,1.6333
4021,1.7933
4022,1.7431
4023,1.8176
4024,1.7386
4025,1.8324
4026,1.7815
4027,1.5901
4028,1.4877
4029,1.5632
4030,1.7679
4031,1.8252
4032,1.81
4033,1.5684
4034,1.8921
4035,1.68
4036,1.7052
4037,1.7749
4038,1.7184
4039,1.7423
4040,1.8285
4041,1.7823
4042,1.8482
4043,1.7839
4044,1.8727
4045,1.8808
4046,1.9086
4047,1.6666
4048,1.8231
4049,1.7019
4050,2.1367
4051,1.9792
4052,1.7579
4053,1.9847
4054,1.9734
4055,1.9517
4056,1.985
4057,1.9661
4058,1.7655
4059,1.7707
4060,1.6253
4061,1.9384
4062,1.7194
4063,1.7601
4064,1.672
4065,1.8284
4066,2.0114
4067,1.8797
4068,1.7742
4069,1.8962
4070,1.8521
4071,1.6516
4072,1.9084
4073,1.8874
4074,1.7681
4075,1.6581
4076,1.6912
4077,1.7035
4078,1.6453
4079,1.8473
4080,1.7471
4081,1.6737
4082,1.9297
4083,1.7685
4084,1.7209
4085,1.8505
4086,1.6483
4087,1.6864
4088,1.7633
4089,1.8683
4090,1.8431
4091,1.8431
4092,1.694
4093,1.7405
4094,1.8448
4095,1.6669
4096,1.6769
4097,1.8687
4098,2.13
4099,1.8661
4100,1.798
4101,1.8091
4102,1.731
4103,1.7096
4104,1.8461
4105,1.7488
4106,1.8036
4107,1.7724
4108,1.7425
4109,2.0102
4110,1.8137
4111,1.7004
4112,1.7497
4113,1.8629
4114,1.8986
4115,1.9164
4116,2.0911
4117,1.9377
4118,2.0904
4119,2.0727
4120,1.8393
4121,2.0544
4122,1.9845
4123,2.0715
4124,1.9157
4125,1.9731
4126,2.0541
4127,1.9914
4128,2.0184
4129,1.8731
4130,2.2616
4131,1.9055
4132,1.9865
4133,2.0237
4134,1.9545
4135,1.9762
4136,2.0058
4137,1.9239
4138,1.9483
4139,2.0044
4140,1.9529
4141,1.8847
4142,1.7511
4143,1.7308
4144,1.7224
4145,1.7969
4146,2.0616
4147,1.7284
4148,1.5932
4149,1.8264
4150,1.8831
4151,1.9954
4152,1.9086
4153,1.8271
4154,1.753
4155,1.8198
4156,1.8552
4157,1.7892
4158,1.8625
4159,1.8926
4160,1.7703
4161,1.8359
4162,2.1242
4163,1.8369
4164,1.7474
4165,2.0145
4166,1.9892
4167,1.907
4168,2.0058
4169,1.8847
4170,1.6851
4171,1.6682
4172,1.8326
4173,1.8312
4174,1.9296
4175,1.84
4176,1.9778
4177,1.8601
4178,2.0229
4179,1.8054
4180,1.8326
4181,1.9201
4182,1.8863
4183,1.9346
4184,1.7356
4185,1.7899
4186,1.749
4187,1.7446
4188,1.7694
4189,1.9179
4190,1.9509
4191,1.7051
4192,1.9143
4193,1.9737
4194,2.0648
4195,1.8983
4196,2.0011
4197,1.9725
4198,1.9571
4199,2.0216
4200,2.0042
4201,2.1531
4202,1.9394
4203,1.8941
4204,2.0783
4205,1.825
4206,1.9255
4207,1.8321
4208,1.762
4209,1.5651
4210,1.9566
4211,1.9142
4212,1.825
4213,1.8296
4214,1.9228
4215,1.8582
4216,1.861
4217,1.7691
4218,1.9762
4219,1.9708
4220,1.6559
4221,1.8303
4222,1.8486
4223,1.7877
4224,1.6317
4225,1.7527
4226,2.0592
4227,1.835
4228,1.7474
4229,1.8034
4230,1.8568
4231,1.6282
4232,1.7641
4233,1.886
4234,1.8629
4235,1.9524
4236,1.8823
4237,1.7989
4238,1.8216
4239,1.7836
4240,1.7688
4241,1.8369
4242,1.8042
4243,1.8856
4244,1.8078
4245,1.7568
4246,1.7618
4247,1.9565
4248,1.7015
4249,1.6688
4250,1.7633
4251,1.8553
4252,1.796
4253,1.7613
4254,1.7654
4255,1.8027
4256,1.9496
4257,1.8711
4258,1.9516
4259,1.7893
4260,1.7352
4261,1.7756
4262,1.951
4263,1.8288
4264,1.7681
4265,1.8497
4266,1.6998
4267,1.6539
4268,1.7036
4269,1.7619
4270,1.7652
4271,1.8831
4272,1.9762
4273,1.8684
4274,1.9113
4275,1.7603
4276,1.6917
4277,1.7556
4278,1.7621
4279,1.8221
4280,1.604
4281,1.7937
4282,1.8313
4283,1.851
4284,1.7821
4285,1.5939
4286,1.7391
4287,1.8022
4288,1.6879
4289,1.5713
4290,2.0476
4291,1.7637
4292,1.8033
4293,1.8776
4294,1.8179
4295,1.7731
4296,1.9803
4297,2.1325
4298,2.0126
4299,2.1039
4300,1.7751
4301,1.8797
4302,1.727
4303,1.7648
4304,1.7035
4305,1.6956
4306,1.9586
4307,1.7558
4308,1.682
4309,1.9736
4310,1.8437
4311,1.8985
4312,1.7204
4313,1.8581
4314,1.7937
4315,1.9384
4316,1.9667
4317,1.8211
4318,2.0315
4319,1.9551
4320,1.9672
4321,1.9555
4322,2.0028
4323,1.7489
4324,1.7765
4325,1.7832
4326,1.7732
4327,1.9333
4328,1.7055
4329,1.7767
4330,1.7782
4331,1.8229
4332,1.8525
4333,1.8631
4334,1.6918
4335,1.773
4336,1.8515
4337,1.907
4338,2.0407
4339,1.9268
4340,1.735
4341,1.8386
4342,1.8247
4343,1.7697
4344,1.8826
4345,1.762
4346,1.8059
4347,1.7769
4348,1.7862
4349,1.662
4350,1.8031
4351,1.825
4352,1.7405
4353,1.8693
4354,2.007
4355,1.8956
4356,1.9551
4357,1.8642
4358,1.7742
4359,1.9158
4360,1.8083
4361,1.8137
4362,1.8613
4363,1.661
4364,1.7463
4365,1.7344
4366,1.7833
4367,1.8742
4368,1.8119
4369,1.9285
4370,1.8705
4371,1.8282
4372,1.863
4373,1.8466
4374,1.9658
4375,1.9532
4376,1.7879
4377,1.8351
4378,1.7643
4379,1.78
4380,1.772
4381,1.812
4382,1.7315
4383,1.8256
4384,1.7926
4385,1.9273
4386,1.9907
4387,1.9519
4388,1.9209
4389,1.814
4390,1.7973
4391,1.7907
4392,1.8005
4393,1.9481
4394,1.9548
4395,2.0043
4396,1.722
4397,1.7594
4398,1.8405
4399,1.791
4400,1.8775
4401,1.959
4402,2.066
4403,1.8214
4404,1.7312
4405,1.8097
4406,1.7648
4407,1.8186
4408,1.7987
4409,1.8006
4410,1.8039
4411,1.7276
4412,1.8141
4413,1.7589
4414,1.8392
4415,1.7849
4416,1.8676
4417,1.8678
4418,2.0411
4419,1.8298
4420,1.9096
4421,1.7668
4422,1.8395
4423,1.741
4424,1.9127
4425,1.8243
4426,1.7723
4427,1.8037
4428,1.8814
4429,1.8078
4430,1.8878
4431,1.8684
4432,1.8466
4433,1.7731
4434,2.1122
4435,1.8264
4436,1.8669
4437,1.7705
4438,1.7599
4439,1.885
4440,1.8199
4441,1.7865
4442,1.7077
4443,1.7901
4444,1.9154
4445,1.8857
4446,1.762
4447,1.6402
4448,1.7918
4449,1.666
4450,2.1427
4451,1.677
4452,1.8166
4453,1.9163
4454,1.8386
4455,1.7513
4456,1.7309
4457,1.7714
4458,1.8025
4459,1.9101
4460,1.8424
4461,1.7765
4462,1.7736
4463,1.7844
4464,1.8439
4465,1.9835
4466,2.0914
4467,1.9177
4468,1.8797
4469,1.831
4470,1.8487
4471,1.76
4472,1.6723
4473,1.7582
4474,1.8201
4475,1.7896
4476,1.6702
4477,1.8832
4478,1.8686
4479,1.9106
4480,1.7895
4481,1.8418
4482,2.1186
4483,1.8539
4484,1.7349
4485,1.9535
4486,1.9695
4487,1.9789
4488,1.9691
4489,2.0638
4490,1.9301
4491,2.1068
4492,1.9209
4493,1.9954
4494,1.9381
4495,1.8913
4496,1.7074
4497,1.7743
4498,1.9877
4499,1.7769
4500,1.8951
4501,1.8347
4502,1.756
4503,1.7455
4504,1.7592
4505,1.7274
4506,1.7271
4507,1.7667
4508,1.799
4509,1.779
4510,1.9503
4511,1.7786
4512,1.7647
4513,1.7259
4514,2.0228
4515,1.8301
4516,1.9013
4517,1.8482
4518,1.6638
4519,1.8081
4520,1.8813
4521,1.8456
4522,1.8584
4523,1.8995
4524,1.7502
4525,1.7316
4526,1.8374
4527,1.8514
4528,1.9042
4529,1.7713
4530,2.0617
4531,1.7761
4532,1.7865
4533,1.8516
4534,1.8376
4535,1.8906
4536,1.8741
4537,1.7326
4538,1.706
4539,1.7722
4540,1.9937
4541,1.9923
4542,1.7296
4543,1.8393
4544,1.9029
4545,1.773
4546,1.9914
4547,1.8043
4548,1.9972
4549,1.9182
4550,1.9049
4551,1.7041
4552,1.7727
4553,1.7476
4554,1.7814
4555,1.7796
4556,1.8203
4557,1.8065
4558,1.935
4559,1.8459
4560,2.0633
4561,1.9816
4562,2.1253
4563,1.7595
4564,1.718
4565,1.7428
4566,1.7676
4567,1.8107
4568,1.9115
4569,1.9111
4570,1.8222
4571,1.8683
4572,1.8571
4573,1.7244
4574,1.8438
4575,1.7932
4576,1.8392
4577,1.7663
4578,2.1033
4579,1.7188
4580,1.7424
4581,1.8896
4582,1.7622
4583,1.6965
4584,1.772
4585,1.8306
4586,1.7603
4587,1.8214
4588,1.8117
4589,1.9225
4590,1.9149
4591,1.8235
4592,1.9607
4593,2.1302
4594,2.1396
4595,1.9946
4596,1.9265
4597,1.9176
4598,1.9143
4599,1.8065
4600,1.7241
4601,1.7908
4602,1.8021
4603,1.8414
4604,1.7836
4605,1.7594
4606,1.8349
4607,1.7632
4608,1.7235
4609,1.9136
4610,1.9427
4611,1.7067
4612,1.8244
4613,1.8847
4614,1.9029
4615,1.9982
4616,1.9257
4617,2.0165
4618,2.12
4619,2.0134
4620,1.9446
4621,1.7646
4622,1.7237
4623,1.9504
4624,1.7044
4625,1.9854
4626,2.0264
4627,1.9205
4628,1.9613
4629,1.9346
4630,2.0806
4631,1.9455
4632,1.9359
4633,2.034
4634,1.9867
4635,1.9221
4636,2.0338
4637,2.0357
4638,1.9705
4639,1.982
4640,2.0432
4641,1.9951
4642,2.2096
4643,1.8031
4644,1.8916
4645,1.9369
4646,1.8685
4647,1.7166
4648,1.8246
4649,1.6075
4650,1.8989
4651,1.756
4652,1.8083
4653,1.6426
4654,1.8685
4655,1.8785
4656,1.6564
4657,1.716
4658,1.961
4659,1.734
4660,1.6715
4661,1.7744
4662,1.7556
4663,1.976
4664,1.8864
4665,1.8623
4666,1.7506
4667,1.7614
4668,1.7756
4669,1.7731
4670,1.9607
4671,1.9572
4672,2.0093
4673,2.152
4674,2.1813
4675,1.9965
4676,1.864
4677,1.9838
4678,1.7132
4679,1.8156
4680,1.8527
4681,1.6436
4682,1.8542
4683,1.8279
4684,1.6072
4685,1.6804
4686,1.7898
4687,1.7878
4688,1.7402
4689,1.7673
4690,2.1403
4691,1.8796
4692,1.8192
4693,1.9123
4694,1.9418
4695,1.9653
4696,1.9596
4697,1.8173
4698,1.8318
4699,1.7707
4700,1.8069
4701,1.7938
4702,1.7801
4703,1.8461
4704,1.8441
4705,1.8147
4706,2.024
4707,1.8218
4708,1.852
4709,1.7503
4710,1.8882
4711,1.7573
4712,1.799
4713,1.9573
4714,2.0975
4715,2.0155
4716,1.9486
4717,2.0035
4718,2.0012
4719,2.0858
4720,1.9012
4721,1.9737
4722,2.1504
4723,1.8336
4724,2.0448
4725,2.0991
4726,1.912
4727,1.9712
4728,1.9333
4729,2.1312
4730,1.9801
4731,1.904
4732,1.9882
4733,2.1064
4734,2.0302
4735,2.0361
4736,1.9403
4737,1.877
4738,2.2229
4739,1.9042
4740,1.9001
4741,2.0491
4742,1.8743
4743,2.0491
4744,1.8681
4745,1.8768
4746,1.7502
4747,1.717
4748,1.7953
4749,1.7602
4750,1.8019
4751,1.7774
4752,1.8929
4753,1.6911
4754,2.0409
4755,1.7931
4756,1.6256
4757,1.7834
4758,1.8559
4759,1.8335
4760,1.9557
4761,1.921
4762,1.7866
4763,1.6347
4764,1.8115
4765,2.0179
4766,2.0454
4767,1.9707
4768,1.9569
4769,2.0665
4770,2.1133
4771,1.8528
4772,2.0662
4773,1.8649
4774,1.8407
4775,1.7886
4776,1.7494
4777,1.8396
4778,1.7507
4779,2.0098
4780,1.946
4781,1.9848
4782,1.9338
4783,1.7244
4784,1.6914
4785,1.7816
4786,1.9848
4787,1.8945
4788,1.8424
4789,1.8082
4790,1.7424
4791,1.7862
4792,1.8179
4793,2.0083
4794,1.9278
4795,1.8934
4796,1.7844
4797,1.725
4798,1.7628
4799,1.8313
4800,1.8623
4801,1.8561
4802,2.1601
4803,1.706
4804,1.6871
4805,1.8164
4806,1.7851
4807,1.7476
4808,1.8166
4809,1.6932
4810,1.8607
4811,1.8958
4812,1.8071
4813,1.7878
4814,1.7933
4815,1.8615
4816,1.785
4817,1.8207
4818,1.9947
4819,1.7711
4820,1.663
4821,1.8943
4822,1.8164
4823,2.0602
4824,2.0385
4825,1.9063
4826,1.8198
4827,1.7254
4828,1.7566
4829,1.7282
4830,1.8787
4831,1.764
4832,1.7962
4833,1.6547
4834,1.9546
4835,1.8892
4836,1.7406
4837,1.619
4838,1.851
4839,1.883
4840,1.8727
4841,1.8059
4842,1.8537
4843,1.8473
4844,1.6951
4845,1.8318
4846,1.9211
4847,1.8076
4848,1.8355
4849,1.9101
4850,2.0543
4851,1.8129
4852,1.7759
4853,2.017
4854,1.7324
4855,1.9027
4856,1.8524
4857,1.7508
4858,1.7739
4859,1.8965
4860,1.9307
4861,1.9997
4862,1.9323
4863,1.9302
4864,1.8263
4865,1.8235
4866,2.0837
4867,1.8509
4868,1.7659
4869,1.7881
4870,1.8525
4871,2.1075
4872,1.9883
4873,2.1483
4874,2.0293
4875,1.998
4876,1.9684
4877,1.9688
4878,1.9092
4879,2.0078
4880,1.9719
4881,2.0266
4882,2.2206
4883,1.8695
4884,2.0584
4885,2.0222
4886,1.9518
4887,1.9109
4888,1.8632
4889,2.0717
4890,1.9887
4891,2.0624
4892,1.9732
4893,2.0323
4894,1.9925
4895,1.9927
4896,1.9953
4897,2.0877
4898,2.2028
4899,1.9422
4900,1.7723
4901,1.8875
4902,1.7141
4903,1.8075
4904,1.7752
4905,1.8391
4906,1.8549
4907,1.9449
4908,1.8722
4909,1.6718
4910,1.7976
4911,1.8453
4912,1.9335
4913,1.9162
4914,2.0485
4915,1.8846
4916,1.724
4917,1.9237
4918,1.7505
4919,1.7507
4920,1.9007
4921,1.7721
4922,1.6822
4923,1.7663
4924,1.8605
4925,2.0431
4926,2.043
4927,1.8004
4928,1.9146
4929,1.79
4930,1.9894
4931,1.8285
4932,1.7882
4933,1.7918
4934,1.7461
4935,1.7768
4936,1.8514
4937,1.8198
4938,1.7766
4939,1.9073
4940,1.8789
4941,1.719
4942,1.8525
4943,1.7057
4944,1.6941
4945,1.7281
4946,2.0305
4947,1.7456
4948,1.6705
4949,1.8854
4950,1.7287
4951,1.7495
4952,1.753
4953,1.826
4954,1.781
4955,1.8049
4956,1.7988
4957,1.717
4958,1.7438
4959,1.7641
4960,1.7457
4961,1.7555
4962,2.0394
4963,1.6086
4964,1.8604
4965,1.8177
4966,1.6616
4967,1.942
4968,1.8946
4969,1.8058
4970,1.8839
4971,1.8254
4972,1.6422
4973,1.8677
4974,1.9055
4975,1.7778
4976,1.8122
4977,1.7736
4978,1.9543
4979,1.9382
4980,1.7581
4981,1.8083
4982,1.7127
4983,1.8332
4984,1.7516
4985,1.9416
4986,1.8953
4987,1.8795
4988,1.8889
4989,1.7831
4990,1.5606
4991,1.9308
4992,1.992
4993,1.7773
4994,1.997
4995,1.8237
4996,1.8527
4997,1.7677
4998,1.8377
4999,1.8447
5000,1.6664
5001,1.5345
5002,1.63
5003,1.8928
5004,1.7908
5005,1.7553
5006,1.6902
5007,1.731
5008,1.7583
5009,1.6978
5010,2.0408
5011,1.7961
5012,1.7911
5013,1.7928
5014,1.701
5015,1.8105
5016,1.9623
5017,1.8118
5018,1.7933
5019,1.8109
5020,1.8052
5021,1.8484
5022,1.7659
5023,1.6796
5024,1.7436
5025,1.8341
5026,1.9913
5027,1.9517
5028,1.6747
5029,1.781
5030,1.6049
5031,1.8947
5032,1.9065
5033,1.9101
5034,1.8286
5035,1.7558
5036,1.7977
5037,1.7872
5038,1.9418
5039,1.9206
5040,1.8294
5041,1.6841
5042,1.9073
5043,1.787
5044,1.7785
5045,1.803
5046,1.9005
5047,1.8107
5048,1.7829
5049,1.6919
5050,1.7349
5051,1.763
5052,1.7134
5053,1.9113
5054,1.7767
5055,1.8279
5056,1.8637
5057,1.8234
5058,2.1148
5059,1.8977
5060,1.9222
5061,2.0211
5062,2.1059
5063,1.8997
5064,1.8994
5065,1.9635
5066,2.0223
5067,1.9476
5068,1.8639
5069,1.8514
5070,1.6054
5071,1.7771
5072,1.8025
5073,1.8093
5074,2.0229
5075,1.773
5076,1.803
5077,1.7153
5078,1.8014
5079,1.6259
5080,1.7274
5081,1.8278
5082,1.562
5083,1.6776
5084,1.7827
5085,1.726
5086,2.1183
5087,1.6659
5088,1.6418
5089,1.7685
5090,1.9963
5091,1.7262
5092,1.656
5093,1.8245
5094,1.8295
5095,1.7789
5096,1.8473
5097,1.5886
5098,1.7438
5099,1.7998
5100,1.7519
5101,1.6282
5102,1.6106
5103,1.9
5104,1.8075
5105,1.8704
5106,2.088
5107,1.7937
5108,1.6552
5109,1.8494
5110,1.7515
5111,1.6854
5112,1.6749
5113,1.8241
5114,1.7074
5115,1.7482
5116,1.7319
5117,1.8131
5118,1.5347
5119,1.6162
5120,1.9157
5121,1.9204
5122,2.0405
5123,1.7383
5124,1.7791
5125,1.7162
5126,1.6893
5127,1.8607
5128,1.8369
5129,1.8085
5130,1.7794
5131,1.7883
5132,1.7648
5133,1.6748
5134,1.7586
5135,1.8297
5136,1.7441
5137,1.7892
5138,1.9444
5139,1.7588
5140,1.7597
5141,1.6873
5142,1.8328
5143,1.7703
5144,1.7765
5145,1.7765
5146,1.7027
5147,1.819
5148,1.616
5149,1.7586
5150,1.6585
5151,1.685
5152,1.8916
5153,1.8351
5154,2.0653
5155,1.793
5156,1.8124
5157,1.6313
5158,1.7076
5159,1.8061
5160,1.7468
5161,1.7798
5162,1.8686
5163,1.7664
5164,1.6734
5165,1.6096
5166,1.691
5167,1.6308
5168,1.6603
5169,1.6864
5170,1.9879
5171,1.7089
5172,1.9983
5173,1.8551
5174,1.8328
5175,1.8508
5176,1.8645
5177,1.8189
5178,1.7612
5179,1.8128
5180,1.7959
5181,1.7982
5182,1.8394
5183,1.8046
5184,1.5849
5185,1.5277
5186,1.8352
5187,1.6944
5188,1.7841
5189,1.6316
5190,1.7729
5191,1.5631
5192,1.6839
5193,1.701
5194,1.705
5195,1.8902
5196,1.7131
5197,1.7503
5198,1.6581
5199,1.8086
5200,1.7539
5201,1.8101
5202,2.0559
5203,1.6569
5204,1.6808
5205,1.8691
5206,1.7617
5207,1.7267
5208,1.6366
5209,1.9431
5210,1.589
5211,1.5737
5212,1.6635
5213,1.7019
5214,1.812
5215,1.8492
5216,1.9573
5217,1.8665
5218,1.9088
5219,1.7602
5220,1.6535
5221,1.72
5222,1.7494
5223,1.8358
5224,1.6834
5225,1.6851
5226,1.7711
5227,1.7097
5228,1.6462
5229,1.8399
5230,1.743
5231,1.6054
5232,1.743
5233,1.6638
5234,1.9346
5235,1.8
5236,1.7281
5237,1.595
5238,1.7573
5239,1.7626
5240,1.6922
5241,1.8321
5242,1.68
5243,1.7637
5244,1.6083
5245,1.697
5246,1.6803
5247,1.6466
5248,1.7912
5249,1.6764
5250,2.0042
5251,1.6729
5252,1.869
5253,1.567
5254,1.7318
5255,1.7315
5256,1.6521
5257,1.6755
5258,1.752
5259,1.6657
5260,1.7701
5261,1.7563
5262,1.652
5263,1.6051
5264,1.7868
5265,1.7987
5266,2.0211
5267,1.6997
5268,1.7605
5269,1.586
5270,1.8395
5271,1.8654
5272,1.787
5273,1.7786
5274,1.7681
5275,1.8294
5276,1.9163
5277,1.8694
5278,1.8154
5279,1.8473
5280,1.7545
5281,1.8391
5282,2.1111
5283,1.7852
5284,1.6802
5285,1.8005
5286,1.7967
5287,1.6522
5288,1.7509
5289,1.77
5290,1.6457
5291,1.8507
5292,1.9845
5293,1.9228
5294,1.8384
5295,1.7007
5296,1.6889
5297,1.7226
5298,1.9227
5299,1.7146
5300,1.805
5301,1.855
5302,1.7267
5303,1.7907
5304,1.8569
5305,1.6937
5306,1.6934
5307,1.7271
5308,1.8071
5309,1.6686
5310,1.9231
5311,1.6587
5312,1.6627
5313,1.6064
5314,2.0559
5315,1.7882
5316,1.5687
5317,1.7044
5318,1.8499
5319,1.7936
5320,1.6167
5321,1.5331
5322,1.8934
5323,1.5654
5324,1.5874
5325,1.6326
5326,1.7753
5327,1.7095
5328,1.8982
5329,1.6402
5330,1.8799
5331,1.7279
5332,1.6769
5333,1.9125
5334,1.6842
5335,1.7095
5336,1.7245
5337,1.8497
5338,1.678
5339,1.6126
5340,1.6539
5341,1.5386
5342,1.7987
5343,1.7831
5344,1.7659
5345,1.7473
5346,2.101
5347,1.7528
5348,1.7828
5349,1.8428
5350,1.8472
5351,1.6277
5352,1.7458
5353,1.8211
5354,1.8608
5355,1.796
5356,1.7929
5357,1.7836
5358,1.7365
5359,1.62
5360,1.8613
5361,1.6969
5362,1.9928
5363,1.6802
5364,1.6454
5365,1.6057
5366,1.7271
5367,1.7226
5368,1.529
5369,1.7541
5370,1.7143
5371,1.6672
5372,1.7902
5373,1.6398
5374,1.7627
5375,1.7343
5376,1.8147
5377,1.7208
5378,1.981
5379,1.7893
5380,1.8404
5381,1.8231
5382,1.7181
5383,1.7299
5384,1.7412
5385,1.7719
5386,1.8997
5387,1.9112
5388,1.8488
5389,1.7176
5390,1.8
5391,1.7483
5392,1.9233
5393,1.8911
5394,2.0782
5395,1.8157
5396,1.589
5397,1.6701
5398,1.8927
5399,2.0261
5400,1.7188
5401,1.8233
5402,1.8341
5403,1.7774
5404,1.6878
5405,1.8035
5406,1.7239
5407,1.8079
5408,1.7724
5409,1.7715
5410,1.9169
5411,1.6374
5412,1.8697
5413,1.9596
5414,1.9822
5415,2.0415
5416,2.0253
5417,1.9728
5418,1.9923
5419,1.8725
5420,2.0868
5421,2.0281
5422,2.023
5423,1.9965
5424,1.833
5425,1.9224
5426,2.1167
5427,1.9946
5428,2.0398
5429,2.0252
5430,2.0238
5431,1.949
5432,1.8702
5433,2.0648
5434,1.9338
5435,1.9791
5436,1.8986
5437,1.8617
5438,1.8251
5439,1.6435
5440,1.8266
5441,1.8264
5442,2.0137
5443,1.6565
5444,1.7158
5445,1.8208
5446,1.959
5447,1.7836
5448,1.6381
5449,1.7659
5450,1.8279
5451,1.9475
5452,1.9776
5453,1.7599
5454,1.8953
5455,1.7655
5456,1.7534
5457,1.6101
5458,1.8892
5459,1.9
5460,1.8658
5461,1.6773
5462,1.8176
5463,1.7067
5464,1.7262
5465,1.8015
5466,1.8333
5467,1.7977
5468,1.8754
5469,1.7782
5470,1.7659
5471,1.7792
5472,1.8088
5473,1.7157
5474,2.0325
5475,1.746
5476,1.7541
5477,1.9304
5478,2.0526
5479,2.0878
5480,1.7394
5481,1.8212
5482,1.7793
5483,1.8042
5484,1.8009
5485,1.781
5486,1.9108
5487,1.805
5488,1.9046
5489,1.8129
5490,2.1679
5491,1.8993
5492,1.8518
5493,1.744
5494,1.8646
5495,1.9009
5496,1.8248
5497,1.8584
5498,1.9412
5499,1.891
5500,1.9452
5501,1.8248
5502,1.8431
5503,1.9914
5504,1.9259
5505,1.7041
5506,1.9753
5507,1.7962
5508,1.7078
5509,1.6806
5510,1.7511
5511,1.7586
5512,1.7966
5513,1.9548
5514,1.9
5515,1.8862
5516,1.7694
5517,1.7353
5518,1.7772
5519,1.8421
5520,1.9601
5521,1.9506
5522,2.0819
5523,1.7895
5524,1.7363
5525,2.0522
5526,1.971
5527,1.954
5528,1.8624
5529,1.8822
5530,1.8602
5531,1.8637
5532,1.8635
5533,1.7257
5534,1.8807
5535,1.8182
5536,1.6213
5537,1.8445
5538,1.9456
5539,1.7438
5540,1.7661
5541,1.6064
5542,1.7996
5543,1.8448
5544,1.8097
5545,1.8287
5546,1.8722
5547,1.9847
5548,1.8388
5549,1.7879
5550,1.7949
5551,1.7348
5552,1.861
5553,1.8663
5554,1.9803
5555,1.6942
5556,1.7605
5557,1.6702
5558,1.8961
5559,1.6924
5560,1.6822
5561,1.7372
5562,1.8688
5563,1.8106
5564,1.8856
5565,1.9078
5566,1.782
5567,1.754
5568,1.821
5569,1.738
5570,2.0982
5571,1.783
5572,1.7579
5573,1.7101
5574,1.9249
5575,1.614
5576,1.6792
5577,1.8665
5578,1.8047
5579,1.6851
5580,1.686
5581,1.6336
5582,1.7757
5583,1.8173
5584,1.807
5585,1.8611
5586,1.8749
5587,1.6373
5588,1.829
5589,1.8153
5590,1.6456
5591,1.8942
5592,1.7782
5593,1.742
5594,1.7032
5595,1.8481
5596,1.9539
5597,1.7899
5598,1.9155
5599,1.7465
5600,1.6412
5601,1.8393
5602,1.8886
5603,1.7723
5604,1.7533
5605,1.6944
5606,1.5998
5607,1.7611
5608,1.7526
5609,1.669
5610,1.7251
5611,1.7563
5612,1.946
5613,1.7756
5614,1.7234
5615,1.6648
5616,1.7718
5617,1.7366
5618,2.0965
5619,1.8445
5620,1.7381
5621,1.7957
5622,1.6394
5623,1.879
5624,1.5908
5625,1.6751
5626,1.5547
5627,1.7171
5628,1.7838
5629,1.8519
5630,1.9155
5631,1.7669
5632,1.9206
5633,1.7768
5634,2.0963
5635,1.9045
5636,1.8414
5637,1.8216
5638,1.8439
5639,1.9559
5640,1.9336
5641,1.697
5642,1.8629
5643,1.7477
5644,1.7366
5645,1.8701
5646,1.8126
5647,1.8963
5648,1.5987
5649,1.7137
5650,2.0744
5651,1.6889
5652,1.9622
5653,1.8557
5654,1.7461
5655,1.909
5656,1.7911
5657,1.9499
5658,1.8278
5659,1.8039
5660,1.7924
5661,1.8315
5662,1.8446
5663,1.8468
5664,1.8075
5665,1.7995
5666,1.9764
5667,1.5773
5668,1.7307
5669,1.7214
5670,1.7462
5671,1.7694
5672,1.905
5673,1.9189
5674,1.779
5675,1.8818
5676,1.7812
5677,1.727
5678,1.875
5679,1.7642
5680,1.8219
5681,1.7152
5682,2.0393
5683,1.8609
5684,1.6279
5685,1.8907
5686,1.7478
5687,1.7014
5688,1.7186
5689,1.7276
5690,1.797
5691,1.8095
5692,1.8745
5693,1.7092
5694,1.8483
5695,1.6834
5696,1.767
5697,1.791
5698,2.0503
5699,1.6689
5700,1.755
5701,1.7697
5702,1.9566
5703,1.8376
5704,1.773
5705,1.7933
5706,1.7828
5707,1.8771
5708,1.8808
5709,1.8999
5710,1.6914
5711,1.6729
5712,1.7635
5713,1.8647
5714,1.9929
5715,1.9665
5716,1.6698
5717,1.7181
5718,1.9695
5719,1.7128
5720,1.7703
5721,1.7167
5722,1.8073
5723,1.7786
5724,1.6698
5725,1.7398
5726,1.6982
5727,1.8641
5728,1.7579
5729,1.7133
5730,2.0298
5731,1.6515
5732,1.7693
5733,1.8183
5734,1.852
5735,1.8098
5736,1.7238
5737,1.8976
5738,1.8131
5739,1.619
5740,1.8121
5741,1.8272
5742,1.9249
5743,1.8241
5744,1.7335
5745,1.7778
5746,1.9895
5747,1.7824
5748,1.8893
5749,1.9185
5750,2.0224
5751,1.8609
5752,1.7615
5753,1.8234
5754,1.5746
5755,1.8233
5756,1.7678
5757,1.7689
5758,1.7123
5759,1.9143
5760,1.8331
5761,1.73
5762,1.9893
5763,1.8094
5764,1.7162
5765,1.7542
5766,1.6591
5767,1.6812
5768,1.8708
5769,2.1029
5770,1.8069
5771,1.8957
5772,1.9472
5773,1.8965
5774,1.8519
5775,1.8588
5776,1.919
5777,1.7999
5778,2.0939
5779,1.7354
5780,1.9365
5781,1.8526
5782,1.7974
5783,1.7538
5784,1.6279
5785,1.8105
5786,1.5891
5787,1.6737
5788,1.8114
5789,1.7819
5790,1.7928
5791,1.7339
5792,1.843
5793,1.6453
5794,1.9673
5795,1.695
5796,1.713
5797,1.6623
5798,1.767
5799,1.6611
5800,1.6522
5801,1.6334
5802,1.7861
5803,1.7211
5804,1.957
5805,1.6661
5806,1.7527
5807,1.8309
5808,1.5518
5809,1.6855
5810,2.0265
5811,1.6315
5812,1.8325
5813,1.6468
5814,1.7246
5815,1.5876
5816,1.6615
5817,1.8138
5818,1.6154
5819,1.9284
5820,1.8696
5821,1.7696
5822,1.8066
5823,1.6573
5824,1.7939
5825,1.7664
5826,2.0252
5827,1.7514
5828,1.7249
5829,1.8028
5830,1.6981
5831,1.8412
5832,1.7537
5833,1.8193
5834,1.8971
5835,1.8194
5836,1.594
5837,1.7572
5838,1.9654
5839,1.7963
5840,1.801
5841,1.8298
5842,2.0378
5843,1.8724
5844,1.7933
5845,1.6024
5846,1.8383
5847,1.7882
5848,1.7416
5849,1.7332
5850,2.0089
5851,1.8764
5852,1.7555
5853,1.8588
5854,1.7796
5855,1.6746
5856,1.8648
5857,1.8354
5858,2.2243
5859,1.6723
5860,1.7281
5861,1.8252
5862,1.8561
5863,1.9874
5864,1.9981
5865,1.8168
5866,1.9489
5867,1.8274
5868,1.7874
5869,1.7498
5870,1.7792
5871,1.9048
5872,1.7426
5873,1.7723
5874,2.1282
5875,1.7518
5876,1.8513
5877,1.8674
5878,1.6705
5879,1.6396
5880,1.7772
5881,1.849
5882,1.782
5883,1.6862
5884,1.7744
5885,1.7297
5886,1.7797
5887,1.7325
5888,1.652
5889,1.7508
5890,1.9607
5891,1.7827
5892,1.5998
5893,1.8513
5894,1.812
5895,1.7244
5896,1.7763
5897,1.732
5898,1.8412
5899,1.8812
5900,1.861
5901,1.8915
5902,1.8077
5903,1.799
5904,1.8745
5905,1.8014
5906,1.9675
5907,1.7852
5908,1.7526
5909,1.8535
5910,1.863
5911,1.9142
5912,1.8544
5913,1.8097
5914,1.8916
5915,1.7491
5916,1.6744
5917,1.7666
5918,1.7945
5919,1.7207
5920,1.8454
5921,1.884
5922,1.9879
5923,1.9396
5924,1.8445
5925,1.8193
5926,1.8127
5927,1.7525
5928,1.6943
5929,1.8194
5930,1.8495
5931,1.6779
5932,1.8142
5933,1.9489
5934,1.8897
5935,1.7452
5936,1.7374
5937,1.7682
5938,1.9768
5939,1.7266
5940,1.7566
5941,1.7846
5942,1.8025
5943,1.8253
5944,1.9609
5945,1.9135
5946,1.9154
5947,1.7231
5948,1.9087
5949,1.7848
5950,1.8009
5951,1.8988
5952,2.0241
5953,1.892
5954,2.0758
5955,1.9429
5956,1.9709
5957,2.0472
5958,1.9632
5959,1.8933
5960,1.8791
5961,1.9333
5962,1.8261
5963,1.8131
5964,2.0037
5965,1.951
5966,2.0492
5967,1.9306
5968,1.969
5969,1.8099
5970,1.9938
5971,1.9302
5972,1.6476
5973,1.7391
5974,1.8857
5975,1.821
5976,1.8327
5977,1.8421
5978,1.8443
5979,1.7135
5980,1.7706
5981,1.8463
5982,1.7268
5983,1.5746
5984,1.7261
5985,1.808
5986,2.052
5987,1.8208
5988,1.8399
5989,1.7011
5990,1.8177
5991,1.9179
5992,1.7076
5993,1.7181
5994,1.7583
5995,1.6186
5996,1.7869
5997,1.7347
5998,1.8375
5999,1.7856
6000,1.7431
6001,1.7597
6002,2.0898
6003,1.6642
6004,1.6363
6005,1.8082
6006,1.6843
6007,1.7146
6008,2.0077
6009,2.0504
6010,2.0914
6011,1.915
6012,1.9961
6013,1.9221
6014,2.0761
6015,2.0304
6016,2.0148
6017,2.0471
6018,1.8841
6019,1.7859
6020,1.803
6021,1.7497
6022,1.5032
6023,1.6985
6024,1.8044
6025,1.743
6026,1.8851
6027,1.8667
6028,2.0328
6029,1.8947
6030,1.7944
6031,1.679
6032,1.6796
6033,1.9949
6034,1.9295
6035,1.84
6036,1.8145
6037,1.7415
6038,1.8219
6039,1.7873
6040,1.724
6041,1.7661
6042,1.6615
6043,1.8528
6044,1.9587
6045,1.759
6046,1.7181
6047,1.8228
6048,1.7726
6049,1.8113
6050,2.1126
6051,1.8484
6052,1.7885
6053,1.7808
6054,1.6727
6055,1.7698
6056,1.6837
6057,1.8325
6058,1.8795
6059,1.9509
6060,2.0755
6061,1.955
6062,1.9758
6063,1.9694
6064,1.958
6065,2.0247
6066,2.0519
6067,1.7967
6068,1.9785
6069,1.9865
6070,1.9578
6071,1.9132
6072,1.8205
6073,1.7225
6074,1.7989
6075,1.7677
6076,1.7829
6077,1.782
6078,1.7893
6079,1.7643
6080,1.6608
6081,1.7471
6082,1.9402
6083,1.7352
6084,1.9702
6085,1.9507
6086,1.9874
6087,1.9511
6088,2.0065
6089,2.0717
6090,2.0011
6091,1.8384
6092,2.1547
6093,1.9818
6094,1.9907
6095,1.7013
6096,1.7434
6097,1.8022
6098,2.0023
6099,1.8227
6100,1.7575
6101,2.0366
6102,1.9403
6103,1.9028
6104,1.7772
6105,1.7032
6106,1.7523
6107,1.9261
6108,1.8658
6109,1.8149
6110,1.819
6111,1.7979
6112,1.69
6113,1.9949
6114,2.0642
6115,1.9021
6116,1.9461
6117,1.9189
6118,1.7141
6119,1.8694
6120,1.682
6121,1.839
6122,1.8924
6123,1.7715
6124,1.8054
6125,1.6749
6126,1.9066
6127,1.9083
6128,1.656
6129,1.8579
6130,1.9651
6131,1.7397
6132,1.7983
6133,1.7247
6134,1.8329
6135,1.7114
6136,1.7927
6137,1.9595
6138,2.0214
6139,2.0
6140,2.0355
6141,2.0247
6142,1.9663
6143,2.018
6144,1.9918
6145,1.9442
6146,2.057
6147,2.033
6148,1.9009
6149,1.7942
6150,1.8569
6151,1.8295
6152,1.8384
6153,1.7529
6154,1.8895
6155,1.8821
6156,1.8826
6157,1.7907
6158,1.7734
6159,1.8129
6160,1.8961
6161,2.0139
6162,2.1129
6163,1.9352
6164,1.9997
6165,1.912
6166,1.931
6167,2.0656
6168,1.9731
6169,2.0351
6170,2.0137
6171,1.9732
6172,2.0942
6173,1.938
6174,2.0042
6175,1.9942
6176,1.912
6177,1.9942
6178,2.2028
6179,1.9448
6180,1.9267
6181,1.853
6182,1.8365
6183,1.7911
6184,1.8016
6185,1.8113
6186,1.8311
6187,1.9431
6188,1.8555
6189,1.7733
6190,1.8461
6191,1.776
6192,1.8111
6193,1.8927
6194,2.0768
6195,1.8931
6196,1.914
6197,1.7304
6198,1.832
6199,1.7331
6200,1.6061
6201,1.7402
6202,1.6731
6203,1.5348
6204,1.6095
6205,1.6343
6206,1.822
6207,1.7905
6208,1.696
6209,1.7021
6210,1.9387
6211,1.7556
6212,1.6932
6213,1.5811
6214,1.8178
6215,1.8875
6216,1.607
6217,1.6742
6218,1.8131
6219,1.8005
6220,1.8079
6221,1.6213
6222,1.821
6223,1.7711
6224,1.8767
6225,1.6651
6226,1.9313
6227,1.7141
6228,1.7143
6229,1.8588
6230,1.7337
6231,2.0207
6232,1.9699
6233,1.8552
6234,1.7328
6235,1.7421
6236,1.6976
6237,1.9656
6238,1.9348
6239,1.9088
6240,2.0636
6241,1.9806
6242,2.1719
6243,1.9277
6244,1.6697
6245,1.6046
6246,1.668
6247,1.7622
6248,1.72
6249,1.8117
6250,1.6818
6251,1.8013
6252,1.8183
6253,1.8216
6254,1.6989
6255,1.7393
6256,1.9351
6257,1.6681
6258,2.0907
6259,1.8626
6260,1.8303
6261,1.7847
6262,1.8672
6263,1.7878
6264,1.7204
6265,1.7238
6266,1.6154
6267,1.5841
6268,1.6678
6269,1.7583
6270,1.8382
6271,1.7415
6272,1.5846
6273,1.7841
6274,1.7308
6275,1.5586
6276,1.4985
6277,1.6943
6278,1.5709
6279,1.7225
6280,1.7542
6281,1.6449
6282,1.692
6283,1.7135
6284,1.6857
6285,1.6728
6286,1.6694
6287,1.6406
6288,1.6602
6289,1.5877
6290,1.9486
6291,1.5782
6292,1.7292
6293,1.7818
6294,1.6865
6295,1.8073
6296,1.7403
6297,1.6168
6298,1.6308
6299,1.7278
6300,1.6593
6301,1.5637
6302,1.6968
6303,1.6978
6304,1.6524
6305,1.7592
6306,1.8349
6307,1.8208
6308,1.811
6309,1.8751
6310,1.8657
6311,1.8502
6312,1.7234
6313,1.7906
6314,1.7823
6315,1.9586
6316,1.9998
6317,1.8991
6318,1.9205
6319,1.9301
6320,1.6841
6321,1.7221
6322,1.9111
6323,1.7013
6324,1.7487
6325,1.6556
6326,1.7361
6327,1.5964
6328,1.6615
6329,1.5133
6330,1.5544
6331,1.6801
6332,1.6314
6333,1.7572
6334,1.8054
6335,1.701
6336,1.6213
6337,1.6855
6338,2.002
6339,1.8018
6340,1.7647
6341,1.6902
6342,1.7267
6343,1.7734
6344,1.6442
6345,1.7928
6346,1.642
6347,1.7964
6348,1.7029
6349,1.664
6350,1.7151
6351,1.7049
6352,1.6855
6353,1.5842
6354,1.9479
6355,1.5475
6356,1.7246
6357,1.7534
6358,1.7108
6359,1.6237
6360,1.8187
6361,1.7724
6362,1.6804
6363,1.6086
6364,1.7147
6365,1.7016
6366,1.6592
6367,1.6556
6368,1.7712
6369,1.7835
6370,2.0217
6371,1.7124
6372,1.6751
6373,1.7718
6374,1.6399
6375,1.6369
6376,1.6525
6377,1.8102
6378,1.644
6379,1.7641
6380,1.7357
6381,1.7932
6382,1.7585
6383,1.6543
6384,1.5862
6385,1.7645
6386,1.8163
6387,1.6667
6388,1.7367
6389,1.8251
6390,1.8638
6391,1.7514
6392,1.814
6393,1.7192
6394,1.6864
6395,1.7892
6396,1.7932
6397,1.652
6398,1.5961
6399,1.5228
6400,1.628
6401,1.5996
6402,1.8943
6403,1.6779
6404,1.7282
6405,1.8292
6406,1.5965
6407,1.5356
6408,1.8758
6409,1.8152
6410,1.6316
6411,1.6256
6412,1.703
6413,1.6153
6414,1.5629
6415,1.6353
6416,1.8398
6417,1.585
6418,1.9424
6419,1.7683
6420,1.7917
6421,1.7834
6422,1.7081
6423,1.6406
6424,1.5734
6425,1.8191
6426,1.7059
6427,1.6818
6428,1.6495
6429,1.7291
6430,1.696
6431,1.6083
6432,1.8178
6433,1.72
6434,1.9703
6435,1.7862
6436,1.7957
6437,1.9109
6438,1.5397
6439,1.6933
6440,1.7556
6441,1.741
6442,1.6696
6443,1.7081
6444,1.6423
6445,1.8231
6446,1.7415
6447,1.5884
6448,1.6362
6449,1.7431
6450,2.0489
6451,1.7055
6452,1.7628
6453,1.6467
6454,1.5478
6455,1.7828
6456,1.6561
6457,1.6741
6458,1.8278
6459,1.6831
6460,1.8113
6461,1.8513
6462,1.8081
6463,1.8543
6464,2.0168
6465,2.0373
6466,2.0301
6467,2.0815
6468,1.9057
6469,1.794
6470,1.7475
6471,1.8174
6472,1.7119
6473,1.9521
6474,1.858
6475,1.8504
6476,1.744
6477,1.9139
6478,1.7567
6479,1.708
6480,1.8261
6481,1.8314
6482,2.067
6483,1.7772
6484,1.7098
6485,1.8176
6486,1.8038
6487,1.7454
6488,1.8931
6489,1.7466
6490,1.7964
6491,1.9082
6492,1.8404
6493,1.6833
6494,1.7126
6495,1.8874
6496,1.7562
6497,1.7519
6498,2.115
6499,1.8132
6500,1.6194
6501,1.8406
6502,1.8255
6503,1.7302
6504,1.894
6505,1.7156
6506,1.8293
6507,1.778
6508,1.7366
6509,1.7202
6510,1.87
6511,1.6704
6512,1.8287
6513,1.8241
6514,2.026
6515,1.7869
6516,1.8484
6517,1.6791
6518,1.7655
6519,1.7637
6520,1.7672
6521,1.8629
6522,1.8927
6523,1.8102
6524,1.8584
6525,1.87
6526,1.7267
6527,1.8558
6528,1.9805
6529,1.9387
6530,1.9951
6531,1.8092
6532,1.8293
6533,1.7261
6534,1.6547
6535,1.6682
6536,1.6639
6537,1.5709
6538,1.673
6539,1.5431
6540,1.7086
6541,1.5642
6542,1.6124
6543,1.5866
6544,1.7576
6545,1.5903
6546,1.8807
6547,1.7509
6548,1.8469
6549,1.6754
6550,1.5776
6551,1.7582
6552,1.6151
6553,1.6707
6554,1.6402
6555,1.7528
6556,1.6801
6557,1.7147
6558,1.577
6559,1.8316
6560,1.6839
6561,1.5781
6562,1.9427
6563,1.8121
6564,1.8705
6565,1.8437
6566,1.704
6567,1.7891
6568,1.8247
6569,1.7004
6570,1.7782
6571,1.7809
6572,1.6754
6573,1.8806
6574,1.7887
6575,1.8851
6576,1.7465
6577,1.8359
6578,2.0702
6579,1.8514
6580,1.6732
6581,1.7111
6582,1.7192
6583,1.8843
6584,1.9219
6585,1.8225
6586,1.7348
6587,1.869
6588,1.7521
6589,1.725
6590,1.7232
6591,1.8638
6592,1.6749
6593,1.8172
6594,1.9856
6595,1.8633
6596,1.6983
6597,1.6688
6598,1.7568
6599,1.717
6600,1.6925
6601,1.8322
6602,1.8691
6603,1.8263
6604,1.7618
6605,1.7273
6606,1.7756
6607,1.8626
6608,1.6722
6609,1.802
6610,1.9605
6611,1.6872
6612,1.886
6613,1.6051
6614,1.695
6615,1.7581
6616,1.714
6617,1.839
6618,1.8271
6619,1.6406
6620,1.9331
6621,1.8719
6622,2.0008
6623,1.7473
6624,1.8764
6625,1.8032
6626,1.9028
6627,1.5556
6628,1.8662
6629,1.7505
6630,1.7835
6631,1.7735
6632,1.8112
6633,1.8076
6634,1.7131
6635,1.7905
6636,1.6499
6637,1.5998
6638,1.7399
6639,1.8414
6640,1.8817
6641,1.772
6642,2.0193
6643,1.7359
6644,1.7514
6645,1.7334
6646,1.8819
6647,1.6402
6648,1.7811
6649,1.8953
6650,1.6195
6651,1.6469
6652,1.827
6653,1.7833
6654,1.6968
6655,1.8251
6656,1.9484
6657,1.7922
6658,1.9184
6659,1.8852
6660,1.7856
6661,1.7518
6662,1.6467
6663,1.8289
6664,1.6231
6665,1.7332
6666,1.7286
6667,1.7619
6668,2.0066
6669,1.9442
6670,1.9474
6671,1.6983
6672,1.555
6673,1.9024
6674,2.1186
6675,1.8721
6676,1.8643
6677,1.7757
6678,1.6593
6679,1.5685
6680,1.7652
6681,1.7827
6682,1.8351
6683,1.6645
6684,1.9509
6685,1.8751
6686,1.7858
6687,1.7667
6688,1.5818
6689,1.9067
6690,1.8123
6691,1.6671
6692,1.6452
6693,1.8472
6694,1.7293
6695,1.8067
6696,1.7412
6697,1.6458
6698,1.8125
6699,1.6881
6700,1.853
6701,1.6904
6702,1.7583
6703,1.7142
6704,1.8014
6705,1.8424
6706,2.0765
6707,1.7129
6708,1.5756
6709,1.6626
6710,1.8035
6711,1.705
6712,1.686
6713,1.7809
6714,1.9995
6715,1.8305
6716,1.7221
6717,1.7312
6718,1.5632
6719,1.8335
6720,1.7774
6721,1.6202
6722,1.8082
6723,1.6188
6724,1.7311
6725,1.6991
6726,1.6608
6727,1.6401
6728,1.7947
6729,1.8132
6730,1.8214
6731,1.8234
6732,1.7586
6733,1.7052
6734,1.8595
6735,1.807
6736,1.8672
6737,1.9089
6738,1.8977
6739,1.797
6740,1.8985
6741,1.9057
6742,1.8855
6743,1.7295
6744,1.8762
6745,1.8575
6746,1.8241
6747,1.7302
6748,1.8003
6749,1.7244
6750,1.7205
6751,1.8594
6752,1.9323
6753,1.8417
6754,2.2244
6755,1.9486
6756,1.8993
6757,1.9415
6758,1.7227
6759,1.834
6760,1.7923
6761,1.8672
6762,1.9317
6763,1.9035
6764,1.7868
6765,1.9348
6766,1.8122
6767,1.6503
6768,1.8142
6769,1.9512
6770,2.108
6771,1.9872
6772,1.8894
6773,1.7312
6774,1.7875
6775,1.8028
6776,1.8896
6777,1.6261
6778,1.8101
6779,1.8878
6780,1.8495
6781,1.8487
6782,1.8686
6783,1.7265
6784,1.7316
6785,1.7079
6786,1.9784
6787,1.7978
6788,1.772
6789,1.7461
6790,1.8082
6791,2.0151
6792,2.0159
6793,1.9434
6794,1.7818
6795,1.9364
6796,1.7566
6797,1.7565
6798,1.665
6799,1.5076
6800,1.8418
6801,1.9058
6802,2.112
6803,1.9222
6804,1.7163
6805,1.6718
6806,1.7982
6807,1.7155
6808,1.7627
6809,1.8731
6810,1.9174
6811,1.6646
6812,1.7652
6813,1.7659
6814,2.0301
6815,1.9126
6816,2.0596
6817,1.7024
6818,2.2746
6819,1.9559
6820,2.0151
6821,2.0136
6822,2.0749
6823,2.0023
6824,1.8282
6825,1.9172
6826,1.9445
6827,1.6544
6828,1.8511
6829,1.7556
6830,1.7291
6831,1.8666
6832,1.748
6833,1.6142
6834,2.0397
6835,1.9247
6836,1.8653
6837,1.9236
6838,1.6071
6839,1.6739
6840,1.6507
6841,1.7723
6842,1.9477
6843,1.8031
6844,1.8007
6845,1.8057
6846,1.9361
6847,1.8521
6848,1.7583
6849,1.838
6850,2.0594
6851,1.6874
6852,1.8784
6853,1.8538
6854,1.807
6855,1.7401
6856,1.8158
6857,1.822
6858,1.7276
6859,1.7322
6860,1.7577
6861,1.7601
6862,1.9883
6863,1.7942
6864,1.7795
6865,1.7765
6866,2.0828
6867,1.763
6868,1.7936
6869,1.8377
6870,1.6902
6871,1.785
6872,1.7662
6873,1.8576
6874,1.7812
6875,1.8809
6876,1.8856
6877,1.8618
6878,1.7764
6879,1.8169
6880,1.838
6881,1.7195
6882,1.9073
6883,1.7
6884,1.8001
6885,1.9549
6886,1.8655
6887,1.8204
6888,1.9077
6889,1.8229
6890,1.7105
6891,1.8261
6892,1.8933
6893,1.728
6894,1.7877
6895,1.7341
6896,1.8206
6897,1.9039
6898,2.0104
6899,1.7992
6900,1.8156
6901,1.7976
6902,1.7939
6903,1.9046
6904,1.7329
6905,1.8924
6906,1.8123
6907,1.832
6908,1.7796
6909,1.8305
6910,1.8232
6911,1.7852
6912,1.7075
6913,1.8205
6914,2.0888
6915,1.9167
6916,1.891
6917,1.749
6918,1.7443
6919,1.7694
6920,1.837
6921,1.6998
6922,1.7065
6923,1.6428
6924,1.6248
6925,1.7945
6926,1.7911
6927,1.8335
6928,1.885
6929,1.8483
6930,2.0782
6931,1.7728
6932,1.8714
6933,1.7761
6934,1.7764
6935,1.8391
6936,1.8445
6937,1.74
6938,1.832
6939,1.7795
6940,1.8368
6941,1.835
6942,1.8904
6943,1.8014
6944,1.7925
6945,1.8206
6946,1.9506
6947,1.8596
6948,1.9833
6949,1.8639
6950,1.7386
6951,1.865
6952,1.7907
6953,1.831
6954,1.8533
6955,1.942
6956,1.7553
6957,1.7586
6958,1.5998
6959,1.9333
6960,1.9088
6961,1.8197
6962,1.9567
6963,1.8776
6964,1.7846
6965,1.8162
6966,2.0426
6967,1.8758
6968,1.9227
6969,1.9826
6970,1.9354
6971,1.7298
6972,1.8478
6973,1.7952
6974,1.8407
6975,1.879
6976,1.9449
6977,1.8385
6978,2.0162
6979,1.742
6980,1.8209
6981,1.7227
6982,1.8168
6983,1.7491
6984,1.771
6985,1.719
6986,1.9046
6987,1.8774
6988,1.9103
6989,1.9482
6990,1.8088
6991,1.848
6992,1.846
6993,1.8085
6994,2.0117
6995,1.8641
6996,2.0821
6997,2.0663
6998,1.8802
6999,2.0194
7000,2.0279
7001,1.9092
7002,1.8664
7003,1.8925
7004,1.7976
7005,1.8521
7006,1.7877
7007,1.8023
7008,1.9415
7009,1.9917
7010,2.0442
7011,1.9657
7012,1.897
7013,1.6672
7014,1.8109
7015,1.7271
7016,1.9632
7017,1.8171
7018,1.9913
7019,1.8985
7020,1.7932
7021,1.8108
7022,1.8354
7023,1.8989
7024,1.7939
7025,1.8995
7026,1.8082
7027,1.9077
7028,1.7868
7029,1.7982
7030,1.8055
7031,1.811
7032,1.7781
7033,1.8415
7034,1.9254
7035,1.8134
7036,1.8649
7037,1.9897
7038,1.9427
7039,1.899
7040,1.9224
7041,1.839
7042,2.036
7043,1.8384
7044,1.7479
7045,1.8716
7046,1.8556
7047,1.7944
7048,1.8247
7049,1.8493
7050,1.7369
7051,1.8215
7052,1.8007
7053,1.7346
7054,1.7064
7055,1.7528
7056,1.9082
7057,1.8831
7058,2.0732
7059,1.7465
7060,1.7548
7061,1.726
7062,1.9025
7063,1.904
7064,1.9704
7065,1.8337
7066,1.8607
7067,1.7155
7068,1.7791
7069,1.6436
7070,1.7828
7071,1.7642
7072,1.7915
7073,1.7381
7074,2.034
7075,1.7951
7076,1.8542
7077,1.754
7078,1.7574
7079,2.0037
7080,1.909
7081,1.8866
7082,1.6904
7083,1.7668
7084,1.7427
7085,1.9302
7086,1.804
7087,1.6236
7088,1.6167
7089,1.9006
7090,2.1221
7091,1.5785
7092,1.7339
7093,1.7954
7094,1.7446
7095,1.9986
7096,2.0242
7097,1.865
7098,1.7829
7099,1.8136
7100,1.7437
7101,1.8123
7102,1.8091
7103,1.6644
7104,1.7139
7105,1.8113
7106,2.012
7107,1.7258
7108,1.7956
7109,1.7225
7110,1.8123
7111,1.8787
7112,1.896
7113,1.8055
7114,1.7666
7115,1.7057
7116,1.8304
7117,2.0019
7118,1.9604
7119,1.9468
7120,1.9637
7121,1.9094
7122,2.1289
7123,1.7996
7124,1.8991
7125,1.6974
7126,1.7673
7127,1.8132
7128,1.8071
7129,1.7412
7130,1.6991
7131,1.7704
7132,1.8682
7133,1.7757
7134,1.7244
7135,1.6622
7136,1.8432
7137,1.7392
7138,1.9859
7139,1.7393
7140,1.6814
7141,1.8469
7142,1.6383
7143,1.7942
7144,1.8036
7145,1.9394
7146,1.9249
7147,1.8938
7148,1.8027
7149,1.9087
7150,1.6971
7151,1.8649
7152,2.0178
7153,1.9667
7154,2.21
7155,1.8062
7156,1.7944
7157,1.9853
7158,1.8901
7159,1.8215
7160,1.8454
7161,1.8799
7162,1.7648
7163,2.0256
7164,1.9539
7165,1.9015
7166,1.9114
7167,2.0706
7168,2.115
7169,1.9138
7170,2.068
7171,1.8925
7172,2.0861
7173,1.9672
7174,1.9989
7175,1.9238
7176,2.0917
7177,1.9967
7178,1.9858
7179,1.9847
7180,2.0733
7181,1.8033
7182,1.9732
7183,1.8585
7184,1.7728
7185,1.8567
7186,1.9985
7187,1.7494
7188,1.6047
7189,1.6937
7190,1.725
7191,1.8254
7192,1.874
7193,1.905
7194,1.6046
7195,1.7716
7196,1.8246
7197,1.8978
7198,2.0794
7199,1.9766
7200,1.978
7201,1.9667
7202,2.1957
7203,1.9705
7204,1.958
7205,2.0726
7206,1.9055
7207,2.0766
7208,2.021
7209,1.8876
7210,2.031
7211,1.9476
7212,2.0187
7213,2.0876
7214,1.8483
7215,2.076
7216,2.1295
7217,2.0497
7218,2.0023
7219,1.8357
7220,1.844
7221,1.9101
7222,1.8742
7223,1.8461
7224,1.7895
7225,1.7644
7226,1.7785
7227,1.853
7228,1.6498
7229,1.819
7230,1.9051
7231,1.8761
7232,1.8617
7233,1.8236
7234,2.0459
7235,1.828
7236,1.6181
7237,1.7599
7238,1.9247
7239,1.8767
7240,1.7948
7241,1.7552
7242,1.7647
7243,1.7393
7244,1.7982
7245,1.8355
7246,1.7991
7247,1.7739
7248,1.8972
7249,1.9591
7250,2.1103
7251,1.9094
7252,1.8037
7253,1.7859
7254,1.8518
7255,1.7965
7256,1.8242
7257,1.9311
7258,1.9126
7259,1.8192
7260,1.7546
7261,1.6903
7262,1.8378
7263,1.995
7264,1.9711
7265,1.7906
7266,2.1517
7267,1.8658
7268,1.8035
7269,1.8648
7270,1.8392
7271,1.7606
7272,2.0992
7273,1.8129
7274,1.9968
7275,1.9577
7276,1.9958
7277,1.9644
7278,1.9982
7279,1.9748
7280,1.8666
7281,1.7326
7282,2.0024
7283,1.7857
7284,1.7845
7285,1.8324
7286,1.8468
7287,1.8367
7288,1.8298
7289,1.6929
7290,1.936
7291,1.866
7292,1.888
7293,1.7999
7294,1.8242
7295,1.8065
7296,1.842
7297,1.8363
7298,2.1165
7299,1.9499
7300,1.9899
7301,2.0363
7302,2.0729
7303,1.8892
7304,1.8704
7305,1.8753
7306,1.7644
7307,1.8468
7308,1.7677
7309,1.7176
7310,1.8664
7311,1.7714
7312,1.7274
7313,1.9841
7314,2.0377
7315,1.8702
7316,1.9139
7317,1.9815
7318,1.861
7319,1.907
7320,1.7454
7321,1.8
7322,1.8315
7323,1.86
7324,1.9509
7325,1.9519
7326,1.8506
7327,1.9066
7328,1.7749
7329,1.758
7330,1.8458
7331,1.8054
7332,1.8383
7333,1.708
7334,1.8101
7335,1.814
7336,1.759
7337,1.8543
7338,1.7178
7339,1.6654
7340,1.8718
7341,1.8163
7342,1.8258
7343,1.7936
7344,1.8036
7345,1.7834
7346,2.1214
7347,1.8949
7348,1.9389
7349,1.9026
7350,1.8432
7351,1.7892
7352,1.8219
7353,1.7699
7354,1.8812
7355,1.907
7356,1.9452
7357,1.7397
7358,1.7954
7359,1.7383
7360,1.8319
7361,1.9398
7362,2.067
7363,1.9511
7364,1.9376
7365,1.9282
7366,1.7113
7367,1.8764
7368,1.69
7369,1.7434
7370,1.9113
7371,2.0366
7372,2.0396
7373,2.015
7374,1.9448
7375,2.0064
7376,1.8424
7377,1.8326
7378,2.0959
7379,1.733
7380,1.7699
7381,1.9934
7382,1.6536
7383,1.7016
7384,1.6566
7385,1.8541
7386,2.0615
7387,1.978
7388,1.98
7389,1.8916
7390,1.8398
7391,1.7051
7392,1.6313
7393,1.6406
7394,1.8759
7395,1.7576
7396,1.784
7397,1.8665
7398,1.898
7399,1.8087
7400,1.7852
7401,1.7606
7402,1.6691
7403,1.9687
7404,1.9744
7405,2.1031
7406,2.0218
7407,1.7616
7408,1.7612
7409,1.6948
7410,1.8416
7411,1.7181
7412,1.7479
7413,1.7912
7414,1.9555
7415,1.8829
7416,1.9718
7417,1.8859
7418,1.9636
7419,1.9462
7420,1.9597
7421,1.9254
7422,1.9442
7423,1.9169
7424,2.0311
7425,1.877
7426,2.1923
7427,1.8884
7428,2.0299
7429,1.8992
7430,1.8907
7431,1.8413
7432,1.6674
7433,1.8654
7434,2.0512
7435,1.832
7436,1.94
7437,1.879
7438,1.688
7439,1.7842
7440,1.7575
7441,1.9418
7442,1.9832
7443,1.8091
7444,1.7767
7445,1.7321
7446,1.7981
7447,1.8815
7448,1.8748
7449,1.7217
7450,1.7366
7451,1.6946
7452,1.7178
7453,1.6709
7454,1.6134
7455,1.7487
7456,1.7002
7457,1.7049
7458,2.0217
7459,1.8687
7460,1.834
7461,1.6677
7462,1.6961
7463,1.7691
7464,1.9827
7465,1.9488
7466,2.0313
7467,1.9536
7468,1.672
7469,1.5827
7470,1.7822
7471,1.8382
7472,1.8135
7473,1.7267
7474,1.8671
7475,1.7616
7476,1.6822
7477,1.6523
7478,1.7064
7479,1.7842
7480,1.8035
7481,1.7772
7482,1.6893
7483,1.9647
7484,2.0235
7485,1.9478
7486,1.9833
7487,2.0397
7488,1.9656
7489,1.9497
7490,2.1382
7491,1.7246
7492,1.7179
7493,1.7736
7494,1.6884
7495,1.7865
7496,1.7625
7497,1.7542
7498,1.7254
7499,1.728
7500,1.6245
7501,1.7141
7502,1.6345
7503,1.5037
7504,1.7336
7505,1.627
7506,1.9663
7507,1.8113
7508,1.6304
7509,1.79
7510,1.7278
7511,1.6738
7512,1.7853
7513,1.886
7514,1.6597
7515,1.6357
7516,1.6653
7517,1.9968
7518,1.8208
7519,1.7411
7520,1.6688
7521,1.7563
7522,1.998
7523,1.8986
7524,1.5824
7525,1.6935
7526,1.8612
7527,1.6912
7528,1.6249
7529,1.527
7530,1.6334
7531,1.6704
7532,1.6764
7533,1.6039
7534,1.7094
7535,1.8383
7536,1.6635
7537,1.7959
7538,1.9342
7539,1.5737
7540,1.8082
7541,1.7481
7542,1.638
7543,1.7671
7544,1.8702
7545,1.7498
7546,1.7781
7547,1.7171
7548,1.7547
7549,1.5992
7550,1.8513
7551,1.7868
7552,1.8181
7553,1.6993
7554,1.8934
7555,1.6132
7556,1.5512
7557,1.7591
7558,1.8012
7559,1.773
7560,1.8288
7561,1.8277
7562,1.7962
7563,1.7812
7564,1.8344
7565,1.7402
7566,1.7444
7567,1.5914
7568,1.6129
7569,1.8257
7570,2.0536
7571,1.7855
7572,1.6829
7573,1.8445
7574,1.75
7575,1.7098
7576,1.8042
7577,1.8441
7578,1.7799
7579,1.7715
7580,1.8227
7581,1.7257
7582,1.657
7583,1.7592
7584,1.8251
7585,1.6666
7586,1.9545
7587,1.8763
7588,1.8707
7589,1.6514
7590,1.6455
7591,1.7754
7592,1.6599
7593,1.7839
7594,1.6852
7595,1.602
7596,1.6135
7597,1.7466
7598,1.8213
7599,1.7888
7600,1.7165
7601,1.7415
7602,2.0638
7603,1.6737
7604,1.7523
7605,1.5768
7606,1.7455
7607,1.7483
7608,1.645
7609,1.6953
7610,2.0322
7611,1.9919
7612,2.0597
7613,1.9726
7614,1.9367
7615,2.0822
7616,1.8079
7617,1.9395
7618,1.9607
7619,2.0867
7620,1.9578
7621,1.9548
7622,1.6856
7623,1.7014
7624,1.7272
7625,1.7813
7626,1.7304
7627,1.6304
7628,1.7031
7629,1.5233
7630,1.7455
7631,1.8515
7632,1.8394
7633,1.6592
7634,1.9318
7635,1.5778
7636,1.7188
7637,1.8347
7638,1.7737
7639,1.8215
7640,1.7311
7641,1.702
7642,1.7798
7643,1.5386
7644,1.6612
7645,1.7893
7646,1.7785
7647,1.8068
7648,1.8184
7649,1.8333
7650,1.9711
7651,1.6942
7652,1.6673
7653,1.8777
7654,1.6772
7655,1.7902
7656,1.6598
7657,1.8726
7658,1.8511
7659,1.7474
7660,1.8087
7661,1.7068
7662,1.8768
7663,1.7929
7664,1.7436
7665,1.7706
7666,1.8999
7667,1.7261
7668,1.7242
7669,1.7631
7670,1.7547
7671,1.6177
7672,1.8801
7673,1.7743
7674,1.6543
7675,1.9128
7676,1.712
7677,1.6617
7678,1.7484
7679,1.8263
7680,1.6031
7681,1.6335
7682,2.0094
7683,1.774
7684,1.7573
7685,1.7404
7686,1.6709
7687,1.9187
7688,1.6654
7689,1.7735
7690,1.652
7691,2.0352
7692,1.6952
7693,1.7788
7694,1.7253
7695,1.6209
7696,1.6733
7697,1.678
7698,1.9344
7699,1.7067
7700,1.845
7701,1.6339
7702,1.7525
7703,1.8605
7704,1.9733
7705,1.7488
7706,1.6866
7707,1.5623
7708,1.7765
7709,1.8392
7710,1.8077
7711,1.6545
7712,1.7671
7713,1.6255
7714,2.1705
7715,1.6938
7716,1.6423
7717,1.9162
7718,1.9066
7719,1.7336
7720,1.9678
7721,1.9869
7722,1.669
7723,1.7066
7724,1.8363
7725,1.7175
7726,1.6704
7727,1.9914
7728,1.7904
7729,1.8521
7730,1.9172
7731,1.7479
7732,1.7125
7733,1.7617
7734,1.9557
7735,1.8923
7736,1.6172
7737,1.6297
7738,1.6862
7739,1.6222
7740,1.7158
7741,1.8379
7742,1.8087
7743,1.7507
7744,1.7802
7745,1.7577
7746,2.0435
7747,1.6912
7748,1.7735
7749,1.8764
7750,1.747
7751,1.736
7752,1.809
7753,1.8081
7754,1.7349
7755,1.6586
7756,1.8394
7757,1.6973
7758,1.8497
7759,1.7427
7760,1.6982
7761,1.6301
7762,2.0499
7763,1.7466
7764,1.7906
7765,1.835
7766,1.7273
7767,1.6555
7768,1.6903
7769,1.8823
7770,1.6932
7771,1.7379
7772,1.7876
7773,1.9491
7774,1.7364
7775,1.5949
7776,1.5667
7777,1.6571
7778,1.8994
7779,1.8277
7780,1.7152
7781,1.9442
7782,1.9423
7783,2.1087
7784,1.9572
7785,1.8584
7786,1.8067
7787,1.8227
7788,1.8864
7789,1.8888
7790,1.8993
7791,1.8799
7792,1.8622
7793,2.015
7794,2.097
7795,2.1101
7796,1.9287
7797,1.9757
7798,1.8532
7799,2.1195
7800,1.8768
7801,1.9418
7802,2.0344
7803,2.0171
7804,1.8677
7805,1.715
7806,1.8845
7807,1.7894
7808,1.8021
7809,1.8819
7810,1.952
7811,1.7884
7812,1.7889
7813,1.8248
7814,1.6309
7815,1.7728
7816,1.8672
7817,1.7318
7818,1.6608
7819,1.9596
7820,1.6718
7821,1.8586
7822,1.7384
7823,1.6761
7824,1.8107
7825,1.7817
7826,1.8846
7827,1.7132
7828,1.8417
7829,1.9169
7830,1.6848
7831,1.6085
7832,1.7772
7833,1.7345
7834,1.7966
7835,1.6276
7836,1.7238
7837,1.7676
7838,1.8902
7839,1.7641
7840,1.6435
7841,1.8081
7842,2.0614
7843,1.8078
7844,1.5946
7845,1.6993
7846,1.7313
7847,1.8912
7848,1.8323
7849,1.7265
7850,1.9548
7851,1.8382
7852,1.6964
7853,1.8634
7854,1.7982
7855,1.9191
7856,2.0404
7857,1.7414
7858,2.2626
7859,1.7952
7860,1.9629
7861,1.7991
7862,1.7759
7863,1.8333
7864,1.7754
7865,1.9624
7866,1.9968
7867,1.9652
7868,2.0173
7869,1.8358
7870,2.0726
7871,1.812
7872,1.7342
7873,1.8353
7874,2.1656
7875,2.0191
7876,1.901
7877,1.8643
7878,1.8072
7879,1.6761
7880,1.7372
7881,1.9143
7882,1.6403
7883,1.8745
7884,2.0678
7885,1.7863
7886,1.7875
7887,1.7859
7888,1.7635
7889,1.8285
7890,2.0278
7891,1.7904
7892,1.759
7893,1.7969
7894,1.7548
7895,1.8492
7896,1.9954
7897,1.9633
7898,1.9395
7899,1.7642
7900,1.8705
7901,1.8776
7902,1.7772
7903,1.8287
7904,1.6913
7905,1.9354
7906,2.1025
7907,1.8219
7908,1.8303
7909,1.8174
7910,1.7463
7911,1.8344
7912,1.8848
7913,1.621
7914,1.7457
7915,1.7776
7916,1.8152
7917,1.8333
7918,1.7921
7919,1.6101
7920,1.7988
7921,1.8182
7922,1.9479
7923,1.7636
7924,1.7491
7925,1.9671
7926,1.9176
7927,1.8252
7928,1.8497
7929,1.8865
7930,1.8285
7931,1.9181
7932,1.8474
7933,1.723
7934,1.7801
7935,1.8204
7936,1.8533
7937,1.8108
7938,2.0518
7939,1.8436
7940,1.9288
7941,1.8752
7942,1.8506
7943,1.8076
7944,1.7575
7945,1.8
7946,1.9689
7947,2.0266
7948,1.7792
7949,1.7234
7950,1.8198
7951,1.7203
7952,1.9438
7953,1.9398
7954,2.0389
7955,1.9418
7956,1.9521
7957,1.8159
7958,1.672
7959,1.7717
7960,1.7503
7961,1.9878
7962,1.9606
7963,1.7507
7964,1.8767
7965,1.9019
7966,1.7627
7967,1.7194
7968,1.7852
7969,1.7337
7970,2.0284
7971,1.7421
7972,1.8468
7973,1.7225
7974,1.7459
7975,1.9209
7976,1.7182
7977,1.8306
7978,1.9773
7979,1.8205
7980,1.7789
7981,1.7278
7982,1.6096
7983,1.9834
7984,2.0112
7985,1.7949
7986,2.0886
7987,1.7632
7988,1.8305
7989,1.8685
7990,1.868
7991,1.9303
7992,1.8749
7993,1.9994
7994,1.7989
7995,1.788
7996,1.7172
7997,1.7715
7998,1.852
7999,1.9688
8000,1.9344
8001,1.8008
8002,2.1301
8003,1.7944
8004,1.8112
8005,1.6941
8006,1.7781
8007,1.8506
8008,1.7495
8009,1.7428
8010,1.7843
8011,1.902
8012,1.7531
8013,1.6737
8014,1.7915
8015,1.7438
8016,1.6913
8017,1.7624
8018,1.9868
8019,1.6466
8020,1.947
8021,1.9302
8022,1.9038
8023,1.8306
8024,1.7519
8025,1.6792
8026,1.8582
8027,1.7977
8028,1.8082
8029,1.7142
8030,1.7636
8031,1.9225
8032,1.6991
8033,1.8769
8034,2.0298
8035,1.7987
8036,1.732
8037,1.8751
8038,1.8462
8039,1.6521
8040,1.7641
8041,1.7688
8042,1.9299
8043,1.8658
8044,1.6111
8045,1.7437
8046,1.7055
8047,1.9534
8048,1.5753
8049,1.7511
8050,2.0107
8051,1.7112
8052,1.7222
8053,1.6845
8054,1.7885
8055,1.7151
8056,1.7527
8057,1.7736
8058,1.7397
8059,1.9205
8060,1.8766
8061,1.905
8062,1.8362
8063,1.6852
8064,1.6248
8065,1.8462
8066,1.9929
8067,1.6853
8068,1.7171
8069,1.64
8070,1.7834
8071,1.7955
8072,1.7308
8073,1.7329
8074,1.9222
8075,1.804
8076,1.615
8077,1.7757
8078,1.7817
8079,1.8085
8080,1.658
8081,1.8603
8082,2.0255
8083,1.7998
8084,1.9458
8085,1.9248
8086,1.7636
8087,1.7464
8088,1.6791
8089,1.791
8090,1.6615
8091,1.7075
8092,1.7032
8093,1.8877
8094,1.7712
8095,1.7966
8096,1.715
8097,1.6977
8098,1.8763
8099,1.7774
8100,1.8352
8101,1.7695
8102,2.0028
8103,1.9815
8104,2.0802
8105,1.9974
8106,1.6855
8107,1.7095
8108,1.912
8109,1.9388
8110,1.8215
8111,2.018
8112,1.9684
8113,1.8201
8114,2.0411
8115,1.897
8116,1.9551
8117,1.8553
8118,1.6339
8119,1.724
8120,1.7815
8121,1.8266
8122,1.7525
8123,1.874
8124,1.7678
8125,1.8511
8126,1.7526
8127,1.7639
8128,1.6518
8129,1.8336
8130,1.978
8131,1.7066
8132,1.6534
8133,1.7893
8134,1.7863
8135,1.8012
8136,1.7726
8137,1.8764
8138,1.7203
8139,1.8312
8140,1.8311
8141,1.6816
8142,1.7665
8143,1.5938
8144,1.7774
8145,1.6798
8146,1.9543
8147,1.6156
8148,1.9474
8149,1.8412
8150,1.7506
8151,1.815
8152,1.7421
8153,1.8152
8154,1.7858
8155,1.7268
8156,1.7422
8157,1.6908
8158,1.5672
8159,1.648
8160,1.8339
8161,1.8023
8162,1.9282
8163,1.8545
8164,1.7515
8165,1.7763
8166,1.9075
8167,1.7868
8168,1.7996
8169,1.6846
8170,1.8291
8171,1.854
8172,1.7047
8173,1.8927
8174,1.6446
8175,1.75
8176,1.7797
8177,1.8294
8178,2.0923
8179,1.8066
8180,1.8297
8181,1.8048
8182,1.9162
8183,1.7571
8184,1.6787
8185,1.5052
8186,1.6862
8187,1.6606
8188,1.5657
8189,1.6799
8190,1.6033
8191,1.7126
8192,1.6559
8193,1.6356
8194,2.0112
8195,1.738
8196,1.7965
8197,1.7629
8198,1.711
8199,1.779
8200,1.8723
8201,1.6759
8202,1.659
8203,1.7856
8204,1.6639
8205,1.7707
8206,1.6337
8207,1.56
8208,1.5872
8209,1.6377
8210,1.799
8211,1.6345
8212,1.5491
8213,1.5175
8214,1.6167
8215,1.7648
8216,1.6784
8217,1.7909
8218,1.6085
8219,1.771
8220,1.8426
8221,1.7602
8222,1.7976
8223,1.6484
8224,1.6474
8225,1.757
8226,1.9706
8227,1.8213
8228,1.7393
8229,1.7634
8230,1.7979
8231,1.804
8232,1.895
8233,1.6889
8234,1.8047
8235,1.7986
8236,1.7529
8237,1.6909
8238,1.8087
8239,1.6319
8240,1.833
8241,1.6905
8242,1.9458
8243,1.6532
8244,1.7702
8245,2.005
8246,1.9245
8247,1.7394
8248,1.8298
8249,1.7912
8250,1.673
8251,1.8313
8252,1.698
8253,1.6467
8254,1.8192
8255,1.8551
8256,1.8328
8257,1.8362
8258,2.0482
8259,1.7838
8260,1.9519
8261,1.8326
8262,1.9495
8263,1.9138
8264,1.8939
8265,1.7396
8266,1.8245
8267,1.7027
8268,1.697
8269,1.7827
8270,1.8597
8271,1.7586
8272,1.8157
8273,1.8097
8274,1.8215
8275,1.7456
8276,1.8334
8277,1.7548
8278,1.7363
8279,1.6542
8280,1.7175
8281,1.6308
8282,1.7007
8283,1.6137
8284,1.7869
8285,1.8897
8286,1.7993
8287,1.6652
8288,1.81
8289,1.7206
8290,1.9869
8291,1.6576
8292,1.7169
8293,1.7746
8294,1.8937
8295,1.6857
8296,1.6773
8297,1.6365
8298,1.6844
8299,1.759
8300,1.8376
8301,1.7577
8302,1.6903
8303,1.5869
8304,1.7702
8305,1.765
8306,1.815
8307,1.6214
8308,1.5042
8309,1.7043
8310,1.6898
8311,1.8874
8312,2.0126
8313,1.9397
8314,1.892
8315,1.7497
8316,1.7989
8317,1.7314
8318,1.8657
8319,1.7239
8320,1.8407
8321,1.8194
8322,1.9579
8323,1.7961
8324,1.6934
8325,1.638
8326,1.637
8327,1.845
8328,1.829
8329,1.6101
8330,1.8379
8331,1.8783
8332,1.8481
8333,1.7375
8334,1.7228
8335,1.8252
8336,1.7938
8337,1.7824
8338,2.0962
8339,1.7369
8340,1.8074
8341,1.8832
8342,1.8088
8343,1.7878
8344,1.9146
8345,1.8178
8346,1.7924
8347,1.8528
8348,1.8851
8349,1.9438
8350,1.7894
8351,1.9517
8352,1.6894
8353,1.8051
8354,2.0531
8355,1.9082
8356,1.6974
8357,1.8226
8358,1.842
8359,1.8056
8360,1.8172
8361,1.5856
8362,1.6823
8363,1.8504
8364,1.8109
8365,1.8096
8366,1.8731
8367,1.9197
8368,1.864
8369,1.854
8370,2.1868
8371,1.874
8372,1.7802
8373,1.6924
8374,1.8062
8375,1.9375
8376,1.6944
8377,1.7311
8378,1.7403
8379,1.7902
8380,1.9497
8381,1.9293
8382,1.7054
8383,1.8061
8384,1.7755
8385,1.7815
8386,2.0
8387,1.9181
8388,1.8456
8389,1.7563
8390,1.791
8391,1.8026
8392,1.8511
8393,1.8615
8394,1.6198
8395,1.7319
8396,1.5324
8397,1.8367
8398,1.6792
8399,1.8041
8400,1.9092
8401,1.9238
8402,1.9966
8403,1.7147
8404,1.7774
8405,1.5993
8406,1.7186
8407,1.6991
8408,1.557
8409,1.818
8410,1.6511
8411,1.7605
8412,1.5343
8413,1.7012
8414,1.7878
8415,1.7319
8416,1.7249
8417,1.8521
8418,2.0493
8419,1.8744
8420,1.8261
8421,1.8127
8422,1.5469
8423,1.8598
8424,1.7114
8425,1.7504
8426,1.7059
8427,1.8881
8428,1.884
8429,1.5989
8430,1.8704
8431,1.6372
8432,1.7437
8433,1.7028
8434,1.9972
8435,1.8536
8436,1.8883
8437,1.8127
8438,1.7701
8439,1.7983
8440,1.9789
8441,1.9328
8442,1.8826
8443,1.8857
8444,1.7189
8445,1.8287
8446,1.7502
8447,1.9169
8448,1.9161
8449,1.8528
8450,1.9102
8451,1.6202
8452,1.7721
8453,1.8181
8454,1.834
8455,1.9356
8456,1.7836
8457,1.7971
8458,1.6817
8459,1.8938
8460,1.7795
8461,1.7849
8462,1.6908
8463,1.7067
8464,1.99
8465,1.8005
8466,2.1289
8467,1.7458
8468,1.8433
8469,1.7535
8470,1.8357
8471,1.94
8472,1.8415
8473,1.8562
8474,1.9008
8475,1.8796
8476,1.751
8477,1.866
8478,1.8197
8479,1.9274
8480,1.7558
8481,1.7237
8482,1.9658
8483,1.7898
8484,1.7968
8485,1.7651
8486,1.8396
8487,1.7036
8488,1.9123
8489,1.9748
8490,1.9325
8491,2.0633
8492,2.1057
8493,1.9329
8494,1.9394
8495,2.1031
8496,1.8119
8497,1.9323
8498,2.2213
8499,1.8049
8500,2.1498
8501,2.0748
8502,1.9949
8503,1.9094
8504,1.8941
8505,1.9335
8506,1.9285
8507,1.957
8508,1.7993
8509,1.802
8510,1.6939
8511,1.8916
8512,1.8706
8513,1.7613
8514,1.9192
8515,1.8513
8516,1.8327
8517,1.804
8518,1.8979
8519,1.9991
8520,1.8375
8521,1.8419
8522,1.7713
8523,1.8333
8524,1.8795
8525,1.8391
8526,1.9121
8527,1.9112
8528,1.7701
8529,1.8144
8530,1.8886
8531,1.8313
8532,1.8102
8533,1.902
8534,1.7723
8535,1.8014
8536,1.6864
8537,1.8124
8538,1.7929
8539,1.8281
8540,1.7811
8541,1.8056
8542,1.7618
8543,1.9053
8544,1.7239
8545,1.7513
8546,2.0174
8547,1.8267
8548,1.8475
8549,1.8466
8550,1.714
8551,1.7975
8552,1.7853
8553,1.8017
8554,1.7504
8555,1.6425
8556,1.5385
8557,1.7106
8558,1.73
8559,1.9084
8560,1.8234
8561,1.8729
8562,1.9303
8563,1.7263
8564,1.7204
8565,1.8347
8566,1.7541
8567,1.7863
8568,1.7234
8569,1.7708
8570,1.794
8571,1.9491
8572,1.9989
8573,1.8227
8574,1.7976
8575,1.7705
8576,1.7242
8577,1.853
8578,1.8536
8579,1.8146
8580,1.6003
8581,1.6437
8582,1.8231
8583,1.6995
8584,1.7712
8585,1.8221
8586,1.8998
8587,1.5001
8588,1.6737
8589,1.7476
8590,1.8038
8591,1.8155
8592,1.7732
8593,1.7814
8594,2.0366
8595,1.7596
8596,1.5968
8597,1.7332
8598,1.7854
8599,1.8002
8600,1.8134
8601,1.6971
8602,1.8179
8603,1.6951
8604,1.8389
8605,1.6763
8606,1.7977
8607,1.6598
8608,1.7314
8609,1.5847
8610,2.0232
8611,1.8001
8612,1.6434
8613,1.8208
8614,1.8096
8615,1.6497
8616,1.5784
8617,1.785
8618,1.7934
8619,1.8968
8620,1.7777
8621,1.7714
8622,1.7985
8623,1.6853
8624,1.8911
8625,1.7623
8626,2.0105
8627,1.7489
8628,1.6442
8629,1.8052
8630,1.7744
8631,1.6632
8632,1.7393
8633,2.0553
8634,2.0557
8635,1.6613
8636,1.6787
8637,1.7296
8638,1.7773
8639,1.8746
8640,1.8757
8641,1.848
8642,2.0966
8643,1.8005
8644,1.7927
8645,1.7539
8646,1.895
8647,1.7058
8648,1.7715
8649,1.688
8650,1.6085
8651,1.8074
8652,1.758
8653,1.8625
8654,1.8088
8655,1.9477
8656,1.8845
8657,1.7015
8658,2.1028
8659,1.7728
8660,1.7522
8661,1.8774
8662,1.835
8663,1.9366
8664,1.7324
8665,1.7774
8666,1.714
8667,1.9286
8668,1.7997
8669,1.7949
8670,1.8223
8671,1.7582
8672,1.8576
8673,1.6413
8674,1.9785
8675,1.8472
8676,1.7014
8677,1.8614
8678,1.9152
8679,1.81
8680,1.7516
8681,1.9125
8682,1.6932
8683,1.6238
8684,1.7619
8685,1.7694
8686,1.8269
8687,1.804
8688,1.7952
8689,1.6583
8690,2.0321
8691,1.8474
8692,1.7617
8693,1.857
8694,1.8116
8695,1.7845
8696,1.7764
8697,1.7956
8698,1.8688
8699,1.8573
8700,1.7371
8701,1.7469
8702,1.6727
8703,1.8471
8704,1.815
8705,1.8165
8706,2.1281
8707,1.7888
8708,1.8469
8709,1.872
8710,1.8399
8711,2.1435
8712,1.8777
8713,2.0437
8714,2.0961
8715,1.9466
8716,1.8659
8717,2.0604
8718,2.0553
8719,2.0223
8720,1.7986
8721,1.8357
8722,2.3058
8723,1.8768
8724,2.0018
8725,1.7536
8726,1.8739
8727,1.8976
8728,1.7494
8729,1.8971
8730,1.856
8731,2.0605
8732,1.9465
8733,1.9738
8734,2.0129
8735,2.1028
8736,1.985
8737,1.977
8738,2.0041
8739,2.0315
8740,1.8238
8741,1.637
8742,1.7826
8743,1.7157
8744,1.8447
8745,1.8509
8746,1.734
8747,1.7439
8748,1.78
8749,1.8646
8750,1.7488
8751,1.7421
8752,1.6435
8753,1.7187
8754,1.9047
8755,1.8036
8756,1.7924
8757,1.8525
8758,1.8486
8759,1.8646
8760,1.7341
8761,1.8415
8762,1.844
8763,1.8185
8764,1.7699
8765,1.9026
8766,1.7565
8767,1.8414
8768,1.7493
8769,1.7287
8770,1.9223
8771,1.9665
8772,1.7184
8773,1.8162
8774,1.5594
8775,1.8375
8776,1.7747
8777,1.7416
8778,1.8537
8779,1.7489
8780,1.6449
8781,1.6678
8782,1.8148
8783,1.929
8784,1.6988
8785,1.8275
8786,2.033
8787,1.8841
8788,1.7787
8789,1.8341
8790,1.9557
8791,1.8528
8792,1.814
8793,1.6588
8794,1.6858
8795,1.8232
8796,1.7255
8797,1.7206
8798,1.8498
8799,1.6937
8800,1.687
8801,1.8096
8802,1.9715
8803,1.6611
8804,1.7753
8805,1.6988
8806,1.7729
8807,1.7637
8808,1.8671
8809,1.7844
8810,1.8418
8811,1.7205
8812,1.9834
8813,2.0612
8814,1.9814
8815,2.002
8816,1.8273
8817,2.0626
8818,2.1378
8819,1.9568
8820,1.9405
8821,1.845
8822,1.8661
8823,1.7987
8824,1.7553
8825,1.6937
8826,1.8411
8827,1.9464
8828,1.9243
8829,1.9492
8830,1.8498
8831,1.9116
8832,1.6464
8833,1.8547
8834,2.1468
8835,1.9628
8836,1.8116
8837,1.8886
8838,2.111
8839,1.9993
8840,2.0552
8841,1.945
8842,1.8795
8843,1.7348
8844,1.7999
8845,1.7549
8846,1.9177
8847,1.8474
8848,2.0098
8849,1.8913
8850,2.2357
8851,1.8517
8852,1.7639
8853,1.6736
8854,1.757
8855,1.8958
8856,1.958
8857,1.9543
8858,1.8148
8859,1.9324
8860,1.9476
8861,1.7323
8862,1.7837
8863,1.8051
8864,2.006
8865,1.802
8866,1.9073
8867,1.7166
8868,1.7245
8869,1.7414
8870,1.8233
8871,1.7794
8872,1.7284
8873,1.8232
8874,1.9611
8875,1.7638
8876,1.6062
8877,1.8267
8878,1.7669
8879,1.805
8880,1.6115
8881,1.6988
8882,1.886
8883,1.7288
8884,1.6842
8885,1.7421
8886,1.7041
8887,1.7608
8888,1.8575
8889,1.7304
8890,1.8111
8891,2.0038
8892,2.0453
8893,1.9359
8894,2.0037
8895,2.0275
8896,1.8808
8897,1.8448
8898,2.1981
8899,2.0562
8900,1.9937
8901,1.8702
8902,2.0369
8903,2.0732
8904,1.9827
8905,1.9365
8906,2.0652
8907,1.9945
8908,2.0452
8909,1.8963
8910,2.0134
8911,1.9388
8912,2.1117
8913,1.9512
8914,1.9127
8915,1.9533
8916,1.8379
8917,1.6612
8918,1.6648
8919,1.6178
8920,1.7755
8921,1.6482
8922,1.8898
8923,1.848
8924,1.7209
8925,1.7181
8926,1.701
8927,1.7843
8928,1.7493
8929,1.776
8930,2.114
8931,1.9835
8932,1.8629
8933,1.8076
8934,1.8208
8935,1.6979
8936,1.7292
8937,1.8678
8938,1.6995
8939,1.83
8940,1.7285
8941,1.9083
8942,1.7756
8943,1.646
8944,1.6642
8945,1.8309
8946,2.0097
8947,1.833
8948,1.8513
8949,1.6529
8950,1.7528
8951,1.665
8952,1.7065
8953,1.7493
8954,1.7416
8955,1.7165
8956,1.8331
8957,1.7811
8958,1.6637
8959,1.6342
8960,1.9452
8961,1.8582
8962,2.0044
8963,1.7442
8964,1.8373
8965,1.6417
8966,1.8326
8967,1.7747
8968,1.7526
8969,1.7565
8970,1.5688
8971,1.8025
8972,1.5875
8973,1.7666
8974,1.7336
8975,1.6561
8976,1.6787
8977,1.9318
8978,2.0522
8979,1.9445
8980,1.8403
8981,1.7004
8982,1.6035
8983,1.805
8984,1.8054
8985,1.8148
8986,1.9651
8987,1.8545
8988,1.7946
8989,1.8528
8990,1.9518
8991,1.868
8992,1.627
8993,1.8155
8994,1.7384
8995,1.9558
8996,1.868
8997,1.8098
8998,1.6507
8999,1.6749
9000,1.9143
9001,1.6957
9002,1.7701
9003,1.5558
9004,1.7618
9005,1.7854
9006,1.6989
9007,1.6313
9008,1.6517
9009,1.7673
9010,1.9528
9011,1.8178
9012,1.784
9013,1.8058
9014,1.8188
9015,1.7955
9016,1.7331
9017,1.8584
9018,1.743
9019,1.6643
9020,1.7946
9021,1.9107
9022,2.0531
9023,2.0544
9024,2.0194
9025,2.0149
9026,2.12
9027,1.9172
9028,1.9864
9029,1.9076
9030,1.9684
9031,2.0404
9032,2.1186
9033,1.9986
9034,1.8845
9035,1.9954
9036,1.9825
9037,1.848
9038,1.8488
9039,2.0281
9040,1.9421
9041,1.9036
9042,2.2183
9043,2.0458
9044,2.0895
9045,2.0914
9046,2.0003
9047,1.9826
9048,2.0346
9049,1.9499
9050,2.0812
9051,1.9203
9052,1.9044
9053,2.047
9054,2.1517
9055,1.9339
9056,1.719
9057,1.7826
9058,2.112
9059,1.7393
9060,1.796
9061,1.6885
9062,1.8535
9063,1.7541
9064,1.7937
9065,1.8334
9066,1.8457
9067,1.9007
9068,1.8242
9069,1.7785
9070,1.8306
9071,1.6862
9072,1.9316
9073,1.9048
9074,1.9585
9075,1.7493
9076,1.7919
9077,1.7017
9078,1.8917
9079,1.8918
9080,1.9235
9081,1.7745
9082,1.6841
9083,1.7208
9084,1.8305
9085,1.9667
9086,1.9478
9087,1.785
9088,1.8627
9089,1.9051
9090,2.1027
9091,1.8026
9092,1.7929
9093,1.7928
9094,1.8996
9095,1.7275
9096,1.7839
9097,1.8065
9098,1.9148
9099,1.9338
9100,1.8694
9101,1.9574
9102,1.7492
9103,1.6952
9104,1.7869
9105,1.9045
9106,2.0505
9107,1.909
9108,1.9316
9109,1.7575
9110,1.8428
9111,1.761
9112,1.7648
9113,1.8032
9114,1.8181
9115,1.8214
9116,1.6974
9117,1.7181
9118,1.8252
9119,1.8879
9120,1.8278
9121,1.6947
9122,2.0869
9123,1.9418
9124,1.8003
9125,1.8357
9126,1.7127
9127,1.8055
9128,1.7225
9129,1.7287
9130,1.7029
9131,1.7953
9132,1.8025
9133,1.6835
9134,1.7901
9135,1.9068
9136,1.8047
9137,1.8037
9138,2.1172
9139,1.9984
9140,1.9596
9141,1.9249
9142,1.8826
9143,2.0505
9144,1.9884
9145,2.0754
9146,1.8904
9147,2.0836
9148,1.9034
9149,2.1141
9150,1.868
9151,1.9302
9152,1.6771
9153,1.7368
9154,1.8831
9155,1.8014
9156,1.8294
9157,1.7519
9158,1.819
9159,1.7879
9160,1.7324
9161,1.9735
9162,1.7838
9163,1.7452
9164,1.6774
9165,1.7955
9166,1.8414
9167,1.8307
9168,1.8326
9169,1.8129
9170,1.996
9171,1.795
9172,1.877
9173,1.9525
9174,1.8568
9175,1.7433
9176,1.7569
9177,1.8306
9178,1.8994
9179,1.9656
9180,1.8695
9181,1.7223
9182,1.7623
9183,1.9389
9184,1.8499
9185,1.8476
9186,2.0465
9187,1.6393
9188,1.736
9189,1.5745
9190,1.9153
9191,1.9176
9192,1.6527
9193,1.6666
9194,1.7862
9195,1.7502
9196,1.7265
9197,1.8415
9198,1.6674
9199,1.7756
9200,1.9298
9201,1.9133
9202,2.1531
9203,1.8423
9204,1.7977
9205,1.7953
9206,1.8444
9207,1.8165
9208,1.7634
9209,1.8399
9210,1.6816
9211,1.8056
9212,1.7465
9213,1.8774
9214,1.9024
9215,1.9401
9216,2.0402
9217,1.896
9218,2.0902
9219,1.9675
9220,1.9569
9221,1.8464
9222,1.8771
9223,1.9838
9224,1.8553
9225,1.8413
9226,1.8478
9227,1.8006
9228,1.7399
9229,1.7382
9230,1.842
9231,1.7409
9232,1.7265
9233,1.7913
9234,2.0295
9235,1.7461
9236,1.7726
9237,1.7986
9238,1.7809
9239,1.8013
9240,1.7099
9241,1.7954
9242,1.7842
9243,1.865
9244,1.8257
9245,1.9529
9246,1.7097
9247,1.8208
9248,1.8195
9249,1.8209
9250,2.0185
9251,1.7653
9252,1.8588
9253,1.7842
9254,1.8708
9255,1.7051
9256,1.8687
9257,1.7789
9258,1.7631
9259,1.6904
9260,1.6025
9261,1.8086
9262,1.7577
9263,1.7497
9264,1.8181
9265,1.8439
9266,2.0088
9267,1.7912
9268,1.8747
9269,1.9107
9270,1.8158
9271,1.8891
9272,1.879
9273,1.7588
9274,1.7211
9275,1.7849
9276,1.575
9277,2.0238
9278,1.853
9279,1.8184
9280,1.6318
9281,1.828
9282,1.9264
9283,1.9331
9284,1.7163
9285,1.807
9286,1.8442
9287,1.7659
9288,1.8929
9289,1.7741
9290,1.769
9291,1.7
9292,1.8247
9293,1.9616
9294,2.0063
9295,1.9887
9296,1.9787
9297,1.9609
9298,2.1034
9299,1.8922
9300,1.8096
9301,1.849
9302,1.8502
9303,1.7558
9304,1.7512
9305,1.9849
9306,1.9387
9307,1.8949
9308,1.8298
9309,1.7713
9310,1.7908
9311,1.7841
9312,1.9629
9313,1.7052
9314,2.0051
9315,1.8619
9316,1.8118
9317,1.7326
9318,1.8155
9319,1.9086
9320,1.8483
9321,1.7791
9322,1.7936
9323,1.9459
9324,1.8911
9325,1.9088
9326,2.0119
9327,1.8967
9328,1.9286
9329,1.8104
9330,1.9308
9331,1.794
9332,1.8497
9333,1.7565
9334,1.9194
9335,1.8766
9336,1.8248
9337,1.851
9338,2.0103
9339,1.82
9340,1.8096
9341,1.8872
9342,1.9402
9343,1.992
9344,1.8822
9345,1.7991
9346,2.0258
9347,1.8297
9348,1.8299
9349,1.7057
9350,1.8631
9351,1.9131
9352,1.8157
9353,1.8033
9354,1.774
9355,1.8667
9356,1.9362
9357,1.767
9358,1.5735
9359,1.7271
9360,1.8882
9361,1.9171
9362,2.047
9363,1.9322
9364,1.828
9365,1.7637
9366,1.6313
9367,1.621
9368,1.8065
9369,1.8582
9370,1.6771
9371,1.8642
9372,1.7892
9373,1.9038
9374,1.7929
9375,1.7705
9376,1.7838
9377,1.9148
9378,2.1461
9379,1.9434
9380,1.9581
9381,1.7883
9382,1.7649
9383,1.822
9384,1.7339
9385,1.8474
9386,1.7649
9387,1.7339
9388,1.7432
9389,1.7755
9390,1.8573
9391,1.8751
9392,1.8655
9393,1.8577
9394,2.0358
9395,1.7323
9396,1.7827
9397,1.7875
9398,1.6662
9399,1.5691
9400,1.8622
9401,1.9097
9402,1.8374
9403,1.8123
9404,1.8207
9405,1.7553
9406,1.8569
9407,2.0137
9408,1.9551
9409,1.9496
9410,1.9817
9411,1.6725
9412,1.7525
9413,1.8003
9414,1.7257
9415,1.8042
9416,1.7649
9417,1.7887
9418,1.8725
9419,1.9109
9420,2.0212
9421,1.8707
9422,1.9336
9423,1.7342
9424,1.731
9425,1.7835
9426,2.0772
9427,1.847
9428,1.6214
9429,1.7838
9430,1.7563
9431,1.7699
9432,1.8547
9433,1.7664
9434,1.866
9435,1.7555
9436,1.8589
9437,1.6232
9438,1.8341
9439,1.7085
9440,1.6904
9441,1.8849
9442,2.0274
9443,1.7989
9444,1.7569
9445,1.7928
9446,1.9041
9447,1.9117
9448,1.9328
9449,1.9805
9450,1.909
9451,1.6932
9452,1.729
9453,1.7171
9454,1.9314
9455,1.9385
9456,1.8802
9457,1.818
9458,2.0732
9459,1.8122
9460,1.9489
9461,1.7558
9462,1.9854
9463,1.9714
9464,1.9657
9465,2.1524
9466,1.7401
9467,2.0189
9468,1.9993
9469,2.1594
9470,1.9089
9471,1.8645
9472,1.8484
9473,1.988
9474,2.1844
9475,2.0601
9476,2.0909
9477,1.8452
9478,1.9524
9479,1.8965
9480,1.7415
9481,1.8092
9482,1.7441
9483,1.7472
9484,1.7412
9485,1.8017
9486,1.762
9487,1.7883
9488,1.9272
9489,2.0171
9490,2.0557
9491,1.8828
9492,1.8945
9493,1.7958
9494,1.7781
9495,1.7623
9496,1.7731
9497,1.8003
9498,1.7624
9499,1.6536
9500,1.8024
9501,1.9739
9502,1.9627
9503,1.92
9504,1.6599
9505,1.8281
9506,2.0491
9507,1.7293
9508,1.8593
9509,1.9352
9510,1.6616
9511,1.826
9512,1.7422
9513,1.8153
9514,1.8888
9515,1.7783
9516,1.77
9517,1.7128
9518,1.8769
9519,1.888
9520,1.9313
9521,1.7852
9522,2.0882
9523,1.7732
9524,1.7337
9525,1.8658
9526,1.934
9527,1.6436
9528,1.8707
9529,1.8388
9530,1.6922
9531,1.8089
9532,1.7504
9533,1.808
9534,1.7228
9535,1.7397
9536,1.782
9537,1.7689
9538,1.9646
9539,1.7857
9540,1.7839
9541,1.9796
9542,2.0431
9543,2.1009
9544,1.811
9545,1.8633
9546,1.8242
9547,1.8149
9548,1.7491
9549,1.7876
9550,1.8254
9551,1.8086
9552,1.7558
9553,1.9306
9554,2.1442
9555,1.9324
9556,1.8302
9557,1.9594
9558,1.8714
9559,1.9488
9560,1.935
9561,1.9561
9562,1.9102
9563,1.8366
9564,1.7601
9565,1.7217
9566,1.7409
9567,1.7661
9568,1.8009
9569,1.7225
9570,1.9743
9571,1.8321
9572,1.7062
9573,1.6567
9574,1.7909
9575,1.7913
9576,1.9146
9577,1.7768
9578,1.7352
9579,1.6834
9580,1.854
9581,1.841
9582,1.7592
9583,1.8656
9584,1.795
9585,1.7512
9586,2.0261
9587,1.7646
9588,1.8622
9589,1.8392
9590,1.8515
9591,1.7302
9592,1.8831
9593,1.8896
9594,1.8339
9595,1.7608
9596,1.8175
9597,1.7092
9598,1.859
9599,1.8231
9600,1.8451
9601,1.746
9602,1.8218
9603,1.5768
9604,1.7015
9605,1.7635
9606,1.7748
9607,1.9329
9608,1.8271
9609,1.7996
9610,1.7362
9611,1.7496
9612,1.8494
9613,1.6928
9614,1.8771
9615,1.7451
9616,1.9209
9617,1.8332
9618,2.0258
9619,1.8687
9620,1.845
9621,1.8434
9622,1.6951
9623,1.7319
9624,1.8898
9625,1.7408
9626,1.7698
9627,1.7418
9628,1.8353
9629,1.6429
9630,1.755
9631,1.6299
9632,1.8652
9633,1.8174
9634,2.1892
9635,1.6405
9636,1.7374
9637,1.89
9638,1.8555
9639,1.8339
9640,1.7438
9641,1.7671
9642,1.811
9643,1.8085
9644,1.854
9645,1.7441
9646,1.7397
9647,1.8632
9648,1.852
9649,1.9218
9650,1.977
9651,1.7522
9652,1.8459
9653,1.8083
9654,1.7796
9655,1.9397
9656,1.7204
9657,1.7129
9658,1.7718
9659,1.841
9660,1.68
9661,1.7548
9662,1.7017
9663,1.649
9664,1.627
9665,1.7292
9666,1.9849
9667,1.7459
9668,1.6565
9669,1.8006
9670,1.7119
9671,1.8094
9672,1.8604
9673,1.6995
9674,1.8014
9675,1.7517
9676,1.8488
9677,1.8275
9678,1.7073
9679,1.5447
9680,1.7291
9681,1.7105
9682,2.0378
9683,1.7016
9684,1.781
9685,1.987
9686,1.9848
9687,1.9982
9688,2.0179
9689,1.8514
9690,1.9575
9691,1.8077
9692,1.9128
9693,1.7446
9694,1.9078
9695,1.9441
9696,1.6456
9697,1.7399
9698,2.0181
9699,1.7155
9700,1.7462
9701,1.8518
9702,1.7761
9703,1.7597
9704,1.7271
9705,1.6407
9706,1.717
9707,1.7571
9708,1.6801
9709,1.7543
9710,1.7389
9711,1.723
9712,1.7696
9713,1.8493
9714,2.0188
9715,1.7344
9716,1.7689
9717,1.7125
9718,1.9109
9719,1.9795
9720,2.0012
9721,1.9102
9722,1.8594
9723,1.7508
9724,1.7733
9725,1.839
9726,1.8932
9727,1.9451
9728,1.8453
9729,1.6757
9730,2.1138
9731,1.8878
9732,1.8272
9733,1.7234
9734,1.8376
9735,1.9921
9736,1.9843
9737,1.9277
9738,1.751
9739,1.8287
9740,1.7302
9741,1.8425
9742,1.9394
9743,1.835
9744,1.7976
9745,1.7304
9746,1.9721
9747,1.7762
9748,1.7321
9749,1.6066
9750,1.6891
9751,1.8764
9752,1.8724
9753,1.7171
9754,1.8115
9755,1.7114
9756,1.6938
9757,1.7275
9758,1.788
9759,1.5808
9760,1.7751
9761,1.5243
9762,1.9447
9763,1.871
9764,1.9271
9765,1.7862
9766,1.7698
9767,1.6928
9768,1.673
9769,1.7975
9770,1.6597
9771,1.7418
9772,1.8708
9773,1.9773
9774,2.1117
9775,1.9747
9776,2.002
9777,1.9545
9778,2.0476
9779,1.8462
9780,2.009
9781,2.0252
9782,2.0564
9783,2.0006
9784,1.9965
9785,2.0947
9786,2.022
9787,1.9727
9788,1.927
9789,2.0378
9790,1.976
9791,2.0423
9792,1.8872
9793,1.9574
9794,1.9106
9795,1.7867
9796,1.8298
9797,1.7363
9798,1.805
9799,2.0051
9800,1.8069
9801,1.7617
9802,1.788
9803,1.709
9804,1.8189
9805,1.7587
9806,1.77
9807,1.7459
9808,1.7728
9809,1.9534
9810,1.966
9811,1.8089
9812,1.7887
9813,1.9002
9814,1.7061
9815,1.79
9816,1.8871
9817,1.8106
9818,1.8899
9819,1.7466
9820,1.9095
9821,1.8028
9822,1.9145
9823,1.8845
9824,1.892
9825,1.8312
9826,2.0776
9827,1.9165
9828,1.7835
9829,1.7927
9830,1.9277
9831,1.5864
9832,1.7547
9833,1.7925
9834,1.7474
9835,2.0071
9836,2.0142
9837,1.7127
9838,1.7523
9839,1.8644
9840,1.7706
9841,2.0166
9842,2.0022
9843,1.8545
9844,1.8897
9845,1.769
9846,1.7446
9847,1.6676
9848,1.943
9849,1.9425
9850,1.7169
9851,1.8488
9852,1.6861
9853,1.6211
9854,1.7285
9855,1.6941
9856,1.8971
9857,1.7011
9858,1.8144
9859,1.7548
9860,1.7547
9861,1.6704
9862,1.7601
9863,1.7624
9864,1.7294
9865,1.8222
9866,1.8392
9867,1.8057
9868,1.7552
9869,1.7493
9870,1.5826
9871,1.7216
9872,1.5687
9873,1.8052
9874,1.9408
9875,1.8579
9876,1.7535
9877,1.8861
9878,1.7459
9879,1.6195
9880,1.8403
9881,1.5977
9882,1.7146
9883,1.7525
9884,1.7683
9885,1.8099
9886,1.6703
9887,1.6986
9888,1.6402
9889,1.5337
9890,1.811
9891,1.5791
9892,1.9
9893,1.9502
9894,1.7281
9895,1.7748
9896,1.6081
9897,1.7593
9898,1.6258
9899,1.7043
9900,1.722
9901,1.6602
9902,1.8931
9903,1.8405
9904,1.5721
9905,1.7319
9906,2.0716
9907,1.7956
9908,1.6983
9909,1.7988
9910,1.867
9911,1.6891
9912,1.7714
9913,1.7902
9914,1.7561
9915,1.7125
9916,1.7449
9917,1.6802
9918,1.6831
9919,1.678
9920,1.7106
9921,1.8283
9922,2.051
9923,1.8808
9924,1.5392
9925,1.6443
9926,1.8165
9927,1.7167
9928,1.8132
9929,1.6846
9930,1.8588
9931,1.8387
9932,1.5991
9933,1.7488
9934,1.7824
9935,1.7927
9936,1.5627
9937,1.662
9938,1.9434
9939,1.6557
9940,1.6217
9941,1.6735
9942,1.5899
9943,1.7956
9944,1.9118
9945,1.862
9946,1.9427
9947,1.6949
9948,1.7833
9949,1.7249
9950,1.821
9951,1.9261
9952,1.641
9953,1.7227
9954,2.0037
9955,1.7553
9956,1.9434
9957,1.8543
9958,1.7647
9959,1.7217
9960,1.7329
9961,1.8196
9962,1.6967
9963,1.6901
9964,1.7018
9965,1.857
9966,1.7208
9967,1.7722
9968,1.7192
9969,1.8932
9970,2.0279
9971,1.9158
9972,1.7557
9973,1.6503
9974,1.6677
9975,1.7802
9976,1.974
9977,1.6498
9978,1.8002
9979,1.7905
9980,1.8716
9981,1.8788
9982,1.7872
9983,1.8943
9984,1.6199
9985,1.7178
9986,2.0312
9987,1.7707
9988,1.7263
9989,1.6418
9990,1.905
9991,1.8263
9992,1.7208
9993,1.6217
9994,1.9674
9995,1.7454
9996,1.787
9997,1.7224
9998,1.7238
9999,1.7798
10000,1.7057
