Query_ID,Latency_ms
1,4.6801
2,4.6739
3,4.4097
4,2.9089
5,4.4828
6,5.0678
7,4.6623
8,3.1798
9,4.9316
10,3.4094
11,4.6948
12,4.6915
13,4.3439
14,4.3188
15,4.8957
16,4.4951
17,4.442
18,4.7429
19,5.36
20,3.8479
21,3.7646
22,4.4596
23,3.9988
24,4.569
25,4.1838
26,4.4468
27,4.1461
28,4.0278
29,3.9452
30,3.0741
31,3.8651
32,4.5762
33,3.3531
34,3.8258
35,4.0422
36,4.9823
37,4.7926
38,3.8996
39,4.1337
40,4.1281
41,4.4377
42,3.6029
43,4.7402
44,4.4401
45,3.9147
46,3.7945
47,3.9758
48,5.0161
49,3.959
50,3.4773
51,3.9308
52,3.9809
53,4.6043
54,3.8497
55,2.7189
56,2.8338
57,4.5478
58,4.7465
59,4.1956
60,2.2983
61,4.642
62,3.7996
63,2.4968
64,3.8123
65,2.8045
66,3.9022
67,2.8985
68,3.6376
69,3.8185
70,4.8388
71,2.6632
72,3.0082
73,5.1727
74,4.3564
75,4.3556
76,4.4807
77,3.9957
78,4.4296
79,4.6467
80,3.4365
81,4.1677
82,4.9745
83,4.9299
84,3.7247
85,4.6242
86,2.7118
87,3.0463
88,2.1379
89,2.5165
90,3.7306
91,2.5591
92,3.5473
93,4.4182
94,4.2184
95,2.82
96,4.3682
97,4.7783
98,4.2407
99,2.852
100,3.748
101,4.38
102,3.5309
103,4.7726
104,3.802
105,3.8747
106,4.3029
107,3.2545
108,2.9849
109,2.1302
110,4.0104
111,3.8175
112,4.8076
113,2.4276
114,4.6249
115,3.1148
116,5.0983
117,2.1213
118,5.0699
119,4.5948
120,1.6783
121,4.4696
122,4.4586
123,4.2194
124,3.7981
125,3.9462
126,4.3003
127,5.0339
128,4.4652
129,4.2955
130,3.8396
131,4.9249
132,4.0781
133,5.0841
134,5.1922
135,3.4311
136,4.7492
137,4.5762
138,4.8944
139,4.2433
140,4.6261
141,5.3743
142,2.987
143,5.068
144,3.4459
145,4.1161
146,4.0153
147,4.7449
148,4.4332
149,4.2615
150,4.0986
151,5.0104
152,2.4327
153,3.8214
154,4.1071
155,4.9346
156,4.9952
157,4.8326
158,5.1302
159,5.1664
160,4.688
161,4.8645
162,4.8307
163,5.2341
164,4.7308
165,3.9757
166,3.5227
167,4.7129
168,4.6764
169,3.9054
170,4.3335
171,4.1531
172,4.6565
173,5.0261
174,5.0662
175,3.786
176,4.2545
177,3.4002
178,4.5493
179,4.7871
180,5.0737
181,4.6003
182,4.6366
183,4.2696
184,4.9042
185,4.4253
186,2.4023
187,3.7914
188,4.4945
189,4.4889
190,4.0301
191,3.715
192,4.7386
193,6.2697
194,4.4705
195,4.5338
196,4.7669
197,4.8689
198,4.8238
199,2.7883
200,4.8589
201,4.3278
202,4.5134
203,4.9568
204,4.1404
205,4.3419
206,4.1789
207,3.7784
208,4.2826
209,3.2203
210,3.8827
211,5.6104
212,3.9343
213,3.2078
214,4.879
215,5.0645
216,4.077
217,5.2301
218,5.061
219,5.0548
220,4.6312
221,4.6399
222,4.8127
223,4.9455
224,5.1286
225,4.6973
226,5.5185
227,5.0104
228,5.0363
229,4.792
230,4.709
231,3.7549
232,4.1646
233,3.3688
234,4.864
235,4.4049
236,3.8633
237,4.0806
238,4.4565
239,4.772
240,4.6591
241,3.9156
242,4.8087
243,5.512
244,4.729
245,5.0737
246,4.7583
247,5.1952
248,4.1328
249,5.303
250,4.8925
251,4.8356
252,5.1858
253,5.0959
254,3.8581
255,5.3491
256,4.7312
257,4.5719
258,4.5412
259,4.715
260,4.7993
261,4.6468
262,4.8253
263,5.2863
264,3.2052
265,4.3339
266,2.8044
267,4.0635
268,4.1598
269,4.8206
270,3.6562
271,4.8676
272,4.5182
273,4.4229
274,4.2965
275,5.4586
276,4.1356
277,4.7224
278,4.8899
279,4.9978
280,4.5196
281,4.5797
282,4.6488
283,4.8043
284,5.0057
285,4.3987
286,4.9848
287,4.3202
288,4.8707
289,3.6624
290,4.8564
291,4.3145
292,4.5088
293,4.4219
294,4.8136
295,4.372
296,5.1152
297,5.0436
298,4.8453
299,5.2559
300,4.2414
301,4.9242
302,3.7323
303,4.4943
304,4.4814
305,5.2794
306,4.9252
307,4.2657
308,5.2985
309,5.0727
310,5.141
311,4.6025
312,4.9064
313,5.1378
314,4.8158
315,4.3914
316,4.7249
317,4.7636
318,4.9005
319,4.5238
320,4.6482
321,4.8894
322,4.7528
323,4.6398
324,5.0708
325,5.021
326,5.6649
327,4.9985
328,4.1256
329,4.2605
330,4.9923
331,4.398
332,4.8854
333,4.7672
334,4.552
335,4.7489
336,4.6304
337,4.5294
338,4.3123
339,5.0211
340,4.5801
341,4.2928
342,4.5381
343,4.0227
344,4.5688
345,4.6352
346,4.5362
347,4.3447
348,4.498
349,4.9491
350,4.6112
351,4.6859
352,4.2887
353,3.7761
354,3.6401
355,4.7382
356,4.8573
357,5.2621
358,4.4787
359,4.6154
360,4.6415
361,4.2713
362,5.1135
363,5.0984
364,4.1762
365,4.2318
366,4.2129
367,4.9581
368,4.6988
369,4.6728
370,4.8938
371,4.5451
372,5.047
373,4.2155
374,4.6343
375,4.136
376,4.976
377,4.8849
378,4.1106
379,4.8556
380,5.0316
381,4.681
382,4.8747
383,4.6652
384,4.9936
385,4.4865
386,5.335
387,4.5101
388,4.5882
389,5.019
390,4.5628
391,5.03
392,4.718
393,4.9741
394,3.5543
395,3.9571
396,4.3687
397,4.3835
398,4.9745
399,4.754
400,4.3926
401,4.4607
402,5.3582
403,4.9976
404,4.4574
405,4.3269
406,4.811
407,4.8559
408,4.4748
409,4.644
410,3.6455
411,4.1655
412,4.9916
413,4.4969
414,4.8606
415,4.5226
416,5.0583
417,4.7078
418,4.483
419,5.2695
420,4.758
421,4.7928
422,4.2327
423,4.4796
424,4.7486
425,5.0917
426,5.0265
427,4.4278
428,4.887
429,4.69
430,4.4485
431,4.6887
432,4.7122
433,4.6203
434,5.3237
435,4.909
436,4.5154
437,4.8861
438,4.5239
439,4.8068
440,4.711
441,4.2163
442,4.724
443,3.9108
444,4.6283
445,4.783
446,4.5162
447,4.8441
448,4.0464
449,4.5932
450,3.361
451,4.5628
452,4.6718
453,5.2936
454,5.0028
455,4.9282
456,4.6878
457,4.6733
458,4.3902
459,4.3912
460,5.2396
461,5.1542
462,4.5629
463,2.6815
464,3.0399
465,2.8923
466,4.3821
467,4.7521
468,4.705
469,3.3546
470,4.4285
471,4.1831
472,3.3707
473,3.5954
474,4.3718
475,4.8741
476,4.1207
477,3.1591
478,4.3364
479,2.1957
480,4.2118
481,1.5356
482,3.9865
483,3.7613
484,4.8883
485,3.5773
486,3.0559
487,4.2141
488,3.8295
489,4.9609
490,6.4009
491,3.4323
492,4.2549
493,3.8742
494,2.47
495,4.4004
496,3.9619
497,3.2654
498,5.2567
499,3.0931
500,5.0553
501,4.7703
502,5.1309
503,3.6263
504,4.6379
505,3.9493
506,4.4044
507,4.5075
508,4.437
509,4.8096
510,3.1976
511,3.7242
512,4.7112
513,5.2611
514,4.7179
515,2.3501
516,4.6717
517,4.8158
518,3.048
519,3.1699
520,4.5239
521,4.0698
522,2.4573
523,4.1394
524,5.221
525,3.5155
526,4.6567
527,3.3564
528,2.2974
529,5.4906
530,5.0035
531,4.1602
532,4.6203
533,2.1198
534,4.3559
535,3.9003
536,3.9581
537,4.684
538,4.957
539,4.0962
540,4.924
541,4.5738
542,4.6413
543,4.8453
544,3.8379
545,4.8027
546,4.8984
547,4.1927
548,4.763
549,5.1645
550,3.9578
551,3.5868
552,5.1727
553,3.8737
554,4.4262
555,4.3964
556,4.3929
557,4.9373
558,3.3483
559,4.3325
560,4.4805
561,4.6731
562,3.9781
563,5.6079
564,4.801
565,3.9019
566,4.6752
567,4.7704
568,3.6863
569,5.0542
570,2.8161
571,3.6802
572,4.0443
573,4.6033
574,4.6755
575,4.5044
576,5.2429
577,4.4121
578,4.1162
579,4.6739
580,3.6266
581,4.8748
582,3.8612
583,4.5003
584,4.7519
585,5.2707
586,3.6403
587,4.7681
588,4.7335
589,5.3358
590,4.2629
591,4.336
592,3.8675
593,3.0323
594,3.4829
595,3.5848
596,3.8076
597,4.8935
598,3.734
599,4.2109
600,4.9572
601,3.128
602,5.0387
603,5.2305
604,4.5017
605,4.9374
606,5.0671
607,5.2739
608,3.843
609,3.777
610,4.9631
611,4.8095
612,4.3597
613,4.6475
614,4.9178
615,4.7326
616,4.3275
617,4.6501
618,4.9764
619,4.4643
620,4.4322
621,4.8214
622,3.7049
623,3.3579
624,2.6114
625,2.8216
626,2.0766
627,2.2317
628,2.8587
629,1.2692
630,1.8819
631,2.1376
632,1.724
633,1.5161
634,1.0937
635,2.0764
636,1.0854
637,1.894
638,3.4059
639,3.3004
640,3.2305
641,2.8325
642,4.0666
643,2.548
644,3.7699
645,4.6206
646,4.3064
647,4.7539
648,5.3946
649,4.7015
650,4.4902
651,3.2509
652,2.8656
653,1.7828
654,3.3615
655,2.5484
656,4.1662
657,3.0896
658,3.4566
659,1.5808
660,3.64
661,2.2747
662,4.7599
663,2.0453
664,2.1023
665,4.7714
666,4.3377
667,5.2536
668,3.6771
669,3.4177
670,3.872
671,4.4613
672,3.235
673,3.3053
674,4.2835
675,1.9943
676,3.7438
677,4.4329
678,3.2643
679,2.6612
680,4.5005
681,4.8961
682,3.5765
683,4.4741
684,3.1498
685,2.9147
686,4.6446
687,2.1346
688,4.073
689,4.3476
690,2.6143
691,4.2265
692,3.124
693,3.6634
694,4.7776
695,3.2393
696,2.7976
697,4.0121
698,2.3539
699,3.1477
700,1.117
701,3.0882
702,4.944
703,4.1723
704,5.3803
705,3.4373
706,4.1504
707,3.2136
708,3.7614
709,3.3834
710,3.1355
711,4.3086
712,5.3392
713,5.088
714,4.5058
715,4.2671
716,5.0593
717,3.7955
718,5.1387
719,4.8716
720,4.598
721,4.4945
722,3.6241
723,2.5825
724,4.4448
725,3.9791
726,3.4678
727,4.5974
728,4.7087
729,5.2368
730,4.5936
731,5.2705
732,4.458
733,3.1241
734,2.5008
735,4.7798
736,5.2182
737,4.3566
738,4.9957
739,4.1903
740,4.6425
741,3.7971
742,4.5856
743,4.1219
744,4.2572
745,4.9105
746,3.4528
747,3.4968
748,5.2022
749,4.7733
750,3.3721
751,5.0174
752,4.2445
753,4.1746
754,3.9151
755,4.6962
756,3.7041
757,4.353
758,4.3263
759,3.457
760,3.9546
761,4.9785
762,2.7914
763,3.9645
764,4.417
765,3.1708
766,2.9571
767,3.5621
768,3.7133
769,3.3303
770,3.9903
771,4.8167
772,4.9224
773,5.1566
774,5.1049
775,2.0164
776,5.7926
777,2.9118
778,3.2637
779,4.7404
780,3.9048
781,4.4442
782,3.5898
783,4.5395
784,4.0168
785,4.1336
786,2.9539
787,4.4386
788,4.6815
789,4.4272
790,4.9507
791,3.359
792,5.4205
793,5.3392
794,5.1069
795,3.505
796,4.566
797,3.3531
798,2.5172
799,2.3848
800,4.1028
801,3.5099
802,4.0021
803,4.5142
804,4.095
805,4.1171
806,3.2526
807,2.0297
808,2.727
809,3.8098
810,2.8873
811,4.4747
812,3.7805
813,3.2285
814,5.0229
815,2.4325
816,3.3275
817,4.5994
818,3.8599
819,3.6209
820,4.2262
821,3.0801
822,3.1977
823,4.5031
824,4.588
825,4.5586
826,3.4692
827,4.4567
828,4.5312
829,4.424
830,4.2344
831,4.1931
832,3.753
833,4.2097
834,4.3382
835,4.2738
836,4.1828
837,4.0513
838,3.6402
839,4.3467
840,4.6014
841,4.572
842,5.201
843,4.4977
844,3.9039
845,4.3438
846,4.7163
847,4.9282
848,4.2762
849,4.2824
850,4.6707
851,4.1643
852,3.9866
853,3.9686
854,3.6432
855,5.1692
856,4.4683
857,3.5665
858,4.7139
859,5.2163
860,5.1178
861,4.7432
862,4.6798
863,4.9211
864,4.198
865,4.6909
866,4.4802
867,4.4595
868,4.6144
869,4.9603
870,4.1426
871,5.1778
872,5.1438
873,4.4939
874,5.0682
875,3.1249
876,4.5299
877,4.5205
878,4.8738
879,3.9435
880,4.6119
881,4.8237
882,4.9115
883,3.4355
884,4.2111
885,4.7691
886,4.4272
887,5.1053
888,5.3303
889,5.0881
890,4.7538
891,4.4594
892,4.2898
893,4.6379
894,4.1655
895,4.7272
896,3.8636
897,5.0641
898,4.4842
899,4.7179
900,4.909
901,5.0405
902,4.7034
903,3.8248
904,4.5378
905,4.5173
906,4.5384
907,4.7465
908,4.5233
909,5.0096
910,4.8293
911,4.7919
912,4.8777
913,5.1446
914,4.582
915,5.1575
916,4.1526
917,4.6328
918,3.5367
919,4.5691
920,4.4856
921,4.8938
922,4.8297
923,4.1062
924,4.9278
925,4.7168
926,3.8372
927,3.4846
928,4.2831
929,4.4765
930,5.1719
931,5.045
932,4.3171
933,4.1727
934,4.3164
935,5.0667
936,4.1963
937,4.7087
938,5.4216
939,4.7119
940,4.2688
941,5.1098
942,4.9749
943,4.384
944,4.5037
945,4.1652
946,2.8641
947,5.008
948,4.4078
949,4.9693
950,4.6272
951,4.2958
952,4.6871
953,4.4696
954,5.2579
955,4.1163
956,4.5194
957,4.7408
958,4.8775
959,5.2548
960,4.9541
961,4.6555
962,4.3482
963,4.4554
964,4.5422
965,4.9603
966,4.5309
967,4.1087
968,4.6037
969,4.7411
970,4.5686
971,4.2571
972,4.4062
973,3.6403
974,4.3953
975,3.3377
976,4.5512
977,3.908
978,4.8578
979,3.4375
980,3.429
981,4.6988
982,4.9654
983,4.9174
984,4.4225
985,5.1592
986,4.2163
987,4.7217
988,4.4353
989,4.0044
990,4.5574
991,4.2452
992,5.5166
993,4.6609
994,4.846
995,4.3253
996,4.2927
997,4.5441
998,3.8495
999,4.293
1000,4.9146
1001,4.9746
1002,4.5988
1003,4.6496
1004,4.2618
1005,4.5121
1006,4.923
1007,4.5119
1008,4.1558
1009,4.2991
1010,3.8718
1011,4.0544
1012,3.6478
1013,4.9157
1014,3.8796
1015,4.8028
1016,4.1191
1017,4.2391
1018,3.2296
1019,4.7392
1020,3.9882
1021,4.5917
1022,4.7816
1023,4.9151
1024,4.568
1025,4.4284
1026,3.9323
1027,3.5172
1028,4.6182
1029,4.942
1030,4.5384
1031,3.88
1032,3.9392
1033,3.2344
1034,4.8019
1035,4.6798
1036,5.1665
1037,5.1563
1038,5.0453
1039,3.0007
1040,3.4
1041,4.6065
1042,4.3731
1043,4.7433
1044,4.8662
1045,4.7825
1046,5.1244
1047,3.1419
1048,2.7451
1049,3.8848
1050,4.5267
1051,4.4248
1052,4.227
1053,4.7257
1054,4.6753
1055,4.4117
1056,3.3886
1057,4.9123
1058,4.5382
1059,4.9355
1060,3.6969
1061,5.0016
1062,4.1918
1063,3.8574
1064,4.7644
1065,4.722
1066,3.9556
1067,2.9548
1068,4.4459
1069,4.0594
1070,3.5264
1071,3.9826
1072,4.2243
1073,4.8629
1074,4.9301
1075,5.0924
1076,4.764
1077,5.1382
1078,3.7394
1079,4.0522
1080,4.6138
1081,4.5688
1082,5.5362
1083,3.6402
1084,4.5717
1085,4.1339
1086,4.5073
1087,5.084
1088,4.0241
1089,4.912
1090,4.9847
1091,4.7007
1092,3.8657
1093,4.1853
1094,3.4724
1095,4.6635
1096,4.7086
1097,4.8828
1098,3.744
1099,3.9273
1100,4.0665
1101,4.761
1102,4.0348
1103,4.0582
1104,4.0149
1105,4.0871
1106,4.3557
1107,4.9429
1108,4.102
1109,5.0151
1110,3.8044
1111,4.8522
1112,3.2114
1113,4.2288
1114,4.1722
1115,4.6802
1116,4.9685
1117,5.0948
1118,3.4335
1119,4.7255
1120,5.018
1121,4.5389
1122,3.9715
1123,4.3426
1124,4.2545
1125,3.912
1126,4.301
1127,4.2911
1128,4.4452
1129,5.0173
1130,4.0147
1131,4.7062
1132,3.9362
1133,5.1578
1134,3.8757
1135,4.7204
1136,5.1799
1137,4.2319
1138,5.1186
1139,4.099
1140,3.2646
1141,4.8978
1142,4.6485
1143,5.138
1144,3.767
1145,5.0799
1146,4.9944
1147,4.5377
1148,4.8294
1149,4.276
1150,4.6253
1151,3.532
1152,5.1065
1153,4.3257
1154,3.9786
1155,4.4743
1156,4.4474
1157,4.4971
1158,4.8198
1159,4.0385
1160,4.5385
1161,4.3453
1162,4.123
1163,4.2416
1164,5.1959
1165,3.9865
1166,4.2316
1167,4.6525
1168,4.086
1169,4.9494
1170,4.9507
1171,4.6706
1172,4.3905
1173,4.562
1174,4.4567
1175,5.2727
1176,4.4126
1177,4.1926
1178,4.4852
1179,4.4948
1180,4.9013
1181,4.6392
1182,4.4156
1183,4.6456
1184,4.8594
1185,4.7969
1186,4.4477
1187,4.7792
1188,4.6779
1189,4.8412
1190,4.979
1191,4.7307
1192,5.2608
1193,4.73
1194,4.2538
1195,3.4253
1196,3.6894
1197,4.1876
1198,4.3606
1199,5.1813
1200,3.4528
1201,4.1437
1202,4.7333
1203,4.5065
1204,4.894
1205,2.9778
1206,4.9983
1207,4.2377
1208,5.3333
1209,2.7715
1210,4.1918
1211,4.4137
1212,4.5086
1213,4.9877
1214,4.6626
1215,3.9771
1216,4.4221
1217,3.9367
1218,4.0255
1219,4.9391
1220,4.5643
1221,3.7238
1222,3.8237
1223,5.0862
1224,4.5243
1225,4.703
1226,5.2676
1227,4.1851
1228,4.4707
1229,4.7683
1230,4.8357
1231,2.9112
1232,4.384
1233,4.6061
1234,4.4836
1235,4.8262
1236,4.9072
1237,5.2944
1238,4.8646
1239,4.4682
1240,4.695
1241,4.4781
1242,3.5645
1243,4.7597
1244,4.934
1245,3.7353
1246,3.4128
1247,4.9567
1248,4.5391
1249,4.3529
1250,5.1708
1251,4.5786
1252,4.1654
1253,3.4262
1254,4.2121
1255,4.7322
1256,4.4047
1257,4.1375
1258,5.1043
1259,3.6536
1260,4.7157
1261,2.974
1262,4.2436
1263,2.9795
1264,3.7702
1265,3.6355
1266,4.3159
1267,4.5795
1268,3.7713
1269,2.6781
1270,5.208
1271,3.8903
1272,4.3021
1273,3.926
1274,4.3
1275,4.3776
1276,3.2723
1277,4.5787
1278,3.3047
1279,5.0581
1280,4.2953
1281,4.6664
1282,3.8453
1283,4.5049
1284,3.4584
1285,4.8172
1286,4.9864
1287,4.4161
1288,4.4677
1289,4.6538
1290,5.4312
1291,5.1769
1292,3.6996
1293,4.1284
1294,4.4137
1295,4.0781
1296,4.5647
1297,4.8027
1298,4.3979
1299,4.4499
1300,5.1036
1301,5.0327
1302,5.3674
1303,5.1277
1304,4.9467
1305,4.7311
1306,4.3533
1307,4.3649
1308,4.4697
1309,3.8769
1310,5.0287
1311,3.7694
1312,4.6685
1313,4.1053
1314,4.9916
1315,4.8794
1316,4.4464
1317,3.2616
1318,5.05
1319,4.1925
1320,4.1009
1321,4.8901
1322,4.5767
1323,4.7354
1324,4.2349
1325,5.0637
1326,4.4073
1327,4.6195
1328,4.59
1329,4.4228
1330,4.7273
1331,5.1899
1332,4.303
1333,3.6118
1334,4.3148
1335,4.5291
1336,4.5683
1337,4.0814
1338,3.7691
1339,3.273
1340,4.4763
1341,3.118
1342,3.9249
1343,5.2522
1344,4.4714
1345,4.3488
1346,4.2248
1347,4.331
1348,4.6266
1349,3.139
1350,4.347
1351,4.3023
1352,4.288
1353,4.8793
1354,4.0992
1355,4.43
1356,5.0868
1357,4.7879
1358,3.9502
1359,4.6489
1360,4.834
1361,5.0726
1362,3.7838
1363,4.3292
1364,3.9618
1365,5.2234
1366,4.1055
1367,3.73
1368,4.6267
1369,4.933
1370,4.9914
1371,5.2846
1372,3.8483
1373,3.7984
1374,2.8349
1375,5.236
1376,4.7226
1377,4.1032
1378,4.182
1379,4.56
1380,4.8071
1381,4.7037
1382,3.1542
1383,4.688
1384,4.5515
1385,4.9351
1386,4.8781
1387,4.5304
1388,5.2397
1389,4.3664
1390,3.6682
1391,5.478
1392,4.6942
1393,4.5185
1394,4.511
1395,4.6129
1396,2.9145
1397,3.5683
1398,4.1546
1399,1.8828
1400,3.4622
1401,3.2518
1402,4.0113
1403,3.1941
1404,3.8467
1405,3.8192
1406,4.0227
1407,5.1042
1408,4.2887
1409,5.1552
1410,4.1377
1411,3.6491
1412,4.6014
1413,3.9235
1414,3.9522
1415,2.9802
1416,4.0031
1417,4.3559
1418,5.3629
1419,3.9467
1420,4.4314
1421,3.4622
1422,4.5555
1423,3.7396
1424,4.5059
1425,3.5824
1426,4.4679
1427,3.0805
1428,2.7994
1429,2.7896
1430,5.161
1431,4.7778
1432,4.6509
1433,4.7847
1434,3.8331
1435,4.5871
1436,1.8872
1437,3.1553
1438,3.2163
1439,4.7115
1440,3.2624
1441,4.6673
1442,5.2492
1443,4.8494
1444,3.1084
1445,4.9307
1446,4.275
1447,4.1253
1448,2.8456
1449,3.1384
1450,3.3282
1451,3.5107
1452,4.417
1453,5.4455
1454,3.7413
1455,4.6036
1456,3.8073
1457,4.8297
1458,3.7997
1459,3.5285
1460,4.6854
1461,4.3959
1462,4.9671
1463,3.7364
1464,4.8504
1465,5.1154
1466,4.6762
1467,3.8488
1468,5.7236
1469,3.7058
1470,4.8624
1471,4.517
1472,3.2952
1473,4.401
1474,4.7327
1475,4.437
1476,3.0479
1477,2.9688
1478,5.0403
1479,2.8006
1480,4.7903
1481,4.982
1482,4.1703
1483,4.7427
1484,4.8412
1485,4.8131
1486,2.7918
1487,2.8593
1488,5.288
1489,4.7842
1490,4.9243
1491,4.6612
1492,4.6329
1493,4.6925
1494,2.5374
1495,3.9075
1496,4.6504
1497,4.1465
1498,5.2149
1499,3.6938
1500,5.0015
1501,4.1309
1502,2.8755
1503,4.6899
1504,4.5977
1505,4.5937
1506,5.3289
1507,4.7916
1508,4.8118
1509,4.6341
1510,4.1225
1511,3.2597
1512,4.7668
1513,4.6619
1514,3.5865
1515,3.7165
1516,4.6755
1517,3.9824
1518,4.0273
1519,5.0807
1520,4.6966
1521,4.3153
1522,4.7819
1523,2.8954
1524,3.8843
1525,4.3795
1526,4.66
1527,3.0112
1528,4.5721
1529,4.9793
1530,5.1874
1531,4.8285
1532,2.8025
1533,5.2861
1534,4.9337
1535,4.0448
1536,4.8991
1537,4.674
1538,5.2351
1539,4.0905
1540,4.5435
1541,4.7737
1542,4.7116
1543,4.3639
1544,4.8608
1545,4.5498
1546,4.1619
1547,4.9896
1548,4.4557
1549,4.9259
1550,4.8731
1551,4.5576
1552,4.9408
1553,5.0097
1554,3.9225
1555,3.554
1556,5.1491
1557,4.5869
1558,4.4133
1559,4.8033
1560,5.2876
1561,5.1309
1562,4.6037
1563,3.9364
1564,3.9911
1565,4.3512
1566,4.6181
1567,4.461
1568,4.349
1569,4.5807
1570,4.6798
1571,5.5334
1572,4.6683
1573,4.9717
1574,4.6061
1575,4.0763
1576,4.9103
1577,3.9274
1578,4.0953
1579,4.5684
1580,4.5361
1581,5.4947
1582,4.6403
1583,5.0556
1584,5.3622
1585,4.5778
1586,5.3164
1587,4.5055
1588,4.5033
1589,4.1292
1590,4.8469
1591,5.0265
1592,4.8124
1593,2.9959
1594,4.8715
1595,3.5135
1596,3.9511
1597,4.5277
1598,4.578
1599,4.4597
1600,3.5611
1601,4.1052
1602,3.4203
1603,3.6272
1604,2.8655
1605,4.4849
1606,4.8787
1607,3.5611
1608,4.5488
1609,2.9495
1610,3.7058
1611,3.7614
1612,5.0027
1613,4.7588
1614,4.4538
1615,3.6519
1616,3.591
1617,4.6055
1618,3.9167
1619,4.8801
1620,4.3904
1621,5.1844
1622,4.4182
1623,4.7762
1624,5.2436
1625,3.8726
1626,4.525
1627,5.0063
1628,4.7612
1629,3.4559
1630,4.9088
1631,4.1477
1632,4.9232
1633,4.9574
1634,4.7105
1635,4.6713
1636,4.383
1637,4.5942
1638,3.536
1639,5.01
1640,4.1133
1641,4.6945
1642,4.0292
1643,5.4377
1644,3.7757
1645,4.7491
1646,4.5642
1647,4.4204
1648,4.9767
1649,4.6404
1650,5.2234
1651,4.7381
1652,4.8485
1653,4.5993
1654,4.387
1655,4.5725
1656,3.6987
1657,2.011
1658,5.5227
1659,4.4814
1660,4.788
1661,4.0511
1662,5.0139
1663,4.7405
1664,4.5267
1665,5.065
1666,5.0704
1667,5.2037
1668,5.154
1669,4.7339
1670,3.7889
1671,4.4297
1672,4.4413
1673,5.2986
1674,4.515
1675,4.9426
1676,3.7982
1677,4.8045
1678,4.6345
1679,4.7833
1680,4.4575
1681,4.6118
1682,4.1823
1683,4.6617
1684,4.7355
1685,5.14
1686,4.8512
1687,4.1263
1688,4.0249
1689,4.9247
1690,5.3798
1691,4.5973
1692,5.0766
1693,4.8904
1694,4.9291
1695,5.0278
1696,5.3303
1697,4.9439
1698,4.5846
1699,4.9053
1700,4.609
1701,4.7718
1702,4.5252
1703,4.8721
1704,5.1497
1705,4.1083
1706,3.9858
1707,4.7551
1708,3.9713
1709,4.9009
1710,4.8297
1711,5.2055
1712,4.7855
1713,3.7072
1714,4.6677
1715,4.5753
1716,5.6207
1717,4.9741
1718,5.1171
1719,5.2776
1720,5.1798
1721,4.998
1722,4.8911
1723,4.8446
1724,4.9438
1725,5.1713
1726,5.0374
1727,4.4114
1728,4.2157
1729,4.5574
1730,4.428
1731,5.1616
1732,4.8176
1733,5.1619
1734,4.5203
1735,5.036
1736,3.6852
1737,3.6016
1738,4.6663
1739,4.578
1740,4.9589
1741,4.7597
1742,5.3083
1743,5.1109
1744,4.7554
1745,4.713
1746,4.7754
1747,4.6433
1748,4.6658
1749,4.9155
1750,4.2905
1751,4.5439
1752,4.8585
1753,4.4151
1754,5.1544
1755,4.4186
1756,5.2315
1757,2.5507
1758,4.803
1759,5.0425
1760,4.2136
1761,5.1431
1762,4.5644
1763,4.1768
1764,4.6023
1765,5.1783
1766,4.6256
1767,5.015
1768,4.7615
1769,4.2432
1770,4.452
1771,4.7235
1772,4.8434
1773,4.3626
1774,4.7239
1775,4.8501
1776,4.3827
1777,4.1329
1778,4.4203
1779,4.203
1780,3.7885
1781,4.5412
1782,4.8639
1783,4.4877
1784,4.2655
1785,4.257
1786,2.9752
1787,4.4849
1788,4.6983
1789,3.9818
1790,4.3092
1791,4.5045
1792,4.9856
1793,5.1622
1794,4.4078
1795,3.0068
1796,4.7813
1797,4.7615
1798,4.6699
1799,3.4777
1800,4.7973
1801,4.3367
1802,3.9781
1803,4.9743
1804,4.6152
1805,5.0054
1806,4.9472
1807,3.9777
1808,4.7071
1809,5.2477
1810,2.7879
1811,5.0638
1812,4.5083
1813,4.2181
1814,5.1092
1815,4.82
1816,3.9166
1817,4.8246
1818,5.0646
1819,5.3469
1820,5.7315
1821,5.0286
1822,4.965
1823,5.0274
1824,5.1311
1825,4.8802
1826,4.5736
1827,4.829
1828,4.5924
1829,5.4199
1830,4.6979
1831,4.7934
1832,4.5669
1833,4.5524
1834,4.7254
1835,4.4997
1836,5.0258
1837,4.7482
1838,4.7612
1839,4.8583
1840,2.3907
1841,4.4022
1842,4.9683
1843,4.6271
1844,5.112
1845,4.4471
1846,4.7018
1847,3.4414
1848,4.9449
1849,5.3363
1850,4.8232
1851,4.9948
1852,4.7627
1853,4.0271
1854,4.7554
1855,5.1938
1856,4.9217
1857,5.3281
1858,4.983
1859,4.51
1860,4.2945
1861,4.5011
1862,4.3384
1863,3.0272
1864,4.7489
1865,3.3938
1866,3.2687
1867,4.2178
1868,4.2723
1869,4.4565
1870,4.2109
1871,4.7275
1872,3.4839
1873,3.5623
1874,4.1122
1875,2.4325
1876,2.7206
1877,3.035
1878,3.6204
1879,3.4508
1880,3.0721
1881,3.8163
1882,4.8239
1883,4.7663
1884,2.7733
1885,5.1033
1886,3.0729
1887,4.6417
1888,3.9114
1889,5.2172
1890,4.9639
1891,4.8631
1892,4.4201
1893,4.7039
1894,4.9975
1895,4.6011
1896,4.5167
1897,5.2806
1898,5.0674
1899,4.7867
1900,4.8305
1901,5.0175
1902,2.817
1903,3.445
1904,4.9287
1905,4.5283
1906,4.3347
1907,4.5004
1908,2.4767
1909,3.3665
1910,5.2328
1911,4.6228
1912,2.6902
1913,4.7629
1914,3.2442
1915,4.7382
1916,4.652
1917,4.4946
1918,1.9807
1919,3.0449
1920,3.3413
1921,5.2375
1922,3.0161
1923,3.4673
1924,2.8236
1925,2.5325
1926,3.8631
1927,3.4966
1928,4.2968
1929,4.7862
1930,5.0725
1931,2.6867
1932,4.2621
1933,5.0939
1934,4.3134
1935,4.3516
1936,4.5522
1937,4.4396
1938,4.615
1939,3.1436
1940,4.5268
1941,3.9855
1942,4.9715
1943,3.5615
1944,4.8322
1945,4.804
1946,4.3141
1947,3.2219
1948,3.482
1949,2.4512
1950,5.0668
1951,2.7869
1952,2.6771
1953,3.7916
1954,5.0802
1955,2.2721
1956,1.8889
1957,4.6306
1958,4.3748
1959,4.5337
1960,3.7833
1961,3.4449
1962,2.6509
1963,1.7758
1964,1.9978
1965,2.1079
1966,4.6645
1967,4.411
1968,4.9361
1969,5.1535
1970,3.3744
1971,2.8293
1972,2.7138
1973,4.6894
1974,4.1572
1975,4.6927
1976,1.9672
1977,4.8997
1978,3.0785
1979,3.2981
1980,2.8277
1981,4.23
1982,4.6043
1983,3.8774
1984,5.4576
1985,4.6172
1986,4.8284
1987,4.3595
1988,5.0283
1989,5.2965
1990,4.5367
1991,4.5595
1992,3.9239
1993,4.1904
1994,3.9167
1995,4.0211
1996,4.5954
1997,4.662
1998,4.3002
1999,4.1835
2000,4.4924
2001,4.6973
2002,3.2649
2003,4.0238
2004,5.1958
2005,4.295
2006,4.9788
2007,4.9081
2008,4.4602
2009,4.0379
2010,4.8696
2011,4.1249
2012,4.5722
2013,4.5721
2014,4.0387
2015,3.8636
2016,4.2737
2017,4.0406
2018,5.07
2019,4.5557
2020,3.8787
2021,4.4691
2022,4.9391
2023,4.7452
2024,4.3747
2025,4.7136
2026,4.7684
2027,3.2375
2028,3.9625
2029,4.8082
2030,4.9609
2031,4.7827
2032,4.7459
2033,4.6675
2034,4.1038
2035,4.2413
2036,4.5179
2037,4.0598
2038,4.7925
2039,4.9456
2040,4.9299
2041,5.1092
2042,4.3603
2043,5.2274
2044,4.9945
2045,4.1866
2046,5.043
2047,4.5959
2048,3.0317
2049,4.5661
2050,5.0005
2051,4.5973
2052,4.6415
2053,4.4085
2054,4.1699
2055,4.6178
2056,3.957
2057,4.7734
2058,5.2403
2059,4.7652
2060,4.5827
2061,3.291
2062,4.1557
2063,4.9806
2064,2.9653
2065,4.2535
2066,4.3138
2067,4.4578
2068,4.5829
2069,4.3323
2070,4.4297
2071,4.5267
2072,4.0258
2073,4.5301
2074,5.2196
2075,5.2487
2076,5.4298
2077,4.7269
2078,4.8903
2079,5.0207
2080,4.4968
2081,5.3964
2082,3.8629
2083,4.0652
2084,4.4712
2085,4.4686
2086,5.0587
2087,3.7809
2088,4.7651
2089,5.0203
2090,3.9694
2091,4.6979
2092,2.8992
2093,4.4371
2094,3.6165
2095,4.4842
2096,5.1748
2097,4.7126
2098,4.8331
2099,4.7633
2100,4.708
2101,5.2809
2102,4.5919
2103,4.7551
2104,4.7823
2105,2.7799
2106,5.19
2107,2.577
2108,4.4597
2109,5.0287
2110,5.1594
2111,4.8137
2112,4.1769
2113,4.811
2114,4.2763
2115,4.3736
2116,3.404
2117,3.8558
2118,2.4261
2119,4.8162
2120,2.4309
2121,3.5373
2122,3.0897
2123,4.5305
2124,3.1781
2125,2.6706
2126,2.8757
2127,3.9794
2128,4.1434
2129,4.9105
2130,4.1394
2131,4.5933
2132,4.2056
2133,5.2194
2134,4.426
2135,4.7396
2136,4.9736
2137,4.4398
2138,4.812
2139,4.8082
2140,4.8233
2141,4.8116
2142,4.8124
2143,4.905
2144,4.7173
2145,5.0115
2146,4.6535
2147,4.431
2148,3.82
2149,4.1015
2150,3.8862
2151,4.3302
2152,4.9158
2153,4.9118
2154,3.612
2155,4.5376
2156,3.2658
2157,4.9483
2158,5.3492
2159,4.9559
2160,5.1728
2161,4.6198
2162,3.0095
2163,4.4733
2164,1.4139
2165,4.2261
2166,4.5023
2167,3.7888
2168,4.583
2169,4.2823
2170,4.4866
2171,4.7844
2172,4.3341
2173,2.2945
2174,5.2058
2175,4.0462
2176,3.9798
2177,4.8782
2178,4.3117
2179,4.2808
2180,4.3261
2181,4.895
2182,5.1521
2183,4.7039
2184,4.2745
2185,4.3624
2186,4.3718
2187,4.5231
2188,3.458
2189,5.162
2190,3.0083
2191,4.8488
2192,4.7853
2193,3.5501
2194,4.6508
2195,4.6818
2196,4.5197
2197,4.7959
2198,4.4763
2199,4.5829
2200,4.5664
2201,4.6605
2202,4.7552
2203,4.1436
2204,4.0734
2205,3.4942
2206,5.0759
2207,4.0141
2208,4.8849
2209,4.5139
2210,4.3954
2211,4.7805
2212,4.2936
2213,4.4978
2214,4.5539
2215,3.6667
2216,4.6099
2217,3.3515
2218,4.8542
2219,4.5068
2220,4.342
2221,4.5976
2222,4.1722
2223,3.7874
2224,4.7672
2225,4.5012
2226,5.169
2227,5.0015
2228,3.8776
2229,3.6098
2230,3.8058
2231,4.5579
2232,4.0982
2233,4.8865
2234,3.3024
2235,4.4321
2236,5.1773
2237,4.8253
2238,5.2063
2239,4.5508
2240,4.5393
2241,4.5883
2242,4.9611
2243,4.8057
2244,3.8741
2245,4.9445
2246,4.285
2247,3.7404
2248,3.5638
2249,5.3996
2250,4.2987
2251,4.5605
2252,3.1332
2253,3.5911
2254,2.7353
2255,4.3562
2256,4.8351
2257,4.741
2258,4.6813
2259,4.3323
2260,4.6185
2261,4.6085
2262,4.1975
2263,4.718
2264,4.6797
2265,4.3635
2266,4.7956
2267,4.302
2268,4.9349
2269,4.8945
2270,5.2672
2271,5.0418
2272,5.1166
2273,3.7874
2274,4.1147
2275,4.2694
2276,4.6759
2277,4.1544
2278,5.0041
2279,3.7985
2280,4.2973
2281,5.0078
2282,4.8758
2283,5.2723
2284,5.2584
2285,5.0234
2286,4.7976
2287,3.9814
2288,4.281
2289,4.7208
2290,5.4794
2291,4.4843
2292,4.4743
2293,4.0658
2294,4.5355
2295,4.1993
2296,5.6067
2297,4.4051
2298,4.9061
2299,5.6501
2300,4.7195
2301,5.1024
2302,4.8849
2303,3.2311
2304,4.308
2305,5.1326
2306,4.6243
2307,4.5313
2308,4.2483
2309,5.0411
2310,4.711
2311,4.4766
2312,5.7633
2313,4.5028
2314,3.7714
2315,4.0395
2316,3.4937
2317,5.1292
2318,4.5531
2319,4.4673
2320,4.9324
2321,3.9164
2322,5.2534
2323,3.9308
2324,5.042
2325,4.8945
2326,5.2188
2327,4.7207
2328,4.6248
2329,4.7196
2330,4.2988
2331,4.8948
2332,4.6162
2333,4.7364
2334,5.3163
2335,4.8692
2336,4.485
2337,3.7904
2338,3.7841
2339,4.339
2340,3.3142
2341,4.0954
2342,4.0993
2343,3.8717
2344,4.5039
2345,4.2868
2346,3.3314
2347,4.2512
2348,4.1242
2349,4.2285
2350,3.5757
2351,4.9303
2352,4.3197
2353,5.036
2354,5.0456
2355,5.0478
2356,4.5369
2357,4.5351
2358,4.4209
2359,4.5635
2360,4.5247
2361,4.4569
2362,4.4621
2363,4.1183
2364,4.384
2365,4.3295
2366,4.3858
2367,4.2672
2368,4.0019
2369,4.7627
2370,4.5143
2371,4.8513
2372,5.0529
2373,4.5267
2374,4.4402
2375,4.303
2376,4.1371
2377,5.0537
2378,5.1307
2379,4.0748
2380,4.766
2381,3.5663
2382,4.8921
2383,4.8038
2384,4.2244
2385,4.6272
2386,4.5381
2387,4.5442
2388,4.3346
2389,3.6265
2390,4.8828
2391,4.5767
2392,4.8493
2393,4.3769
2394,3.0277
2395,2.2644
2396,5.1685
2397,5.0546
2398,5.324
2399,4.7263
2400,4.0605
2401,4.1857
2402,4.3151
2403,4.6779
2404,4.9598
2405,5.0255
2406,4.9289
2407,4.6529
2408,4.5843
2409,3.4946
2410,4.7896
2411,5.4533
2412,5.5815
2413,4.6337
2414,4.2948
2415,2.8563
2416,4.7066
2417,5.227
2418,4.9385
2419,4.2583
2420,4.712
2421,4.8095
2422,5.3631
2423,4.6985
2424,4.5897
2425,4.4929
2426,5.1675
2427,4.8645
2428,4.7116
2429,5.2098
2430,4.3817
2431,4.2154
2432,4.5617
2433,4.1955
2434,4.7658
2435,4.2601
2436,4.1896
2437,4.7913
2438,4.5238
2439,3.7882
2440,4.6671
2441,4.6465
2442,4.8447
2443,4.2517
2444,4.5684
2445,4.2108
2446,4.4688
2447,4.6239
2448,3.9105
2449,4.5738
2450,4.9004
2451,5.615
2452,3.9655
2453,4.379
2454,4.6172
2455,4.1873
2456,4.7112
2457,4.4622
2458,5.5507
2459,4.8184
2460,4.2616
2461,3.761
2462,5.0343
2463,4.5025
2464,5.2694
2465,4.9671
2466,3.6382
2467,2.3771
2468,4.8567
2469,4.7278
2470,4.6126
2471,3.9595
2472,4.6721
2473,4.7431
2474,3.7714
2475,4.3139
2476,3.5457
2477,5.4406
2478,4.1019
2479,4.9307
2480,5.106
2481,4.7511
2482,3.8857
2483,4.5229
2484,5.2791
2485,4.1704
2486,5.0284
2487,4.2343
2488,2.8312
2489,5.1422
2490,5.182
2491,5.3703
2492,4.5555
2493,4.9198
2494,4.4489
2495,4.2737
2496,5.1787
2497,4.3347
2498,4.3827
2499,4.6228
2500,3.298
2501,4.8233
2502,5.1643
2503,5.1715
2504,4.9893
2505,3.9895
2506,4.6539
2507,3.8563
2508,5.4389
2509,4.7403
2510,3.4773
2511,4.239
2512,4.4619
2513,3.9298
2514,4.6102
2515,5.0187
2516,3.5949
2517,4.2179
2518,4.8031
2519,4.4311
2520,3.271
2521,4.9942
2522,5.2653
2523,3.5085
2524,5.1839
2525,3.0831
2526,4.5513
2527,4.5402
2528,4.7472
2529,4.8523
2530,4.8804
2531,5.0455
2532,3.9796
2533,4.3131
2534,4.7617
2535,4.8285
2536,3.5703
2537,4.9657
2538,4.5444
2539,3.8782
2540,4.9735
2541,3.7772
2542,3.9544
2543,3.7521
2544,4.2631
2545,4.0979
2546,3.9735
2547,4.5581
2548,3.8884
2549,3.8323
2550,2.5887
2551,3.9428
2552,3.9458
2553,3.678
2554,5.0397
2555,3.9063
2556,3.2153
2557,3.7191
2558,4.1937
2559,4.1668
2560,4.4927
2561,3.5234
2562,4.1229
2563,3.7565
2564,3.5621
2565,4.4545
2566,3.9382
2567,4.1191
2568,3.7726
2569,4.3798
2570,3.7497
2571,4.706
2572,4.0732
2573,4.3782
2574,4.4126
2575,4.4341
2576,3.5084
2577,4.9627
2578,4.3488
2579,4.0982
2580,4.6731
2581,4.6539
2582,3.603
2583,4.2607
2584,4.462
2585,4.6389
2586,3.919
2587,4.297
2588,3.5035
2589,3.7677
2590,5.4039
2591,4.4478
2592,3.6574
2593,4.6238
2594,5.3624
2595,3.2152
2596,4.4543
2597,4.3441
2598,4.3768
2599,4.6524
2600,4.3374
2601,4.6225
2602,4.4796
2603,3.3194
2604,4.0554
2605,4.0609
2606,4.8577
2607,4.1793
2608,4.7852
2609,4.2801
2610,4.1076
2611,5.5907
2612,4.496
2613,4.2592
2614,3.2247
2615,3.9742
2616,4.4331
2617,3.977
2618,4.2619
2619,4.9218
2620,4.4966
2621,4.6125
2622,4.4852
2623,4.3434
2624,3.6946
2625,5.0269
2626,4.9242
2627,3.8217
2628,4.389
2629,5.1381
2630,4.5872
2631,4.885
2632,4.6541
2633,4.3058
2634,4.9533
2635,4.2403
2636,4.6666
2637,4.0321
2638,4.5558
2639,4.8334
2640,4.5542
2641,4.213
2642,4.8512
2643,4.7046
2644,4.5284
2645,4.9359
2646,4.4941
2647,3.7277
2648,4.1811
2649,4.6934
2650,4.8569
2651,4.6
2652,4.0874
2653,4.4336
2654,3.8892
2655,4.3265
2656,3.5763
2657,4.4522
2658,4.9429
2659,5.2691
2660,4.4429
2661,2.8743
2662,4.1606
2663,3.6578
2664,4.9996
2665,3.6096
2666,4.2548
2667,4.6619
2668,4.2059
2669,4.9536
2670,4.3412
2671,4.4932
2672,4.9074
2673,4.375
2674,4.9099
2675,4.5139
2676,4.37
2677,4.2092
2678,4.5198
2679,4.2394
2680,4.5305
2681,4.563
2682,4.4276
2683,5.3511
2684,4.438
2685,4.77
2686,3.9862
2687,4.5331
2688,4.9581
2689,5.0909
2690,4.6081
2691,4.501
2692,4.4161
2693,5.1474
2694,4.6384
2695,4.038
2696,4.5538
2697,3.9088
2698,4.769
2699,4.4495
2700,5.162
2701,5.257
2702,4.4117
2703,4.906
2704,5.0183
2705,4.2284
2706,5.1585
2707,4.8258
2708,3.9837
2709,4.3266
2710,4.7015
2711,4.5575
2712,5.2267
2713,5.2324
2714,4.331
2715,3.6282
2716,4.2184
2717,4.5587
2718,3.7483
2719,4.4989
2720,4.6118
2721,5.1473
2722,4.9126
2723,4.6163
2724,3.5211
2725,4.789
2726,4.4192
2727,3.6275
2728,4.3973
2729,4.4684
2730,4.5937
2731,5.1103
2732,4.308
2733,4.1478
2734,4.8194
2735,4.2566
2736,4.9299
2737,4.5973
2738,4.6932
2739,4.503
2740,5.0875
2741,4.8376
2742,5.0839
2743,3.9615
2744,3.8136
2745,4.2941
2746,4.7149
2747,4.7692
2748,4.7675
2749,3.5916
2750,4.4423
2751,5.0346
2752,5.1205
2753,4.2866
2754,4.994
2755,4.8737
2756,4.9728
2757,4.2408
2758,4.5447
2759,4.9886
2760,4.466
2761,3.8783
2762,4.3751
2763,4.41
2764,4.7447
2765,3.8495
2766,4.4109
2767,5.0069
2768,3.9728
2769,5.1756
2770,4.176
2771,3.9017
2772,4.4692
2773,4.1283
2774,4.7577
2775,4.8549
2776,3.6577
2777,4.614
2778,4.2842
2779,5.3064
2780,3.2402
2781,4.2394
2782,4.5225
2783,4.9807
2784,4.8027
2785,4.4228
2786,4.5667
2787,4.8865
2788,4.7749
2789,5.0891
2790,4.9795
2791,4.4122
2792,4.2921
2793,4.6802
2794,3.8386
2795,3.3869
2796,3.4665
2797,3.3176
2798,2.3734
2799,4.7605
2800,3.8472
2801,1.6346
2802,2.8166
2803,4.5653
2804,2.9411
2805,4.1599
2806,3.4182
2807,4.4212
2808,3.0315
2809,3.1501
2810,4.0836
2811,4.9152
2812,4.7187
2813,2.9117
2814,4.8045
2815,3.216
2816,4.1422
2817,4.5618
2818,5.3016
2819,3.5979
2820,5.0498
2821,4.3007
2822,3.2549
2823,4.3735
2824,2.6313
2825,4.382
2826,4.0837
2827,4.0672
2828,4.6603
2829,4.9275
2830,3.8047
2831,4.0164
2832,3.5488
2833,3.8465
2834,4.9564
2835,4.0277
2836,3.09
2837,4.2292
2838,5.0103
2839,4.3076
2840,4.2094
2841,3.6969
2842,4.6224
2843,3.8546
2844,3.1849
2845,4.7097
2846,4.5709
2847,3.5775
2848,4.0945
2849,3.0873
2850,4.468
2851,4.6223
2852,4.9536
2853,5.0003
2854,4.3364
2855,4.3234
2856,4.9196
2857,4.387
2858,4.6825
2859,4.2718
2860,4.5705
2861,5.2513
2862,5.0963
2863,4.1962
2864,4.0724
2865,3.6719
2866,4.3585
2867,4.4686
2868,4.6163
2869,5.009
2870,4.4245
2871,4.6581
2872,4.4406
2873,4.0176
2874,3.9347
2875,4.3251
2876,3.9474
2877,4.5109
2878,4.3359
2879,5.1722
2880,4.9676
2881,4.9213
2882,4.8955
2883,5.3576
2884,3.8417
2885,4.0444
2886,2.6341
2887,4.4775
2888,3.6298
2889,4.2533
2890,5.1763
2891,2.7477
2892,5.0087
2893,3.2823
2894,4.3387
2895,4.1364
2896,4.7404
2897,4.7872
2898,4.1112
2899,5.3234
2900,4.6565
2901,4.0319
2902,4.6753
2903,3.7168
2904,5.132
2905,5.1721
2906,4.3221
2907,4.5781
2908,3.086
2909,4.8766
2910,4.0417
2911,4.6159
2912,4.6971
2913,4.322
2914,4.8754
2915,4.6096
2916,5.4229
2917,4.7972
2918,3.5111
2919,4.6843
2920,4.8567
2921,4.8488
2922,5.6056
2923,4.2271
2924,3.8503
2925,2.6267
2926,3.757
2927,4.7009
2928,4.3619
2929,5.3297
2930,3.988
2931,4.3203
2932,5.0022
2933,4.1672
2934,4.9759
2935,4.0154
2936,5.1969
2937,4.8488
2938,4.2999
2939,4.8896
2940,4.6897
2941,4.2359
2942,4.4078
2943,3.8929
2944,4.8787
2945,4.9473
2946,3.9265
2947,3.8382
2948,4.3206
2949,4.4633
2950,4.6356
2951,3.6297
2952,3.8195
2953,5.2835
2954,5.0719
2955,5.1726
2956,5.2352
2957,4.4063
2958,4.7043
2959,4.854
2960,3.2526
2961,5.1699
2962,3.9771
2963,5.4235
2964,5.555
2965,4.7894
2966,4.8037
2967,5.1462
2968,4.9726
2969,5.2221
2970,4.952
2971,4.4547
2972,4.3782
2973,5.262
2974,4.5147
2975,4.1669
2976,3.5862
2977,4.8168
2978,5.1064
2979,4.7154
2980,4.4414
2981,4.6904
2982,4.477
2983,5.4199
2984,4.5486
2985,5.3813
2986,3.9196
2987,4.9551
2988,3.6493
2989,5.1818
2990,3.7868
2991,3.3983
2992,3.9968
2993,3.7599
2994,3.6979
2995,4.0944
2996,4.9198
2997,3.9685
2998,4.0808
2999,4.802
3000,4.8759
3001,5.1685
3002,4.4032
3003,4.1424
3004,3.467
3005,4.1805
3006,3.4372
3007,4.879
3008,4.2643
3009,3.2699
3010,4.6245
3011,4.5493
3012,3.4889
3013,4.7212
3014,4.7153
3015,4.6863
3016,3.8682
3017,4.4436
3018,5.2406
3019,4.884
3020,3.6894
3021,4.0004
3022,4.3184
3023,3.1156
3024,4.0887
3025,3.9002
3026,4.8449
3027,3.3025
3028,3.0718
3029,3.102
3030,3.8469
3031,5.3317
3032,3.8578
3033,3.468
3034,3.4036
3035,2.769
3036,4.7198
3037,3.4767
3038,1.9845
3039,2.3518
3040,4.9022
3041,2.5123
3042,4.4653
3043,3.3903
3044,4.2185
3045,4.2376
3046,4.9646
3047,4.1975
3048,4.8782
3049,4.3261
3050,4.4743
3051,4.5984
3052,5.8828
3053,4.3447
3054,4.3388
3055,4.9342
3056,4.1904
3057,4.6366
3058,4.2156
3059,4.7756
3060,4.845
3061,4.3837
3062,4.4858
3063,5.6078
3064,4.9642
3065,4.0132
3066,4.3759
3067,4.5368
3068,3.6582
3069,4.1881
3070,5.0827
3071,4.6108
3072,5.0425
3073,4.3958
3074,3.9158
3075,4.1854
3076,5.521
3077,3.4525
3078,4.6403
3079,4.3566
3080,3.2504
3081,4.9191
3082,5.1248
3083,4.3551
3084,4.513
3085,4.2784
3086,4.1966
3087,4.6088
3088,4.3731
3089,4.9773
3090,4.8403
3091,4.5086
3092,4.7061
3093,4.6477
3094,4.9536
3095,4.43
3096,4.7907
3097,5.5782
3098,4.2715
3099,4.8495
3100,4.8707
3101,4.0541
3102,4.6085
3103,3.1237
3104,4.3686
3105,4.9131
3106,5.1216
3107,4.2083
3108,4.1264
3109,5.1009
3110,4.9114
3111,3.6168
3112,5.4631
3113,3.8848
3114,4.4662
3115,4.3858
3116,3.3798
3117,3.9054
3118,4.4097
3119,4.5575
3120,4.1258
3121,4.9221
3122,4.9158
3123,5.2193
3124,5.2426
3125,4.5438
3126,4.8451
3127,4.8702
3128,3.9996
3129,4.593
3130,5.066
3131,4.9391
3132,3.952
3133,4.7195
3134,3.2689
3135,4.719
3136,4.8768
3137,4.7568
3138,4.341
3139,4.5851
3140,4.755
3141,3.605
3142,4.3669
3143,5.1459
3144,5.4042
3145,5.2174
3146,4.6387
3147,5.0656
3148,4.7724
3149,5.0989
3150,4.7929
3151,4.3366
3152,4.9776
3153,4.4578
3154,4.1452
3155,5.4803
3156,4.2923
3157,4.5298
3158,4.7142
3159,4.6947
3160,3.829
3161,4.3991
3162,4.207
3163,4.612
3164,3.4898
3165,5.1845
3166,4.5948
3167,4.6601
3168,4.1935
3169,4.7282
3170,3.6599
3171,3.002
3172,3.718
3173,4.4725
3174,5.2024
3175,4.9231
3176,4.6083
3177,4.2845
3178,4.1739
3179,4.8457
3180,4.4426
3181,4.2796
3182,4.513
3183,4.5374
3184,4.6794
3185,3.848
3186,5.1894
3187,4.2163
3188,4.0911
3189,4.0533
3190,3.9195
3191,4.9311
3192,3.5464
3193,4.1126
3194,4.8874
3195,4.8626
3196,4.5079
3197,4.8745
3198,5.0301
3199,4.7258
3200,3.4025
3201,4.3277
3202,4.0211
3203,3.0943
3204,2.399
3205,2.8502
3206,2.8933
3207,3.2383
3208,2.2836
3209,2.5726
3210,2.424
3211,3.8083
3212,3.0168
3213,3.2291
3214,2.7464
3215,4.2389
3216,2.6909
3217,1.9038
3218,3.0854
3219,2.5226
3220,2.6876
3221,2.9168
3222,2.6795
3223,4.2543
3224,3.7287
3225,1.9985
3226,2.9763
3227,4.96
3228,3.8822
3229,4.0061
3230,3.657
3231,4.1154
3232,3.7408
3233,2.6091
3234,3.2267
3235,4.2908
3236,3.3887
3237,3.3727
3238,3.8294
3239,1.7289
3240,4.4229
3241,4.0916
3242,3.7395
3243,4.3306
3244,4.4738
3245,3.1088
3246,2.6217
3247,4.9823
3248,3.5857
3249,3.3717
3250,2.5845
3251,4.3371
3252,3.0845
3253,3.4804
3254,5.3044
3255,4.1101
3256,4.3859
3257,3.4362
3258,3.8824
3259,4.0926
3260,4.5651
3261,5.0056
3262,4.9822
3263,5.3147
3264,3.5659
3265,3.3892
3266,4.066
3267,3.3106
3268,4.7215
3269,4.6665
3270,4.0564
3271,4.916
3272,3.0315
3273,4.4515
3274,4.2696
3275,4.6882
3276,5.1898
3277,4.3962
3278,3.4451
3279,4.5767
3280,4.4204
3281,4.5999
3282,4.7964
3283,4.3155
3284,4.6999
3285,5.1102
3286,3.5262
3287,5.2417
3288,3.8028
3289,4.7546
3290,2.3335
3291,3.42
3292,3.9816
3293,3.033
3294,2.9772
3295,4.3923
3296,4.0937
3297,3.756
3298,2.2845
3299,4.7753
3300,4.5269
3301,5.6875
3302,4.2481
3303,5.0518
3304,4.8924
3305,3.3271
3306,3.8816
3307,4.5928
3308,4.6115
3309,4.1216
3310,2.6112
3311,2.8206
3312,3.3595
3313,3.3833
3314,5.5292
3315,4.4452
3316,5.0478
3317,5.2355
3318,4.1212
3319,4.8729
3320,4.4716
3321,2.2242
3322,4.9329
3323,4.9054
3324,4.819
3325,4.576
3326,3.9537
3327,4.8111
3328,4.1928
3329,4.6523
3330,3.3916
3331,4.9324
3332,4.3392
3333,3.5833
3334,3.6578
3335,2.8804
3336,4.5944
3337,4.0367
3338,4.5789
3339,4.5754
3340,3.44
3341,4.4903
3342,5.326
3343,5.0385
3344,4.6331
3345,2.4218
3346,4.906
3347,4.0034
3348,4.4447
3349,4.8863
3350,4.5655
3351,4.0584
3352,4.4598
3353,4.9286
3354,3.8125
3355,3.7441
3356,4.2082
3357,4.8297
3358,4.0716
3359,5.1429
3360,4.4733
3361,4.9827
3362,4.5913
3363,4.2558
3364,5.5585
3365,4.0802
3366,5.2025
3367,4.6249
3368,4.4743
3369,4.6174
3370,5.1785
3371,5.0854
3372,4.4658
3373,4.3252
3374,4.7503
3375,4.8902
3376,4.7181
3377,4.4381
3378,4.4275
3379,4.0367
3380,3.959
3381,4.4883
3382,3.9724
3383,5.1446
3384,4.8221
3385,5.4201
3386,4.7903
3387,4.8735
3388,4.8304
3389,4.3029
3390,4.5104
3391,4.4684
3392,3.9615
3393,4.318
3394,5.1422
3395,4.3998
3396,4.5433
3397,4.8935
3398,4.1352
3399,4.8803
3400,4.6917
3401,4.3599
3402,4.9521
3403,5.1473
3404,4.3831
3405,5.486
3406,4.5646
3407,4.5939
3408,4.7869
3409,4.5635
3410,4.9243
3411,5.1341
3412,4.3589
3413,4.7881
3414,4.3477
3415,4.4492
3416,3.1393
3417,4.4801
3418,4.5491
3419,4.4455
3420,4.7611
3421,5.0959
3422,3.6597
3423,4.0888
3424,4.4629
3425,4.6805
3426,3.273
3427,3.2947
3428,3.7468
3429,5.0133
3430,3.3197
3431,4.713
3432,5.3692
3433,4.6461
3434,4.2342
3435,4.1658
3436,4.6532
3437,4.9445
3438,3.9776
3439,4.22
3440,3.5931
3441,4.475
3442,4.1851
3443,4.5889
3444,4.3488
3445,5.2321
3446,4.3982
3447,4.9183
3448,5.0833
3449,4.3893
3450,4.2791
3451,4.3982
3452,4.3526
3453,3.9235
3454,4.5115
3455,4.8849
3456,4.5288
3457,4.5967
3458,4.2932
3459,4.8301
3460,5.3187
3461,4.5784
3462,4.6184
3463,4.0879
3464,4.8115
3465,5.1153
3466,4.7174
3467,4.7298
3468,4.8892
3469,4.6111
3470,5.0058
3471,4.646
3472,4.9536
3473,4.4366
3474,4.7681
3475,4.5282
3476,4.9085
3477,4.967
3478,5.1067
3479,4.8511
3480,4.8101
3481,4.4426
3482,4.882
3483,4.1869
3484,5.2859
3485,2.9021
3486,5.2122
3487,4.86
3488,4.5605
3489,4.7122
3490,4.5051
3491,5.0922
3492,5.034
3493,4.9069
3494,4.6969
3495,4.5717
3496,5.2543
3497,4.9888
3498,4.4236
3499,5.1272
3500,4.4327
3501,4.2164
3502,4.4732
3503,5.1283
3504,4.8271
3505,5.0684
3506,3.8632
3507,3.6379
3508,4.7473
3509,4.3565
3510,2.3579
3511,4.8918
3512,4.6356
3513,3.8254
3514,4.9865
3515,4.0404
3516,4.9515
3517,4.1376
3518,4.0687
3519,4.629
3520,3.9205
3521,4.7056
3522,4.0049
3523,4.7458
3524,3.9775
3525,3.8374
3526,3.8423
3527,3.8196
3528,4.1314
3529,3.4078
3530,4.8597
3531,3.8375
3532,4.1087
3533,4.2968
3534,4.1935
3535,4.3491
3536,5.6006
3537,3.4958
3538,4.3442
3539,2.1445
3540,5.295
3541,4.7537
3542,3.5583
3543,4.8529
3544,4.9188
3545,5.55
3546,4.4014
3547,4.3464
3548,4.9118
3549,4.9873
3550,4.9833
3551,3.4658
3552,4.6357
3553,3.2433
3554,5.044
3555,4.6
3556,3.8641
3557,4.4535
3558,3.9422
3559,4.9372
3560,5.5283
3561,3.8328
3562,3.5793
3563,4.0529
3564,3.0764
3565,4.5811
3566,3.1322
3567,4.5589
3568,4.8302
3569,4.9193
3570,4.3685
3571,5.1474
3572,2.6182
3573,3.6686
3574,3.9962
3575,3.2617
3576,4.5822
3577,4.6096
3578,3.6612
3579,3.6874
3580,3.9442
3581,4.2052
3582,4.9252
3583,4.0339
3584,4.8466
3585,3.5011
3586,3.8611
3587,5.143
3588,4.053
3589,5.7837
3590,4.3897
3591,4.4092
3592,4.6677
3593,5.2973
3594,3.7655
3595,3.8538
3596,4.645
3597,4.3678
3598,4.0125
3599,2.6413
3600,4.045
3601,4.3602
3602,4.5418
3603,5.1334
3604,3.9748
3605,5.1703
3606,4.7339
3607,3.5394
3608,4.7178
3609,4.439
3610,4.4326
3611,4.7634
3612,5.2401
3613,4.9846
3614,4.3654
3615,4.2867
3616,3.3616
3617,3.3276
3618,4.6184
3619,2.6435
3620,4.2165
3621,3.752
3622,3.6838
3623,4.7608
3624,3.3046
3625,4.6095
3626,4.6597
3627,5.3151
3628,4.5749
3629,4.242
3630,3.5509
3631,4.7236
3632,3.3025
3633,4.4863
3634,2.8915
3635,5.0091
3636,3.0539
3637,3.838
3638,4.3776
3639,3.8136
3640,4.5606
3641,4.7555
3642,4.936
3643,4.6405
3644,3.4104
3645,4.2277
3646,3.7951
3647,3.8137
3648,5.0554
3649,4.3357
3650,4.9213
3651,4.6233
3652,4.6236
3653,4.9777
3654,3.6542
3655,4.5166
3656,4.6538
3657,4.8901
3658,3.5548
3659,3.1689
3660,4.6741
3661,4.8398
3662,3.706
3663,4.5299
3664,4.4559
3665,3.0463
3666,3.9493
3667,3.2195
3668,3.9076
3669,4.4443
3670,4.2288
3671,5.0124
3672,4.208
3673,3.9608
3674,3.1938
3675,2.9775
3676,4.4163
3677,2.4863
3678,3.2518
3679,4.0357
3680,4.2433
3681,4.9041
3682,4.1346
3683,3.4404
3684,4.0641
3685,3.299
3686,4.9696
3687,4.9711
3688,3.9882
3689,4.4505
3690,3.7152
3691,5.0919
3692,4.813
3693,4.927
3694,4.2709
3695,4.9855
3696,4.5782
3697,4.5119
3698,4.2686
3699,5.0619
3700,4.1765
3701,3.3989
3702,3.3392
3703,2.033
3704,4.5951
3705,2.7767
3706,4.6361
3707,4.8882
3708,3.9423
3709,4.8787
3710,3.8235
3711,4.5567
3712,4.5306
3713,4.4488
3714,2.9765
3715,4.7381
3716,4.99
3717,4.2873
3718,3.3046
3719,1.9842
3720,4.7373
3721,3.873
3722,3.9814
3723,2.8285
3724,4.6823
3725,5.3757
3726,2.4149
3727,3.0228
3728,4.2946
3729,4.6729
3730,4.4466
3731,5.2086
3732,4.0901
3733,4.4454
3734,4.7844
3735,4.9331
3736,5.1951
3737,4.0638
3738,4.2386
3739,4.8636
3740,4.9011
3741,3.9137
3742,5.0206
3743,4.1341
3744,5.2004
3745,4.9044
3746,3.997
3747,3.4617
3748,5.0007
3749,4.9637
3750,3.385
3751,4.6212
3752,4.227
3753,4.8332
3754,4.7007
3755,4.6206
3756,4.6558
3757,3.7451
3758,3.769
3759,5.3663
3760,3.2235
3761,5.2522
3762,5.2968
3763,4.5683
3764,3.5629
3765,4.2676
3766,3.8571
3767,4.4878
3768,5.2815
3769,4.7041
3770,3.3671
3771,3.248
3772,3.7009
3773,4.8187
3774,4.5166
3775,5.2301
3776,5.2276
3777,3.2579
3778,5.015
3779,4.7342
3780,4.8078
3781,5.2348
3782,4.7426
3783,4.3965
3784,4.7754
3785,4.3585
3786,4.7464
3787,4.7854
3788,4.9296
3789,4.418
3790,5.176
3791,3.8835
3792,5.0522
3793,4.6306
3794,4.2018
3795,4.1396
3796,5.0719
3797,4.652
3798,4.0054
3799,3.7954
3800,2.9213
3801,5.4762
3802,2.6743
3803,5.1812
3804,1.8988
3805,1.8576
3806,4.1437
3807,3.5255
3808,3.3645
3809,3.8389
3810,4.2562
3811,4.2055
3812,3.9845
3813,3.9078
3814,4.3353
3815,4.8493
3816,4.3008
3817,3.6526
3818,3.5753
3819,3.8471
3820,2.4179
3821,3.3964
3822,2.8478
3823,3.9997
3824,2.0179
3825,3.4999
3826,4.3184
3827,4.3365
3828,3.8816
3829,3.6169
3830,5.0427
3831,3.3952
3832,2.7566
3833,5.0084
3834,3.1337
3835,2.2053
3836,2.8255
3837,3.312
3838,2.4441
3839,5.3247
3840,1.8586
3841,4.7521
3842,3.6095
3843,2.3663
3844,2.8639
3845,2.8181
3846,4.3369
3847,2.2389
3848,4.5555
3849,3.6581
3850,2.53
3851,2.3086
3852,4.8585
3853,2.0965
3854,1.8356
3855,2.7891
3856,4.5536
3857,2.4018
3858,5.208
3859,5.0259
3860,2.7705
3861,1.6137
3862,4.211
3863,4.2691
3864,5.1292
3865,2.5655
3866,4.7214
3867,2.8369
3868,2.9182
3869,4.6908
3870,5.7182
3871,4.8086
3872,4.9165
3873,4.0774
3874,3.8424
3875,5.0979
3876,4.0335
3877,3.0925
3878,2.0577
3879,4.2797
3880,4.2374
3881,4.2005
3882,3.8125
3883,3.3025
3884,3.61
3885,3.3601
3886,3.1521
3887,4.9671
3888,4.5789
3889,4.3943
3890,4.2956
3891,4.875
3892,4.5689
3893,3.9101
3894,3.7352
3895,3.9524
3896,4.5568
3897,3.9838
3898,4.108
3899,3.5782
3900,4.4829
3901,3.9697
3902,4.0743
3903,4.4172
3904,2.7078
3905,4.4842
3906,4.3943
3907,4.5793
3908,3.6625
3909,4.0787
3910,3.2247
3911,2.8119
3912,3.4731
3913,4.4196
3914,3.4033
3915,3.3015
3916,3.7679
3917,4.3258
3918,4.0955
3919,2.8735
3920,4.3446
3921,3.6369
3922,4.1798
3923,2.7579
3924,4.4859
3925,2.8621
3926,3.167
3927,4.6848
3928,2.169
3929,4.3272
3930,3.6231
3931,4.3178
3932,4.8524
3933,2.3596
3934,4.7815
3935,4.9313
3936,4.3563
3937,4.8141
3938,4.8201
3939,4.6122
3940,4.8349
3941,4.6293
3942,4.6908
3943,4.206
3944,4.1793
3945,3.9719
3946,4.3368
3947,4.1886
3948,4.2852
3949,3.4849
3950,3.3246
3951,3.1898
3952,4.0787
3953,4.0442
3954,4.6818
3955,4.8074
3956,4.3309
3957,3.5993
3958,4.642
3959,4.4681
3960,3.6683
3961,4.5667
3962,4.8105
3963,4.2417
3964,4.0605
3965,4.674
3966,4.5428
3967,4.5364
3968,4.1736
3969,4.5852
3970,5.0309
3971,4.9623
3972,4.8372
3973,4.6802
3974,4.2793
3975,4.1196
3976,5.2201
3977,4.4268
3978,4.6474
3979,3.897
3980,4.5634
3981,4.7112
3982,4.4653
3983,3.9095
3984,4.8557
3985,4.3953
3986,4.3515
3987,3.2809
3988,4.5145
3989,5.2476
3990,4.4553
3991,5.0578
3992,4.4545
3993,5.7026
3994,5.2458
3995,4.9118
3996,3.5161
3997,3.8288
3998,4.7387
3999,4.7959
4000,4.5286
4001,3.9775
4002,5.2311
4003,3.3413
4004,4.4142
4005,4.6268
4006,3.9841
4007,3.6722
4008,4.4102
4009,3.1713
4010,3.6337
4011,3.1411
4012,3.8092
4013,3.8242
4014,4.7826
4015,2.8423
4016,3.6175
4017,2.5299
4018,2.1225
4019,3.2618
4020,2.8452
4021,3.7492
4022,3.789
4023,4.5287
4024,4.5253
4025,4.9103
4026,4.0717
4027,2.0655
4028,2.0159
4029,2.1892
4030,5.1546
4031,4.6623
4032,5.1665
4033,2.0856
4034,2.6522
4035,3.2627
4036,3.4681
4037,2.5412
4038,4.4494
4039,4.7384
4040,3.9912
4041,3.8294
4042,4.8997
4043,4.2808
4044,4.9488
4045,4.1237
4046,3.9815
4047,2.0131
4048,4.454
4049,3.5148
4050,4.6883
4051,5.0517
4052,4.2862
4053,4.1515
4054,4.0057
4055,3.6655
4056,4.045
4057,3.5121
4058,4.0511
4059,4.6689
4060,2.3654
4061,4.7526
4062,3.2483
4063,4.0776
4064,3.7498
4065,5.2044
4066,4.0616
4067,4.0553
4068,4.4642
4069,4.8601
4070,5.0116
4071,4.1039
4072,5.0227
4073,5.0904
4074,4.5126
4075,4.0392
4076,3.7726
4077,3.7601
4078,3.4897
4079,5.6257
4080,3.6046
4081,3.4481
4082,3.217
4083,5.2033
4084,3.8646
4085,4.6786
4086,3.1669
4087,3.6695
4088,4.5983
4089,3.4454
4090,5.2264
4091,5.0998
4092,1.875
4093,4.0625
4094,3.9958
4095,3.2365
4096,2.9076
4097,5.2534
4098,5.083
4099,4.4166
4100,3.89
4101,4.3389
4102,4.8422
4103,3.4868
4104,3.99
4105,4.6652
4106,3.9272
4107,4.6318
4108,4.2852
4109,4.5101
4110,4.0856
4111,4.9469
4112,4.3604
4113,5.1068
4114,3.4931
4115,4.2176
4116,5.0771
4117,4.2661
4118,4.9786
4119,4.8159
4120,3.9286
4121,4.5785
4122,4.4336
4123,4.7721
4124,3.8148
4125,4.3396
4126,4.8276
4127,4.7679
4128,4.7602
4129,3.3345
4130,5.0298
4131,4.0195
4132,4.879
4133,4.9118
4134,4.3427
4135,5.2729
4136,5.6924
4137,4.5193
4138,4.8888
4139,4.1864
4140,5.2566
4141,4.8793
4142,4.2513
4143,4.7187
4144,4.4421
4145,5.2279
4146,5.3646
4147,3.0865
4148,3.8172
4149,4.9225
4150,4.4863
4151,5.1859
4152,4.312
4153,5.0197
4154,4.3863
4155,4.6838
4156,4.7124
4157,4.754
4158,4.4372
4159,5.7823
4160,4.0922
4161,5.1907
4162,5.4595
4163,4.9799
4164,4.6097
4165,5.026
4166,4.9605
4167,4.178
4168,4.6323
4169,5.1868
4170,3.3172
4171,4.1859
4172,4.8733
4173,4.8837
4174,5.3465
4175,5.4184
4176,5.0875
4177,4.8722
4178,5.0751
4179,4.9638
4180,5.2454
4181,5.4287
4182,4.4959
4183,4.5964
4184,4.8684
4185,5.2822
4186,4.7443
4187,5.0558
4188,4.9763
4189,5.146
4190,5.9798
4191,4.659
4192,4.6846
4193,5.2993
4194,4.8086
4195,5.0214
4196,5.2864
4197,5.0591
4198,4.9621
4199,5.0535
4200,4.7285
4201,5.1366
4202,4.6874
4203,4.067
4204,5.5019
4205,2.907
4206,5.0561
4207,4.0436
4208,4.5208
4209,2.8035
4210,3.8357
4211,4.6325
4212,3.8596
4213,4.8686
4214,5.1275
4215,4.4745
4216,5.2633
4217,4.2425
4218,5.034
4219,5.0283
4220,3.3224
4221,4.5634
4222,5.3963
4223,4.1639
4224,3.2782
4225,3.9531
4226,3.8204
4227,5.4852
4228,4.7465
4229,4.0286
4230,3.8372
4231,2.9518
4232,4.6917
4233,5.023
4234,4.504
4235,5.0314
4236,4.1649
4237,4.9583
4238,3.8996
4239,5.261
4240,4.3388
4241,4.1526
4242,3.8077
4243,4.7357
4244,4.26
4245,4.7385
4246,3.7532
4247,5.0334
4248,4.2005
4249,4.3336
4250,4.9771
4251,4.5415
4252,5.2208
4253,4.9747
4254,5.2214
4255,4.6541
4256,5.0208
4257,4.7476
4258,4.148
4259,5.1121
4260,4.4941
4261,4.8936
4262,4.1884
4263,4.5402
4264,4.1436
4265,4.2152
4266,4.4076
4267,3.3367
4268,4.6718
4269,5.0727
4270,4.084
4271,4.7402
4272,4.4184
4273,4.3567
4274,3.0899
4275,4.836
4276,3.7792
4277,5.1835
4278,4.4717
4279,4.7802
4280,2.2269
4281,4.2615
4282,3.7183
4283,4.3495
4284,3.9035
4285,3.082
4286,3.3784
4287,4.9985
4288,2.2573
4289,1.477
4290,5.081
4291,4.7439
4292,4.4642
4293,4.8159
4294,4.3793
4295,2.7338
4296,4.4951
4297,4.7033
4298,5.3786
4299,5.0762
4300,3.0262
4301,5.0889
4302,5.074
4303,3.0118
4304,4.5839
4305,3.8664
4306,3.3001
4307,3.176
4308,4.2942
4309,4.6362
4310,2.6843
4311,3.8989
4312,4.169
4313,3.9296
4314,4.6153
4315,4.9822
4316,4.5545
4317,3.7271
4318,3.6845
4319,4.768
4320,4.5077
4321,4.704
4322,4.7648
4323,4.2267
4324,4.7107
4325,4.449
4326,2.8916
4327,4.7008
4328,3.769
4329,4.1295
4330,4.8419
4331,4.4649
4332,5.4707
4333,3.9084
4334,4.0517
4335,4.916
4336,4.8524
4337,4.9177
4338,3.9151
4339,4.9912
4340,3.417
4341,4.6241
4342,4.522
4343,4.6164
4344,4.8377
4345,3.8689
4346,4.7664
4347,4.5407
4348,4.5989
4349,3.289
4350,4.8579
4351,4.4038
4352,4.5413
4353,5.0949
4354,4.6502
4355,4.1271
4356,4.3924
4357,4.8331
4358,4.722
4359,5.4232
4360,4.5528
4361,4.5769
4362,4.7305
4363,3.5676
4364,4.252
4365,3.7915
4366,3.682
4367,4.384
4368,4.7652
4369,4.6915
4370,2.9737
4371,5.0149
4372,4.2971
4373,4.9527
4374,4.9681
4375,4.5544
4376,4.4493
4377,4.0534
4378,4.3526
4379,5.2766
4380,4.1926
4381,5.1312
4382,3.9139
4383,4.8549
4384,4.7517
4385,4.4315
4386,4.0778
4387,4.7823
4388,4.9155
4389,4.7548
4390,4.8935
4391,4.9647
4392,4.1244
4393,5.4339
4394,4.9087
4395,4.9206
4396,3.5602
4397,4.4454
4398,5.0067
4399,5.2199
4400,4.6673
4401,4.284
4402,4.8008
4403,4.9261
4404,3.1001
4405,5.0472
4406,4.1175
4407,4.3481
4408,4.5253
4409,4.1483
4410,4.7805
4411,4.229
4412,4.2934
4413,4.8256
4414,4.7528
4415,4.8306
4416,4.5193
4417,5.0735
4418,4.6523
4419,3.7146
4420,4.6157
4421,4.7976
4422,4.7565
4423,4.5519
4424,4.7633
4425,3.9736
4426,3.9458
4427,3.9492
4428,4.6622
4429,4.5593
4430,4.723
4431,4.6617
4432,4.6677
4433,4.4269
4434,4.7598
4435,4.4605
4436,4.6882
4437,5.1712
4438,4.2216
4439,4.7399
4440,3.3593
4441,4.1795
4442,3.3176
4443,3.92
4444,5.2615
4445,5.0328
4446,5.0717
4447,4.1928
4448,4.2033
4449,3.4505
4450,5.9604
4451,4.1007
4452,5.3624
4453,4.8823
4454,4.8698
4455,4.6304
4456,4.6662
4457,5.1094
4458,4.7671
4459,5.1563
4460,3.5535
4461,4.2479
4462,4.391
4463,4.8496
4464,5.1364
4465,5.1934
4466,4.963
4467,4.1592
4468,4.6656
4469,4.5675
4470,4.7272
4471,5.4706
4472,3.9506
4473,4.3197
4474,4.6205
4475,5.0557
4476,4.1321
4477,4.1954
4478,3.8416
4479,4.7589
4480,2.9071
4481,4.4714
4482,4.8515
4483,4.3254
4484,2.8403
4485,4.4019
4486,2.9709
4487,3.813
4488,3.2758
4489,4.8314
4490,4.0887
4491,5.0341
4492,4.3449
4493,4.8558
4494,5.0011
4495,4.6822
4496,3.8569
4497,4.4717
4498,3.5912
4499,3.5078
4500,4.9469
4501,3.7122
4502,3.2359
4503,4.6186
4504,4.6593
4505,4.3361
4506,2.889
4507,4.5844
4508,5.0636
4509,4.266
4510,4.8084
4511,4.2324
4512,4.1011
4513,4.2833
4514,4.8173
4515,4.7691
4516,5.4951
4517,4.5701
4518,4.0277
4519,4.8757
4520,5.0097
4521,4.258
4522,4.3158
4523,4.9229
4524,5.2419
4525,3.5947
4526,3.7776
4527,4.1683
4528,4.0936
4529,2.5839
4530,4.977
4531,3.842
4532,4.6041
4533,5.0287
4534,4.4044
4535,4.5308
4536,4.6051
4537,3.5118
4538,4.3595
4539,3.3095
4540,4.6058
4541,5.6263
4542,3.5946
4543,4.711
4544,4.5987
4545,4.4508
4546,4.2952
4547,4.5329
4548,4.8699
4549,4.5333
4550,4.7247
4551,4.4986
4552,4.2781
4553,4.5619
4554,3.9333
4555,5.1662
4556,4.8898
4557,5.2008
4558,4.6862
4559,3.7526
4560,4.8425
4561,4.5193
4562,4.3633
4563,4.0884
4564,4.1795
4565,4.0296
4566,4.5448
4567,4.2113
4568,4.6861
4569,4.5717
4570,4.194
4571,5.2803
4572,4.7467
4573,4.319
4574,3.6554
4575,3.9947
4576,4.6217
4577,4.9379
4578,5.0376
4579,4.1352
4580,3.4489
4581,4.7345
4582,4.0833
4583,4.2963
4584,4.1685
4585,4.6425
4586,4.7316
4587,4.3058
4588,5.446
4589,4.4792
4590,4.2437
4591,3.8887
4592,3.2658
4593,5.0131
4594,4.3876
4595,4.7174
4596,4.38
4597,4.7012
4598,4.2669
4599,3.8732
4600,4.2817
4601,4.6353
4602,5.8973
4603,5.0612
4604,3.932
4605,4.2917
4606,4.6
4607,4.7011
4608,4.0273
4609,4.7363
4610,4.3131
4611,4.5377
4612,5.2618
4613,4.8275
4614,4.344
4615,4.7264
4616,3.8941
4617,4.887
4618,4.8183
4619,4.9114
4620,4.0982
4621,3.8543
4622,4.8761
4623,4.3975
4624,3.9162
4625,4.8746
4626,4.1932
4627,4.3772
4628,5.3328
4629,3.6482
4630,4.7132
4631,4.7771
4632,3.3037
4633,4.976
4634,4.7746
4635,4.0072
4636,4.0925
4637,5.0871
4638,4.9961
4639,5.0758
4640,4.9773
4641,4.5132
4642,4.4578
4643,4.0084
4644,4.3713
4645,4.8559
4646,4.5212
4647,4.0984
4648,4.2658
4649,3.49
4650,5.0532
4651,4.5254
4652,4.7273
4653,3.2532
4654,4.5774
4655,4.0479
4656,4.2746
4657,4.3633
4658,4.1859
4659,4.4332
4660,3.0084
4661,4.0085
4662,4.5082
4663,5.1681
4664,4.4947
4665,5.0476
4666,4.6817
4667,4.344
4668,4.7243
4669,5.0949
4670,4.6358
4671,4.5631
4672,3.9197
4673,4.1825
4674,4.6287
4675,4.901
4676,4.1054
4677,3.4158
4678,3.2654
4679,4.7834
4680,4.9354
4681,3.6546
4682,4.2987
4683,4.7751
4684,2.302
4685,4.3814
4686,4.4186
4687,4.8388
4688,4.4524
4689,3.7671
4690,4.3788
4691,4.25
4692,3.6736
4693,3.4688
4694,3.0008
4695,4.6011
4696,4.4906
4697,4.2791
4698,5.3941
4699,4.489
4700,4.9927
4701,4.2189
4702,5.0781
4703,5.7043
4704,5.609
4705,4.9692
4706,4.9115
4707,4.9422
4708,4.5163
4709,3.9341
4710,5.1862
4711,4.6295
4712,5.131
4713,3.9385
4714,5.1884
4715,4.909
4716,4.4288
4717,4.9421
4718,4.6971
4719,4.9874
4720,4.8267
4721,4.3294
4722,5.0372
4723,4.9713
4724,4.967
4725,5.2862
4726,4.8856
4727,4.381
4728,3.8527
4729,5.7255
4730,4.9892
4731,4.7057
4732,4.1642
4733,5.1459
4734,5.138
4735,4.8177
4736,4.6123
4737,4.4438
4738,4.9086
4739,4.614
4740,4.4526
4741,4.795
4742,4.4167
4743,5.6382
4744,4.3374
4745,4.6003
4746,4.2096
4747,4.4268
4748,4.8444
4749,3.5238
4750,5.1638
4751,3.9444
4752,5.0256
4753,2.9842
4754,4.5143
4755,3.5577
4756,2.3085
4757,4.623
4758,5.045
4759,4.722
4760,4.7358
4761,4.3534
4762,4.7579
4763,3.7872
4764,5.5625
4765,5.1704
4766,4.9828
4767,5.4552
4768,5.0192
4769,4.9033
4770,5.2936
4771,4.5959
4772,5.0538
4773,5.552
4774,4.6148
4775,4.8599
4776,5.3049
4777,5.5149
4778,2.5961
4779,5.3503
4780,5.5707
4781,4.6484
4782,4.8871
4783,2.2327
4784,3.5477
4785,4.855
4786,4.1454
4787,5.0524
4788,4.1677
4789,4.5478
4790,4.0332
4791,5.2099
4792,4.376
4793,5.206
4794,4.5644
4795,5.2104
4796,4.6723
4797,4.548
4798,4.5982
4799,3.5739
4800,4.4783
4801,4.9349
4802,4.7299
4803,4.201
4804,4.4361
4805,4.5566
4806,3.7827
4807,4.2159
4808,5.0575
4809,3.8963
4810,4.9817
4811,5.1966
4812,4.3242
4813,4.4716
4814,5.5002
4815,5.3339
4816,4.7579
4817,4.09
4818,4.3027
4819,5.4082
4820,3.7639
4821,5.1823
4822,4.5837
4823,5.6678
4824,4.6587
4825,4.8475
4826,4.6634
4827,4.6683
4828,4.5964
4829,3.9891
4830,4.8508
4831,4.5406
4832,3.9645
4833,3.8127
4834,3.8064
4835,4.5923
4836,3.3104
4837,3.0693
4838,4.8159
4839,4.5557
4840,3.7735
4841,4.8675
4842,5.1482
4843,5.346
4844,3.8302
4845,4.3837
4846,5.2688
4847,3.8671
4848,4.258
4849,5.3818
4850,5.2296
4851,5.0576
4852,4.363
4853,4.9043
4854,3.7481
4855,5.0418
4856,4.4316
4857,3.8957
4858,4.9118
4859,4.9679
4860,5.1216
4861,4.1859
4862,4.8304
4863,5.3596
4864,5.1385
4865,4.8497
4866,4.7155
4867,5.1526
4868,4.7923
4869,4.8843
4870,4.8983
4871,5.6482
4872,4.7583
4873,4.8595
4874,4.8181
4875,4.9209
4876,4.5883
4877,5.015
4878,4.4768
4879,5.1579
4880,5.0133
4881,4.7858
4882,4.4958
4883,4.8295
4884,4.6653
4885,5.1352
4886,4.7793
4887,4.5717
4888,3.6798
4889,5.1077
4890,3.4977
4891,4.5666
4892,4.1987
4893,4.6036
4894,4.5575
4895,3.9848
4896,4.7472
4897,4.2201
4898,4.3122
4899,4.3594
4900,3.0397
4901,3.9925
4902,3.6411
4903,4.702
4904,4.8478
4905,5.186
4906,3.6632
4907,5.2367
4908,5.0742
4909,4.1273
4910,5.0996
4911,4.374
4912,4.4781
4913,5.0762
4914,4.7081
4915,4.6612
4916,3.6254
4917,4.9832
4918,3.9413
4919,4.9483
4920,4.934
4921,4.3055
4922,4.3076
4923,4.5348
4924,3.7674
4925,5.0224
4926,4.7257
4927,3.835
4928,4.8903
4929,4.67
4930,4.2467
4931,5.1431
4932,3.634
4933,3.8197
4934,4.1544
4935,4.6649
4936,4.5019
4937,4.8778
4938,4.6452
4939,4.8254
4940,4.2432
4941,4.2793
4942,4.5608
4943,4.7362
4944,3.3376
4945,3.4648
4946,3.8321
4947,3.4587
4948,3.0959
4949,3.2358
4950,3.3252
4951,3.7605
4952,4.5646
4953,4.2944
4954,3.4333
4955,4.4838
4956,3.9439
4957,3.9269
4958,2.9818
4959,4.134
4960,3.1484
4961,3.543
4962,3.807
4963,2.7898
4964,5.8296
4965,5.6406
4966,3.8291
4967,4.5899
4968,4.3638
4969,4.6261
4970,4.9563
4971,4.8475
4972,2.648
4973,4.0101
4974,4.6189
4975,3.7552
4976,3.9723
4977,4.5138
4978,4.2344
4979,4.2646
4980,2.9217
4981,2.6292
4982,3.5238
4983,4.1562
4984,2.6092
4985,4.2612
4986,5.1067
4987,2.7436
4988,4.4729
4989,4.4589
4990,2.8877
4991,4.3338
4992,4.4466
4993,1.8069
4994,5.0264
4995,5.013
4996,3.7814
4997,4.5524
4998,5.3836
4999,4.676
5000,2.9662
5001,3.3985
5002,2.9855
5003,4.9663
5004,4.86
5005,5.2926
5006,4.0355
5007,4.5674
5008,4.5462
5009,4.2822
5010,5.0298
5011,4.1865
5012,5.3496
5013,4.802
5014,3.9995
5015,4.2946
5016,4.6324
5017,4.3735
5018,4.2836
5019,4.2771
5020,4.4479
5021,4.8434
5022,4.2173
5023,3.2932
5024,4.1364
5025,4.4292
5026,3.7269
5027,4.9844
5028,3.0744
5029,4.3675
5030,2.6597
5031,4.6708
5032,4.2293
5033,4.9724
5034,5.0247
5035,4.5877
5036,4.6954
5037,3.9692
5038,4.8366
5039,4.6716
5040,4.7661
5041,3.7712
5042,3.9482
5043,3.3716
5044,4.014
5045,5.1661
5046,4.6589
5047,4.5584
5048,5.2732
5049,3.5863
5050,3.5527
5051,4.3474
5052,4.0083
5053,5.3333
5054,3.5891
5055,4.3997
5056,4.9749
5057,4.5337
5058,4.2337
5059,4.4946
5060,4.1409
5061,6.064
5062,4.968
5063,5.2124
5064,4.763
5065,5.0074
5066,5.7025
5067,5.4664
5068,5.1638
5069,4.8428
5070,3.8245
5071,5.8036
5072,4.5215
5073,3.8328
5074,4.2484
5075,3.4498
5076,5.0582
5077,4.6497
5078,4.2526
5079,2.3524
5080,2.7892
5081,5.0773
5082,2.7616
5083,2.7962
5084,4.5738
5085,4.4482
5086,5.3051
5087,3.1754
5088,2.6565
5089,4.2941
5090,3.0228
5091,3.7706
5092,3.0012
5093,5.267
5094,5.1847
5095,4.6855
5096,3.823
5097,2.2284
5098,4.3004
5099,3.8434
5100,3.806
5101,2.4153
5102,2.7485
5103,4.9798
5104,4.5761
5105,4.8273
5106,4.0895
5107,4.1374
5108,2.3379
5109,4.3812
5110,3.1203
5111,3.4612
5112,3.7125
5113,3.6562
5114,2.9318
5115,3.4891
5116,4.2357
5117,2.4262
5118,2.0767
5119,3.1884
5120,4.6969
5121,4.9495
5122,4.5006
5123,3.6543
5124,4.8073
5125,3.4817
5126,3.0352
5127,4.7062
5128,4.3435
5129,4.2566
5130,4.4285
5131,4.3444
5132,4.5546
5133,3.4455
5134,4.2319
5135,4.2746
5136,3.0675
5137,2.4993
5138,2.2982
5139,3.6872
5140,3.2583
5141,1.9593
5142,4.7532
5143,3.8194
5144,3.8989
5145,4.1252
5146,3.608
5147,3.419
5148,2.8875
5149,3.2263
5150,3.2275
5151,4.1559
5152,4.8374
5153,4.0584
5154,4.203
5155,4.3189
5156,3.461
5157,2.2253
5158,3.1351
5159,4.5723
5160,2.492
5161,4.7874
5162,4.6795
5163,2.969
5164,3.2075
5165,3.2066
5166,2.8906
5167,1.5705
5168,2.1484
5169,1.9423
5170,3.0902
5171,2.1892
5172,4.3935
5173,3.6043
5174,4.3124
5175,4.2589
5176,1.2755
5177,2.9252
5178,2.3998
5179,3.8897
5180,3.0383
5181,2.7584
5182,1.8639
5183,4.4358
5184,2.4337
5185,1.8263
5186,1.3335
5187,4.5115
5188,4.1313
5189,1.0456
5190,3.7951
5191,1.473
5192,3.7458
5193,3.6496
5194,3.9381
5195,4.5967
5196,3.1288
5197,2.9179
5198,2.5096
5199,3.4687
5200,3.1178
5201,4.2987
5202,3.3745
5203,3.0851
5204,3.1807
5205,5.1256
5206,4.1738
5207,4.3511
5208,2.2691
5209,4.2846
5210,2.6851
5211,1.8756
5212,2.5491
5213,3.1616
5214,2.6181
5215,4.3203
5216,4.6475
5217,4.0902
5218,3.8172
5219,4.1217
5220,4.3075
5221,3.5401
5222,4.0849
5223,4.2737
5224,3.6007
5225,3.3378
5226,4.6812
5227,3.1493
5228,3.0307
5229,3.2018
5230,3.2155
5231,3.402
5232,4.3375
5233,2.6034
5234,4.2485
5235,4.6777
5236,4.3992
5237,2.2521
5238,4.5223
5239,4.0757
5240,2.1994
5241,3.812
5242,3.0963
5243,4.9164
5244,2.0409
5245,3.3683
5246,3.7095
5247,2.2635
5248,4.6072
5249,1.8467
5250,5.009
5251,2.5856
5252,4.2724
5253,1.7223
5254,4.9781
5255,2.9322
5256,2.5324
5257,3.7709
5258,3.6619
5259,3.1616
5260,4.6082
5261,4.3959
5262,2.442
5263,2.0903
5264,4.5045
5265,4.4223
5266,4.7081
5267,3.5028
5268,4.0802
5269,3.2847
5270,4.9967
5271,4.354
5272,4.4167
5273,4.8095
5274,4.0101
5275,5.0284
5276,4.0817
5277,4.2343
5278,5.0874
5279,4.2658
5280,4.4321
5281,4.9677
5282,5.2667
5283,3.2365
5284,3.3373
5285,4.6845
5286,5.0189
5287,3.0643
5288,3.1794
5289,4.502
5290,3.3205
5291,4.1058
5292,4.3019
5293,4.0681
5294,4.917
5295,3.4961
5296,3.1559
5297,3.8024
5298,2.7602
5299,4.2637
5300,5.4602
5301,5.0603
5302,3.9031
5303,3.528
5304,4.9012
5305,4.8324
5306,4.0176
5307,2.8357
5308,3.9896
5309,3.1422
5310,5.0629
5311,2.4817
5312,2.2622
5313,2.3558
5314,5.0327
5315,3.578
5316,1.9433
5317,3.6591
5318,3.9053
5319,4.1502
5320,1.9883
5321,2.0585
5322,5.1921
5323,1.8319
5324,1.3138
5325,1.7433
5326,4.2189
5327,3.4874
5328,5.2629
5329,1.6892
5330,2.7579
5331,4.2467
5332,3.4392
5333,3.1404
5334,4.6283
5335,4.8078
5336,3.6583
5337,4.3527
5338,3.2402
5339,2.7303
5340,2.8291
5341,2.4515
5342,4.5288
5343,3.3754
5344,3.8998
5345,3.4976
5346,5.1836
5347,3.7596
5348,4.882
5349,5.1439
5350,4.9532
5351,2.7045
5352,4.271
5353,4.0894
5354,4.6588
5355,5.6434
5356,4.3701
5357,4.858
5358,2.5858
5359,2.4675
5360,4.752
5361,4.3927
5362,4.7669
5363,2.9307
5364,3.4206
5365,2.9253
5366,3.7436
5367,2.4476
5368,2.3841
5369,1.7979
5370,4.4024
5371,3.8764
5372,5.1769
5373,3.1013
5374,4.4597
5375,4.4875
5376,5.0141
5377,3.8897
5378,3.6921
5379,3.9291
5380,5.83
5381,4.777
5382,3.5907
5383,4.2876
5384,4.0888
5385,4.9699
5386,5.1562
5387,5.028
5388,4.6533
5389,3.7753
5390,4.6406
5391,5.3254
5392,5.3775
5393,5.3053
5394,5.3579
5395,5.0919
5396,2.8161
5397,3.8026
5398,4.712
5399,4.6809
5400,3.3945
5401,4.7923
5402,4.6099
5403,5.0418
5404,3.9917
5405,4.3816
5406,3.9566
5407,5.0978
5408,4.5866
5409,4.946
5410,4.558
5411,4.3082
5412,4.859
5413,3.2827
5414,4.3744
5415,5.3254
5416,4.6882
5417,5.1666
5418,5.3184
5419,4.8598
5420,5.1688
5421,4.8843
5422,4.5363
5423,5.4014
5424,3.3175
5425,4.7894
5426,4.5765
5427,4.423
5428,4.9665
5429,4.4559
5430,4.5947
5431,4.8046
5432,3.8119
5433,4.5107
5434,3.9862
5435,4.5729
5436,4.2284
5437,4.9922
5438,4.5194
5439,3.8913
5440,4.7573
5441,3.5294
5442,4.3601
5443,4.5796
5444,4.3231
5445,5.0861
5446,4.6569
5447,3.9262
5448,4.7231
5449,5.1697
5450,4.9504
5451,5.0031
5452,4.7365
5453,4.5982
5454,4.8485
5455,4.0666
5456,4.288
5457,2.2233
5458,3.5271
5459,3.7995
5460,5.4016
5461,4.0588
5462,4.6807
5463,4.3819
5464,4.4443
5465,5.2564
5466,5.332
5467,5.1331
5468,5.1432
5469,3.6606
5470,4.5238
5471,4.0945
5472,4.5655
5473,4.9593
5474,4.3173
5475,3.4027
5476,3.6855
5477,4.8722
5478,5.7295
5479,4.8836
5480,2.905
5481,4.0567
5482,1.9644
5483,4.8544
5484,3.8622
5485,3.777
5486,4.8066
5487,3.6327
5488,5.0396
5489,3.9016
5490,4.5816
5491,3.4285
5492,5.619
5493,4.4764
5494,4.7436
5495,3.9686
5496,4.5837
5497,4.1576
5498,5.5586
5499,5.0063
5500,5.2629
5501,5.6016
5502,4.7504
5503,5.2182
5504,5.2299
5505,4.1032
5506,4.5155
5507,5.4225
5508,4.8541
5509,3.06
5510,5.2408
5511,4.415
5512,3.9309
5513,5.0495
5514,4.0048
5515,4.299
5516,4.647
5517,4.6327
5518,4.9771
5519,4.5136
5520,4.1049
5521,5.1921
5522,4.7661
5523,3.3547
5524,3.6027
5525,4.8517
5526,5.2672
5527,5.0762
5528,4.962
5529,4.6275
5530,4.9012
5531,4.4159
5532,4.246
5533,3.4556
5534,4.9746
5535,4.995
5536,4.1313
5537,5.252
5538,3.4339
5539,4.1749
5540,4.2943
5541,2.7903
5542,5.1985
5543,4.8893
5544,4.4436
5545,3.9967
5546,4.9023
5547,4.6966
5548,4.8865
5549,5.305
5550,4.122
5551,4.4035
5552,4.9709
5553,4.2564
5554,4.8687
5555,4.616
5556,3.8538
5557,3.4246
5558,5.1671
5559,3.0524
5560,2.4443
5561,3.7188
5562,4.472
5563,5.1196
5564,4.9038
5565,5.2475
5566,4.5859
5567,4.3721
5568,2.3645
5569,5.3179
5570,4.9145
5571,4.5283
5572,4.6045
5573,2.4475
5574,4.2085
5575,2.615
5576,3.7316
5577,5.4793
5578,3.9156
5579,2.798
5580,4.659
5581,2.0642
5582,4.6503
5583,4.3651
5584,4.2572
5585,4.281
5586,1.3384
5587,1.9386
5588,5.0478
5589,5.6629
5590,3.0622
5591,5.1511
5592,5.1851
5593,2.9389
5594,4.3791
5595,4.0806
5596,4.6286
5597,4.643
5598,5.2373
5599,3.6089
5600,2.7465
5601,3.7336
5602,3.9472
5603,4.5476
5604,5.3931
5605,3.6715
5606,2.5352
5607,4.414
5608,4.0513
5609,2.5411
5610,4.6808
5611,4.2822
5612,5.1958
5613,4.4266
5614,4.4252
5615,3.2648
5616,4.9054
5617,4.3149
5618,5.2334
5619,4.8622
5620,5.1664
5621,5.259
5622,2.8196
5623,5.0139
5624,2.4195
5625,2.8769
5626,1.5521
5627,4.5677
5628,3.911
5629,4.6894
5630,5.0788
5631,4.1031
5632,4.7778
5633,3.7689
5634,4.7018
5635,4.7901
5636,5.015
5637,4.7422
5638,4.5065
5639,4.4276
5640,4.0541
5641,3.1594
5642,5.7143
5643,4.5907
5644,4.3761
5645,4.9494
5646,5.334
5647,4.4628
5648,2.427
5649,2.319
5650,4.4636
5651,4.0195
5652,5.1763
5653,4.5465
5654,4.0254
5655,5.0186
5656,3.3626
5657,4.8005
5658,4.5333
5659,4.6276
5660,5.0282
5661,4.5418
5662,5.0694
5663,4.6584
5664,4.7624
5665,4.8413
5666,3.6587
5667,2.3441
5668,4.4381
5669,4.1883
5670,4.4165
5671,3.8899
5672,4.6525
5673,4.4137
5674,4.6621
5675,5.0546
5676,4.4268
5677,4.683
5678,3.9533
5679,4.6802
5680,5.1037
5681,4.4662
5682,4.8272
5683,4.5201
5684,2.6134
5685,5.3591
5686,2.8446
5687,4.5225
5688,4.0056
5689,4.0268
5690,5.3152
5691,4.7978
5692,4.8331
5693,3.8351
5694,4.9709
5695,3.6809
5696,3.9532
5697,3.0909
5698,4.52
5699,4.2253
5700,4.8271
5701,4.3764
5702,4.7279
5703,3.8784
5704,4.2974
5705,3.9561
5706,5.0673
5707,4.6387
5708,5.0977
5709,4.7393
5710,3.1555
5711,3.6489
5712,3.7326
5713,4.6668
5714,3.2027
5715,3.9193
5716,3.2655
5717,3.5009
5718,5.6252
5719,3.2145
5720,3.637
5721,4.3432
5722,4.5188
5723,3.8535
5724,2.6327
5725,4.2216
5726,3.8434
5727,4.6437
5728,3.5353
5729,3.6597
5730,3.6014
5731,3.32
5732,3.7373
5733,4.2107
5734,4.6204
5735,5.0214
5736,3.4872
5737,4.8709
5738,4.5897
5739,3.4324
5740,5.9831
5741,4.6512
5742,5.0549
5743,4.6975
5744,4.7115
5745,4.8121
5746,5.1378
5747,4.403
5748,5.0285
5749,4.2856
5750,5.2528
5751,4.6185
5752,4.418
5753,5.2066
5754,2.5524
5755,4.1879
5756,4.7531
5757,3.6876
5758,3.8937
5759,5.0281
5760,4.0257
5761,4.4233
5762,3.3372
5763,4.6934
5764,4.5847
5765,4.4409
5766,3.7247
5767,4.2548
5768,4.6897
5769,4.3464
5770,2.5973
5771,3.1197
5772,5.0976
5773,4.1871
5774,4.6388
5775,3.7463
5776,4.6269
5777,3.8158
5778,3.9952
5779,3.8478
5780,4.9462
5781,4.8344
5782,5.1967
5783,3.9012
5784,2.7684
5785,4.1294
5786,2.4989
5787,4.437
5788,4.416
5789,3.2025
5790,4.8379
5791,3.851
5792,4.7595
5793,3.0134
5794,3.6312
5795,2.8204
5796,4.0048
5797,2.4923
5798,4.6013
5799,3.3537
5800,2.8941
5801,2.6828
5802,4.9908
5803,4.2304
5804,4.857
5805,1.963
5806,3.4546
5807,4.9346
5808,1.993
5809,3.932
5810,4.0807
5811,2.7786
5812,3.903
5813,2.9874
5814,3.9463
5815,3.1211
5816,2.5367
5817,4.8209
5818,2.2511
5819,4.1262
5820,3.8933
5821,4.0063
5822,4.9083
5823,2.8939
5824,3.5603
5825,4.6095
5826,3.0644
5827,3.3101
5828,3.5471
5829,4.7466
5830,2.7189
5831,4.4618
5832,3.29
5833,3.7957
5834,4.0139
5835,3.9103
5836,1.9621
5837,5.1272
5838,5.1708
5839,4.4249
5840,4.4792
5841,5.1561
5842,4.1882
5843,4.6284
5844,5.5138
5845,2.5365
5846,4.6544
5847,3.7773
5848,4.4449
5849,3.3455
5850,5.0767
5851,4.9586
5852,3.3525
5853,4.5355
5854,4.6118
5855,3.8047
5856,5.267
5857,5.1288
5858,5.2396
5859,3.1188
5860,3.7327
5861,5.0182
5862,4.9319
5863,5.1884
5864,5.4672
5865,3.1496
5866,4.9872
5867,3.84
5868,4.3299
5869,4.3082
5870,4.5679
5871,4.8358
5872,4.9026
5873,4.1528
5874,4.8587
5875,4.4446
5876,5.1009
5877,3.983
5878,2.7355
5879,1.8395
5880,4.3988
5881,4.41
5882,4.5159
5883,3.8115
5884,4.6058
5885,3.9348
5886,4.2315
5887,3.2625
5888,2.1052
5889,4.0291
5890,3.5763
5891,3.5585
5892,3.2752
5893,4.3162
5894,4.6907
5895,4.5455
5896,4.8246
5897,3.2201
5898,3.9095
5899,3.2708
5900,5.0743
5901,2.6612
5902,3.777
5903,4.2129
5904,4.461
5905,3.6822
5906,3.4652
5907,4.6758
5908,3.6101
5909,4.4544
5910,4.3686
5911,4.0502
5912,4.4287
5913,4.3884
5914,4.7652
5915,3.0373
5916,3.3638
5917,3.5263
5918,2.4937
5919,3.4988
5920,4.6401
5921,4.9512
5922,2.9608
5923,4.7418
5924,4.7276
5925,4.2356
5926,4.3459
5927,4.7983
5928,2.7182
5929,4.5332
5930,4.3245
5931,3.2906
5932,4.2045
5933,5.0712
5934,3.8551
5935,4.0057
5936,4.1282
5937,4.6155
5938,4.4425
5939,3.6662
5940,4.6977
5941,4.4954
5942,5.0092
5943,4.4414
5944,4.8244
5945,4.4391
5946,4.4178
5947,4.0697
5948,4.7841
5949,4.2904
5950,4.3427
5951,4.3337
5952,5.042
5953,4.2723
5954,4.0876
5955,4.6299
5956,4.4685
5957,5.1573
5958,4.4906
5959,3.4355
5960,4.5443
5961,3.8943
5962,4.0463
5963,3.794
5964,4.4797
5965,3.7061
5966,5.0519
5967,4.1544
5968,4.5413
5969,4.4331
5970,4.0438
5971,4.5308
5972,2.5721
5973,4.7742
5974,5.0305
5975,4.3516
5976,4.285
5977,4.0932
5978,3.8605
5979,3.4516
5980,4.1524
5981,4.8783
5982,2.6576
5983,3.6783
5984,4.6883
5985,4.3129
5986,3.8094
5987,3.9968
5988,4.9704
5989,3.1822
5990,4.2418
5991,4.9139
5992,4.3818
5993,5.3617
5994,4.8004
5995,3.2291
5996,4.3252
5997,4.011
5998,5.254
5999,4.5043
6000,4.3447
6001,3.9068
6002,4.6159
6003,3.8134
6004,2.8021
6005,5.0663
6006,4.0722
6007,3.7348
6008,5.2251
6009,4.7626
6010,4.8282
6011,4.1878
6012,5.612
6013,3.0934
6014,5.0487
6015,5.018
6016,5.1509
6017,4.8952
6018,3.0266
6019,4.2686
6020,4.7596
6021,4.5154
6022,2.4822
6023,3.5697
6024,4.1842
6025,4.6303
6026,4.9724
6027,4.0398
6028,4.8788
6029,5.5166
6030,4.3929
6031,3.5454
6032,2.861
6033,4.5006
6034,3.2286
6035,4.851
6036,4.6059
6037,4.2414
6038,4.7459
6039,3.8846
6040,3.9125
6041,4.2936
6042,2.9489
6043,5.1422
6044,4.5097
6045,4.3668
6046,4.7745
6047,4.7166
6048,4.7231
6049,4.7162
6050,5.0686
6051,4.6189
6052,4.9336
6053,4.281
6054,4.0341
6055,4.7426
6056,2.9352
6057,4.7481
6058,5.0225
6059,4.7867
6060,5.2465
6061,4.8795
6062,4.497
6063,4.555
6064,4.876
6065,3.6626
6066,4.036
6067,4.405
6068,4.8528
6069,5.0919
6070,4.9594
6071,4.4652
6072,5.7774
6073,4.2542
6074,5.0809
6075,4.7592
6076,5.0515
6077,4.8986
6078,4.8423
6079,3.6348
6080,3.4252
6081,4.2819
6082,4.0604
6083,3.1732
6084,5.4459
6085,5.0242
6086,5.053
6087,5.4252
6088,4.75
6089,4.9931
6090,4.5773
6091,3.0377
6092,4.8954
6093,4.6455
6094,4.9921
6095,3.3288
6096,4.0751
6097,4.9341
6098,4.6221
6099,4.9557
6100,4.3717
6101,4.5386
6102,5.1018
6103,4.21
6104,4.3253
6105,4.5693
6106,5.0241
6107,5.068
6108,4.7453
6109,4.7877
6110,4.6859
6111,4.4537
6112,4.0209
6113,5.21
6114,4.8334
6115,5.3032
6116,5.1812
6117,4.4099
6118,3.6567
6119,4.9827
6120,3.7928
6121,4.9037
6122,4.8479
6123,5.3897
6124,5.0597
6125,2.7829
6126,5.036
6127,4.7447
6128,3.7675
6129,4.4481
6130,5.0217
6131,4.6781
6132,4.4193
6133,4.331
6134,4.9544
6135,3.3066
6136,4.7746
6137,4.1493
6138,4.6957
6139,5.0904
6140,5.1096
6141,4.7589
6142,4.4913
6143,4.4003
6144,4.5974
6145,5.0112
6146,4.0531
6147,4.3633
6148,4.891
6149,4.2856
6150,4.9328
6151,5.0045
6152,4.7243
6153,4.5331
6154,4.6381
6155,3.9756
6156,5.1174
6157,4.2641
6158,4.0747
6159,5.041
6160,4.5867
6161,4.0444
6162,4.9578
6163,4.942
6164,4.8937
6165,3.7409
6166,4.7751
6167,4.4108
6168,3.4576
6169,4.9991
6170,5.0092
6171,4.7409
6172,5.3737
6173,4.7789
6174,5.0271
6175,5.0443
6176,4.6265
6177,3.6887
6178,4.94
6179,4.4588
6180,4.9242
6181,4.3759
6182,4.4446
6183,4.6876
6184,4.5842
6185,4.5728
6186,4.9794
6187,4.7408
6188,5.1689
6189,5.0623
6190,4.7313
6191,4.4471
6192,3.898
6193,4.4499
6194,5.0578
6195,4.9585
6196,5.1947
6197,4.4295
6198,4.2385
6199,3.8232
6200,2.4468
6201,4.1183
6202,3.8202
6203,2.255
6204,3.1189
6205,2.7349
6206,2.7568
6207,1.7828
6208,2.4678
6209,4.2692
6210,4.3025
6211,3.2733
6212,2.5252
6213,2.2278
6214,2.047
6215,4.9284
6216,1.6615
6217,2.9712
6218,4.8048
6219,4.1175
6220,4.5441
6221,2.9844
6222,3.1487
6223,4.5552
6224,4.3245
6225,3.8919
6226,4.2994
6227,2.6395
6228,3.8355
6229,4.5519
6230,3.062
6231,4.5028
6232,2.8335
6233,3.6214
6234,2.9876
6235,3.8463
6236,2.7263
6237,4.566
6238,2.9113
6239,3.672
6240,5.127
6241,4.1702
6242,4.3863
6243,4.4549
6244,2.4708
6245,2.0881
6246,3.872
6247,4.9662
6248,3.6745
6249,3.529
6250,4.0611
6251,3.2634
6252,4.9566
6253,4.0708
6254,2.9087
6255,2.8991
6256,4.0136
6257,3.3252
6258,4.5849
6259,4.2874
6260,4.7599
6261,4.602
6262,4.8254
6263,4.1488
6264,4.8725
6265,3.1206
6266,3.413
6267,2.5314
6268,3.6539
6269,3.8822
6270,4.7818
6271,4.1611
6272,2.1946
6273,3.3293
6274,1.586
6275,2.5349
6276,1.9745
6277,2.9742
6278,1.3605
6279,2.6126
6280,4.1693
6281,1.7242
6282,2.6205
6283,1.8099
6284,3.3693
6285,2.5509
6286,1.4051
6287,2.9822
6288,2.5312
6289,2.4418
6290,2.2933
6291,2.1303
6292,2.343
6293,3.3905
6294,3.1295
6295,2.4748
6296,2.7717
6297,3.4214
6298,1.4319
6299,1.2377
6300,1.0577
6301,1.6899
6302,2.5009
6303,1.6513
6304,2.343
6305,1.8602
6306,1.5373
6307,3.7822
6308,3.2588
6309,1.9935
6310,1.3857
6311,1.2758
6312,2.6664
6313,2.1123
6314,4.2519
6315,3.12
6316,3.7881
6317,3.7527
6318,3.1422
6319,1.4418
6320,1.4633
6321,1.231
6322,2.2981
6323,2.6477
6324,4.403
6325,2.0733
6326,3.4156
6327,1.6013
6328,2.4091
6329,1.6311
6330,0.9585
6331,3.9094
6332,1.7013
6333,1.3704
6334,5.3185
6335,1.9834
6336,2.2527
6337,3.1136
6338,5.0248
6339,4.6514
6340,3.5237
6341,3.0225
6342,4.1832
6343,3.8037
6344,2.031
6345,3.2242
6346,1.678
6347,3.7116
6348,1.8534
6349,4.5094
6350,3.2805
6351,2.9899
6352,2.4593
6353,1.691
6354,2.4375
6355,2.4263
6356,3.3796
6357,3.5309
6358,2.0005
6359,1.2509
6360,4.7178
6361,3.5612
6362,2.035
6363,1.4806
6364,4.3679
6365,2.314
6366,1.0293
6367,1.1387
6368,2.8876
6369,4.1152
6370,3.2624
6371,1.968
6372,2.0447
6373,4.9621
6374,1.5297
6375,1.3835
6376,1.7027
6377,4.6326
6378,2.1719
6379,2.7657
6380,4.2928
6381,3.9586
6382,4.2103
6383,2.5729
6384,1.593
6385,5.7398
6386,3.031
6387,2.8993
6388,4.0911
6389,5.4085
6390,5.112
6391,4.5137
6392,4.2278
6393,3.2784
6394,4.5492
6395,3.5864
6396,3.5759
6397,2.0078
6398,1.8225
6399,1.8676
6400,2.16
6401,1.7189
6402,1.799
6403,1.8814
6404,3.2894
6405,3.5477
6406,1.9391
6407,1.5301
6408,5.0754
6409,5.3573
6410,2.391
6411,1.4828
6412,4.2414
6413,1.996
6414,1.2658
6415,1.0768
6416,4.9111
6417,2.647
6418,4.4669
6419,4.2248
6420,5.0682
6421,4.3505
6422,2.9125
6423,2.476
6424,1.6032
6425,4.6229
6426,2.6953
6427,3.4101
6428,3.7073
6429,3.8996
6430,2.6524
6431,2.7041
6432,4.6232
6433,4.0109
6434,2.0936
6435,3.2361
6436,2.8986
6437,4.6267
6438,2.2231
6439,4.2203
6440,1.7877
6441,3.1016
6442,3.6847
6443,3.3413
6444,1.9764
6445,2.9077
6446,4.095
6447,2.7008
6448,1.888
6449,4.0554
6450,5.5633
6451,4.2099
6452,3.8526
6453,3.2201
6454,1.7143
6455,3.0526
6456,2.9948
6457,4.6732
6458,4.23
6459,2.7959
6460,4.7499
6461,2.3979
6462,2.9709
6463,2.959
6464,5.0132
6465,4.1396
6466,2.2276
6467,4.4681
6468,4.3108
6469,2.0815
6470,1.8854
6471,3.5768
6472,2.0011
6473,4.4083
6474,4.6113
6475,4.8626
6476,4.2745
6477,4.7234
6478,4.2126
6479,3.8368
6480,3.5449
6481,4.8945
6482,4.2821
6483,4.0367
6484,4.0117
6485,2.8234
6486,3.6854
6487,4.7593
6488,3.9333
6489,3.6289
6490,3.7047
6491,4.9168
6492,4.2445
6493,3.1629
6494,3.1997
6495,4.6341
6496,3.8848
6497,4.2952
6498,4.9847
6499,5.2611
6500,2.718
6501,4.5192
6502,4.3489
6503,4.3888
6504,3.9224
6505,3.6635
6506,3.7439
6507,3.5281
6508,3.2239
6509,4.1944
6510,4.7445
6511,3.0617
6512,4.5836
6513,5.0369
6514,4.2904
6515,4.8798
6516,5.164
6517,2.423
6518,4.5437
6519,4.8819
6520,4.9281
6521,4.9485
6522,4.7215
6523,4.6483
6524,5.0445
6525,4.2694
6526,4.1737
6527,4.6645
6528,4.3879
6529,4.7568
6530,3.9941
6531,4.1162
6532,3.3826
6533,4.8104
6534,2.9394
6535,1.9147
6536,2.0354
6537,1.8532
6538,3.0325
6539,2.5491
6540,2.8976
6541,2.5457
6542,2.7856
6543,1.5734
6544,3.0479
6545,1.4883
6546,1.7894
6547,4.839
6548,3.7164
6549,2.3833
6550,2.3288
6551,1.9394
6552,1.9728
6553,2.6223
6554,1.4782
6555,3.4525
6556,2.2519
6557,1.4109
6558,1.4644
6559,3.227
6560,1.5736
6561,1.9317
6562,4.5701
6563,4.9881
6564,5.3854
6565,4.8174
6566,4.5934
6567,5.0953
6568,4.4946
6569,3.4734
6570,3.9034
6571,4.0846
6572,2.6297
6573,4.1123
6574,4.1326
6575,4.2143
6576,4.248
6577,4.3759
6578,4.7761
6579,5.4034
6580,3.1132
6581,3.5753
6582,3.8077
6583,4.1634
6584,4.0342
6585,3.7704
6586,3.1594
6587,4.2062
6588,4.385
6589,4.3917
6590,4.3521
6591,4.2495
6592,1.8352
6593,3.616
6594,4.3299
6595,4.8961
6596,2.2952
6597,2.9833
6598,3.1768
6599,3.3602
6600,3.4672
6601,5.0901
6602,5.1224
6603,3.8466
6604,2.8995
6605,3.1484
6606,5.1325
6607,3.9488
6608,3.6173
6609,4.5802
6610,2.3271
6611,4.1617
6612,4.2111
6613,2.0375
6614,2.4865
6615,4.5341
6616,2.2743
6617,5.186
6618,5.3234
6619,1.7517
6620,5.2488
6621,4.6256
6622,4.781
6623,2.2944
6624,5.0025
6625,4.4861
6626,2.2451
6627,1.5853
6628,4.7438
6629,3.4495
6630,3.8988
6631,3.6688
6632,3.6869
6633,3.2181
6634,3.3493
6635,4.0178
6636,2.5746
6637,2.8183
6638,3.081
6639,5.0135
6640,4.8156
6641,4.694
6642,4.6244
6643,3.417
6644,5.0244
6645,1.7503
6646,3.7957
6647,1.8036
6648,4.9355
6649,5.0941
6650,2.7502
6651,2.7472
6652,4.9539
6653,4.1311
6654,2.2346
6655,5.0944
6656,5.4183
6657,4.5878
6658,3.475
6659,5.3691
6660,4.5806
6661,3.8384
6662,3.5984
6663,5.1511
6664,1.7723
6665,2.5728
6666,3.0779
6667,4.6601
6668,5.7334
6669,5.1897
6670,4.6745
6671,3.1243
6672,2.4943
6673,5.0527
6674,4.9947
6675,4.7921
6676,4.2545
6677,4.1046
6678,1.8013
6679,2.5406
6680,3.1879
6681,4.5294
6682,5.06
6683,3.4284
6684,4.9638
6685,4.3832
6686,4.5503
6687,4.2999
6688,1.7088
6689,4.9128
6690,2.2422
6691,2.1815
6692,2.6188
6693,4.8683
6694,3.5737
6695,4.7454
6696,4.1845
6697,3.2917
6698,4.3768
6699,2.4364
6700,3.2749
6701,2.2475
6702,4.9199
6703,4.0112
6704,4.9708
6705,4.2902
6706,4.1413
6707,2.5259
6708,1.7283
6709,3.1446
6710,1.7271
6711,1.9369
6712,1.4068
6713,2.5261
6714,3.8351
6715,4.5378
6716,0.8745
6717,3.5272
6718,2.3264
6719,5.3021
6720,2.4762
6721,2.6725
6722,2.6547
6723,1.3012
6724,3.1074
6725,2.6198
6726,1.7345
6727,1.4306
6728,5.059
6729,4.4434
6730,3.89
6731,4.659
6732,4.4117
6733,3.7068
6734,4.0375
6735,4.8268
6736,4.1065
6737,4.235
6738,2.2889
6739,4.459
6740,4.7535
6741,5.7113
6742,4.6036
6743,4.4314
6744,4.5608
6745,5.0884
6746,4.2088
6747,4.7219
6748,4.3693
6749,3.3695
6750,3.3665
6751,4.6733
6752,4.6752
6753,4.953
6754,5.1333
6755,4.3802
6756,4.3938
6757,4.619
6758,3.4433
6759,5.2633
6760,4.5205
6761,5.1429
6762,4.5982
6763,4.432
6764,3.9283
6765,5.3258
6766,5.557
6767,3.3524
6768,4.1025
6769,4.2309
6770,4.4589
6771,4.9012
6772,4.3207
6773,3.9219
6774,3.21
6775,4.6227
6776,4.5976
6777,2.7737
6778,4.1993
6779,5.3072
6780,4.929
6781,4.446
6782,4.8471
6783,3.8984
6784,2.8677
6785,3.2764
6786,4.1984
6787,4.2368
6788,3.7632
6789,3.0648
6790,3.6153
6791,4.7273
6792,4.9082
6793,4.1746
6794,2.468
6795,4.3836
6796,3.2646
6797,4.4379
6798,3.7914
6799,2.6433
6800,4.7234
6801,4.897
6802,5.0774
6803,5.0146
6804,3.0771
6805,2.7499
6806,4.2661
6807,2.9089
6808,3.9471
6809,4.8311
6810,4.2458
6811,2.8015
6812,4.5384
6813,4.4834
6814,4.761
6815,4.1032
6816,5.2285
6817,3.4857
6818,4.3056
6819,2.9588
6820,4.8772
6821,5.1712
6822,5.2225
6823,4.4957
6824,4.8787
6825,4.9835
6826,4.9577
6827,2.8618
6828,4.7484
6829,4.4199
6830,3.8463
6831,4.5612
6832,4.3838
6833,2.9981
6834,5.1953
6835,4.9669
6836,4.6911
6837,4.4138
6838,2.5617
6839,3.7306
6840,3.3737
6841,4.0666
6842,5.7207
6843,4.1395
6844,4.3274
6845,4.7466
6846,4.1467
6847,4.7952
6848,4.9476
6849,4.4083
6850,5.2552
6851,2.8708
6852,4.4141
6853,4.4083
6854,4.0699
6855,4.9115
6856,4.6964
6857,4.7176
6858,4.2641
6859,4.6006
6860,4.4581
6861,3.9243
6862,5.3288
6863,3.6061
6864,4.6519
6865,3.3393
6866,4.7028
6867,4.4066
6868,4.4346
6869,4.1704
6870,3.1044
6871,4.1558
6872,4.6418
6873,4.3371
6874,4.0614
6875,4.6592
6876,4.7671
6877,4.0588
6878,4.0191
6879,4.6179
6880,4.4652
6881,3.5191
6882,3.3833
6883,4.382
6884,5.1855
6885,4.9486
6886,4.7636
6887,4.7145
6888,4.547
6889,4.6597
6890,4.0425
6891,3.8076
6892,5.5049
6893,4.6772
6894,4.8231
6895,4.8644
6896,4.554
6897,5.512
6898,4.4399
6899,4.0799
6900,4.2037
6901,4.7489
6902,4.1961
6903,4.3524
6904,4.0211
6905,4.8676
6906,4.5801
6907,4.7864
6908,4.8207
6909,5.4294
6910,5.344
6911,4.05
6912,3.7922
6913,4.2022
6914,4.468
6915,4.4761
6916,3.849
6917,4.1305
6918,5.0183
6919,4.638
6920,4.6981
6921,4.3109
6922,3.9825
6923,3.4578
6924,3.7552
6925,4.8444
6926,4.3917
6927,5.0099
6928,5.0591
6929,4.5434
6930,5.6656
6931,3.3528
6932,4.8939
6933,4.3251
6934,4.6277
6935,4.835
6936,4.5905
6937,3.9367
6938,4.262
6939,4.2881
6940,3.8179
6941,4.2556
6942,4.3546
6943,4.7815
6944,3.6684
6945,4.4349
6946,4.1423
6947,4.7167
6948,4.9367
6949,3.9084
6950,3.5178
6951,4.5739
6952,4.0546
6953,4.3737
6954,4.8462
6955,3.6993
6956,4.6763
6957,4.771
6958,3.7645
6959,4.1964
6960,5.2466
6961,4.911
6962,3.2266
6963,4.6818
6964,4.9462
6965,4.8215
6966,4.2595
6967,4.3309
6968,4.8757
6969,4.7937
6970,4.735
6971,3.4524
6972,4.3156
6973,4.7486
6974,4.4505
6975,4.8593
6976,4.9621
6977,3.5609
6978,3.9558
6979,4.659
6980,4.7221
6981,4.1036
6982,4.3785
6983,4.2684
6984,3.1353
6985,3.7023
6986,5.0609
6987,5.1213
6988,4.8813
6989,5.5797
6990,5.2821
6991,4.5721
6992,5.1326
6993,4.9348
6994,4.1635
6995,4.3338
6996,5.2408
6997,4.0993
6998,4.3457
6999,4.8787
7000,4.7473
7001,4.8259
7002,4.5474
7003,4.8021
7004,4.8896
7005,5.3713
7006,4.6632
7007,4.739
7008,5.1654
7009,5.2885
7010,4.7667
7011,5.0133
7012,4.3062
7013,3.9322
7014,5.246
7015,4.7798
7016,4.9229
7017,4.2104
7018,4.5464
7019,4.9102
7020,4.7911
7021,4.1643
7022,4.6128
7023,6.183
7024,4.473
7025,5.014
7026,3.4635
7027,5.0718
7028,5.101
7029,5.083
7030,4.0147
7031,4.626
7032,4.7417
7033,3.4965
7034,4.9749
7035,3.5726
7036,4.9609
7037,5.1831
7038,4.4772
7039,5.0138
7040,4.7698
7041,5.3473
7042,4.6876
7043,4.753
7044,4.2516
7045,4.5966
7046,3.6031
7047,4.6154
7048,4.8028
7049,4.9237
7050,4.0519
7051,4.9612
7052,2.73
7053,4.4057
7054,4.8767
7055,4.73
7056,4.4804
7057,4.3886
7058,4.5377
7059,4.7369
7060,5.0953
7061,4.2866
7062,4.4632
7063,4.64
7064,3.5725
7065,3.9869
7066,5.0567
7067,4.9213
7068,4.1612
7069,2.8665
7070,5.031
7071,4.9508
7072,4.8936
7073,4.0475
7074,5.1104
7075,4.5872
7076,4.706
7077,5.1673
7078,4.7048
7079,5.0643
7080,4.6959
7081,4.5562
7082,4.0416
7083,4.9023
7084,4.3065
7085,4.644
7086,4.4883
7087,3.1954
7088,2.1457
7089,4.0627
7090,4.4204
7091,2.726
7092,3.866
7093,4.3087
7094,4.3819
7095,4.9024
7096,5.5531
7097,5.1613
7098,4.7828
7099,4.8624
7100,3.8087
7101,4.487
7102,4.0218
7103,3.9644
7104,4.3762
7105,5.1482
7106,4.5419
7107,3.3446
7108,4.7745
7109,4.6617
7110,5.139
7111,4.8058
7112,4.5965
7113,4.8597
7114,4.9341
7115,4.0032
7116,4.8837
7117,4.9721
7118,5.2468
7119,4.5525
7120,5.0224
7121,4.9084
7122,4.3916
7123,3.9129
7124,4.9513
7125,3.3914
7126,4.5972
7127,4.2056
7128,3.7329
7129,3.9628
7130,2.813
7131,4.2435
7132,4.5378
7133,5.0661
7134,5.3246
7135,3.2763
7136,5.0858
7137,4.2828
7138,3.4648
7139,4.2992
7140,4.4318
7141,4.7312
7142,4.2571
7143,4.6651
7144,3.6912
7145,4.6358
7146,2.1805
7147,3.4121
7148,4.7981
7149,4.9383
7150,3.0369
7151,4.8506
7152,4.8254
7153,4.0408
7154,5.0843
7155,2.9322
7156,3.2147
7157,4.4914
7158,4.8905
7159,4.141
7160,4.6215
7161,4.6247
7162,3.8689
7163,5.2849
7164,4.4476
7165,3.9512
7166,3.982
7167,4.8987
7168,4.9285
7169,4.1272
7170,3.1801
7171,3.6622
7172,4.6872
7173,4.4709
7174,4.3881
7175,3.6781
7176,5.0396
7177,4.0712
7178,4.5817
7179,4.9279
7180,5.1164
7181,3.5926
7182,5.0663
7183,4.6243
7184,4.9688
7185,4.8233
7186,4.8047
7187,4.2702
7188,2.7111
7189,4.6992
7190,5.2717
7191,5.1582
7192,5.1017
7193,4.8402
7194,4.1518
7195,5.4698
7196,4.8115
7197,4.9381
7198,4.95
7199,3.5347
7200,3.9265
7201,3.5864
7202,4.7295
7203,4.0346
7204,4.8838
7205,4.3834
7206,4.734
7207,4.8233
7208,4.5503
7209,4.3451
7210,4.7809
7211,4.4041
7212,3.8889
7213,4.7754
7214,2.8337
7215,4.7646
7216,5.2826
7217,4.151
7218,4.357
7219,4.291
7220,4.1895
7221,5.482
7222,5.0486
7223,5.2623
7224,4.9129
7225,4.6369
7226,4.5106
7227,3.9746
7228,4.0554
7229,4.5748
7230,5.0036
7231,4.8688
7232,4.6513
7233,4.5402
7234,4.8405
7235,4.2367
7236,3.1019
7237,4.5557
7238,3.4045
7239,4.3195
7240,4.6494
7241,4.4396
7242,4.5888
7243,4.0357
7244,4.151
7245,3.9839
7246,5.1305
7247,4.4222
7248,4.4271
7249,4.2475
7250,4.6636
7251,4.8529
7252,4.1322
7253,4.439
7254,4.4282
7255,4.5284
7256,5.1958
7257,4.5511
7258,4.6436
7259,4.8371
7260,4.84
7261,4.1945
7262,4.8821
7263,5.2612
7264,4.994
7265,4.3887
7266,4.8823
7267,5.0554
7268,4.5615
7269,4.7723
7270,4.8425
7271,4.3445
7272,5.0869
7273,4.898
7274,5.2674
7275,5.343
7276,5.6742
7277,4.8712
7278,5.2254
7279,5.1092
7280,5.1471
7281,4.7394
7282,4.4657
7283,5.0755
7284,5.4215
7285,4.6801
7286,4.8548
7287,4.4943
7288,4.8112
7289,3.8561
7290,4.6835
7291,4.3909
7292,4.2411
7293,4.8299
7294,4.6191
7295,4.9204
7296,4.2316
7297,4.6632
7298,4.7856
7299,4.1323
7300,4.8077
7301,4.4996
7302,4.5121
7303,4.7526
7304,4.9638
7305,4.8146
7306,4.627
7307,4.9161
7308,4.4863
7309,4.5222
7310,4.9618
7311,5.014
7312,4.5121
7313,4.5876
7314,4.8034
7315,4.3456
7316,4.882
7317,5.265
7318,4.6967
7319,4.3668
7320,5.275
7321,4.8772
7322,4.8242
7323,5.0691
7324,4.5432
7325,4.7341
7326,4.6263
7327,4.9862
7328,4.578
7329,4.4556
7330,4.1884
7331,4.988
7332,4.3742
7333,4.8222
7334,5.4858
7335,4.9298
7336,4.8988
7337,5.5564
7338,4.7028
7339,4.3286
7340,5.5528
7341,4.5228
7342,5.5029
7343,5.2525
7344,5.3784
7345,4.4433
7346,5.5586
7347,5.2309
7348,5.0013
7349,5.4062
7350,3.4511
7351,4.6446
7352,5.2221
7353,4.279
7354,4.9212
7355,5.0338
7356,5.3813
7357,4.4795
7358,4.7566
7359,5.2885
7360,5.4093
7361,4.8194
7362,4.8392
7363,5.3042
7364,5.2999
7365,4.7854
7366,4.2815
7367,5.4041
7368,4.4605
7369,4.6474
7370,5.4015
7371,5.141
7372,5.0544
7373,4.9514
7374,4.434
7375,4.799
7376,4.9344
7377,4.9612
7378,4.6466
7379,2.9819
7380,4.4804
7381,4.6025
7382,3.9276
7383,3.475
7384,3.2123
7385,4.2296
7386,4.5264
7387,5.201
7388,4.8333
7389,4.8977
7390,4.3465
7391,3.6161
7392,3.2518
7393,2.2404
7394,4.5094
7395,5.1316
7396,4.8615
7397,5.3136
7398,5.17
7399,4.7744
7400,5.1647
7401,5.1763
7402,3.7736
7403,4.5721
7404,3.4881
7405,3.6614
7406,4.9325
7407,3.386
7408,4.6713
7409,3.66
7410,3.2765
7411,4.4896
7412,3.9095
7413,4.7097
7414,5.5731
7415,5.0434
7416,5.5925
7417,4.4979
7418,4.3311
7419,4.4426
7420,4.0244
7421,3.7809
7422,4.64
7423,4.7175
7424,5.0736
7425,4.7053
7426,4.2555
7427,3.3753
7428,5.2878
7429,5.1097
7430,2.813
7431,4.9155
7432,3.4474
7433,3.686
7434,5.1561
7435,3.8278
7436,4.3293
7437,4.9438
7438,3.5386
7439,4.7712
7440,4.1673
7441,5.2754
7442,4.3503
7443,4.3082
7444,4.2759
7445,4.3272
7446,5.2318
7447,4.306
7448,5.1583
7449,3.9384
7450,4.6244
7451,3.6631
7452,4.0341
7453,2.9575
7454,3.0911
7455,4.4026
7456,2.8667
7457,4.26
7458,4.6979
7459,4.6741
7460,4.7585
7461,3.2667
7462,4.048
7463,3.4276
7464,4.2914
7465,4.8774
7466,5.1258
7467,4.6361
7468,2.8853
7469,3.5085
7470,4.2265
7471,4.7486
7472,4.7552
7473,3.5795
7474,2.7718
7475,3.7558
7476,3.8164
7477,3.002
7478,3.8714
7479,3.174
7480,4.2701
7481,3.6254
7482,3.3661
7483,4.2998
7484,3.5231
7485,3.9544
7486,4.404
7487,4.6088
7488,4.5132
7489,2.8749
7490,3.6899
7491,2.9068
7492,2.713
7493,3.9005
7494,2.5355
7495,4.027
7496,2.9018
7497,4.8194
7498,3.693
7499,2.2823
7500,2.241
7501,3.483
7502,2.435
7503,1.851
7504,5.0582
7505,2.6212
7506,4.1928
7507,4.0751
7508,2.2441
7509,4.0841
7510,3.0781
7511,3.2255
7512,4.2689
7513,4.7471
7514,2.6565
7515,1.612
7516,2.2503
7517,5.3176
7518,3.3322
7519,3.7497
7520,2.4945
7521,4.2804
7522,3.9937
7523,4.7816
7524,2.6025
7525,4.3494
7526,4.5187
7527,2.9836
7528,1.8054
7529,2.083
7530,2.9255
7531,3.5086
7532,2.5696
7533,2.2156
7534,4.0006
7535,4.3225
7536,2.3687
7537,4.4272
7538,2.7272
7539,1.4173
7540,3.3199
7541,3.75
7542,3.8022
7543,3.6286
7544,4.808
7545,2.8347
7546,4.6979
7547,4.5811
7548,3.3519
7549,3.4052
7550,5.0723
7551,5.1362
7552,4.7727
7553,3.2371
7554,2.7306
7555,2.7932
7556,1.6907
7557,4.3177
7558,4.6755
7559,4.0815
7560,3.7444
7561,4.7492
7562,4.2153
7563,4.0946
7564,5.0217
7565,3.1954
7566,5.0064
7567,2.2583
7568,3.3966
7569,4.7696
7570,4.2047
7571,4.3662
7572,3.9677
7573,4.5871
7574,2.2102
7575,4.1893
7576,5.5349
7577,4.7439
7578,4.1794
7579,3.2542
7580,4.423
7581,4.0376
7582,2.4378
7583,3.4304
7584,3.2514
7585,3.2994
7586,4.2207
7587,3.963
7588,4.1224
7589,2.7263
7590,3.1887
7591,2.9719
7592,2.6588
7593,4.8009
7594,2.8868
7595,2.0432
7596,3.0063
7597,5.2035
7598,3.1877
7599,4.4494
7600,4.5911
7601,3.6361
7602,4.7197
7603,2.8339
7604,3.8332
7605,3.358
7606,3.4915
7607,2.6357
7608,1.8139
7609,2.3858
7610,4.9985
7611,4.4294
7612,5.104
7613,4.4138
7614,2.8949
7615,4.4867
7616,3.8966
7617,3.7455
7618,2.413
7619,4.656
7620,4.8484
7621,3.8585
7622,3.1646
7623,3.5252
7624,3.2517
7625,3.8782
7626,4.2932
7627,2.9063
7628,3.0128
7629,3.0585
7630,3.5511
7631,5.02
7632,4.3983
7633,3.3167
7634,2.6232
7635,2.976
7636,3.4021
7637,4.3646
7638,5.3442
7639,4.6225
7640,2.8453
7641,3.6747
7642,4.5726
7643,2.7607
7644,3.3763
7645,3.5947
7646,4.7982
7647,4.9119
7648,4.5626
7649,4.7091
7650,5.3234
7651,3.3119
7652,3.0631
7653,4.2379
7654,4.1832
7655,5.2731
7656,3.849
7657,4.5354
7658,4.8158
7659,3.7698
7660,5.1004
7661,3.0474
7662,4.019
7663,4.0957
7664,4.2089
7665,4.7941
7666,2.3132
7667,4.0169
7668,4.0257
7669,4.2874
7670,3.5607
7671,2.3354
7672,5.1107
7673,3.5258
7674,2.8591
7675,4.7347
7676,4.4234
7677,3.5946
7678,3.9527
7679,4.2497
7680,2.2135
7681,3.8472
7682,2.8752
7683,3.3784
7684,4.6148
7685,4.7729
7686,3.4936
7687,3.8872
7688,3.3787
7689,4.0985
7690,3.6151
7691,4.96
7692,3.2365
7693,4.6763
7694,3.2371
7695,2.8506
7696,2.6185
7697,3.701
7698,4.7969
7699,1.8032
7700,2.8445
7701,1.761
7702,3.3427
7703,4.4564
7704,4.8623
7705,3.3384
7706,4.015
7707,2.4468
7708,4.5537
7709,5.2297
7710,4.1822
7711,3.0375
7712,3.753
7713,2.036
7714,5.3395
7715,2.7375
7716,2.3101
7717,4.4667
7718,4.2214
7719,3.3093
7720,5.2312
7721,5.289
7722,3.4313
7723,3.8768
7724,4.5162
7725,4.2466
7726,3.1196
7727,5.1873
7728,3.8835
7729,5.0498
7730,2.7401
7731,3.2474
7732,4.9092
7733,3.5411
7734,5.0267
7735,4.329
7736,2.7327
7737,2.2524
7738,2.3965
7739,2.7866
7740,4.327
7741,5.0908
7742,4.7173
7743,4.2215
7744,4.3288
7745,3.5186
7746,4.3769
7747,3.9625
7748,4.2017
7749,4.2723
7750,4.8868
7751,4.392
7752,4.7899
7753,4.9987
7754,3.2014
7755,2.0959
7756,4.165
7757,2.969
7758,5.4829
7759,4.6999
7760,2.9966
7761,2.5597
7762,4.2751
7763,4.0541
7764,4.3299
7765,3.5289
7766,4.4325
7767,4.3605
7768,3.4012
7769,5.0417
7770,3.7205
7771,4.2092
7772,4.4926
7773,4.4356
7774,2.2571
7775,2.0523
7776,2.3489
7777,3.5735
7778,3.6491
7779,3.9632
7780,3.0977
7781,4.6037
7782,5.3741
7783,4.8793
7784,4.5047
7785,4.0944
7786,4.253
7787,4.6108
7788,5.0242
7789,4.739
7790,4.1311
7791,4.707
7792,4.013
7793,4.7682
7794,3.9706
7795,5.2961
7796,2.9954
7797,4.3181
7798,3.3593
7799,5.034
7800,1.9535
7801,4.3359
7802,4.6863
7803,4.2611
7804,3.7539
7805,3.9631
7806,4.4766
7807,4.2881
7808,3.6472
7809,4.4204
7810,4.5847
7811,5.1342
7812,4.533
7813,5.0919
7814,2.3356
7815,3.0145
7816,4.5634
7817,4.3206
7818,3.2808
7819,5.3615
7820,2.4769
7821,5.008
7822,3.6492
7823,2.7873
7824,4.7103
7825,4.4601
7826,1.9642
7827,4.2153
7828,4.0342
7829,4.7555
7830,2.7082
7831,2.8507
7832,3.5241
7833,3.895
7834,4.3105
7835,2.8001
7836,3.2932
7837,4.6935
7838,4.3914
7839,4.9316
7840,2.1588
7841,4.9411
7842,4.7059
7843,4.1914
7844,2.5637
7845,2.6022
7846,3.6119
7847,4.4025
7848,4.8616
7849,3.4415
7850,4.6532
7851,4.0343
7852,5.1071
7853,4.8427
7854,4.0803
7855,5.4379
7856,4.9026
7857,2.8787
7858,5.0884
7859,2.8381
7860,4.9927
7861,2.9615
7862,3.6354
7863,4.6764
7864,4.7803
7865,4.0891
7866,3.58
7867,4.5997
7868,4.7787
7869,3.1679
7870,5.5529
7871,2.6651
7872,3.1297
7873,3.6792
7874,4.7163
7875,4.47
7876,4.8941
7877,5.1425
7878,2.5188
7879,1.8907
7880,2.8486
7881,4.5634
7882,3.0518
7883,3.346
7884,5.3712
7885,3.0899
7886,3.9631
7887,5.2055
7888,4.8551
7889,4.51
7890,4.3634
7891,3.8531
7892,3.6436
7893,4.132
7894,4.4254
7895,4.7819
7896,5.1281
7897,4.3379
7898,4.1163
7899,3.7583
7900,5.1006
7901,4.8248
7902,4.4962
7903,4.0764
7904,2.6677
7905,5.4239
7906,4.6073
7907,4.3311
7908,4.7705
7909,4.3938
7910,4.2012
7911,4.2951
7912,4.7856
7913,2.7432
7914,4.7159
7915,4.5654
7916,5.0216
7917,4.6722
7918,4.2766
7919,2.5671
7920,4.0706
7921,4.9269
7922,3.8085
7923,4.5691
7924,4.2221
7925,5.2882
7926,4.7625
7927,4.8549
7928,4.6276
7929,4.7072
7930,4.9075
7931,5.1269
7932,4.9493
7933,3.6512
7934,5.1153
7935,4.5939
7936,4.8865
7937,4.5915
7938,5.012
7939,4.945
7940,5.2478
7941,4.7139
7942,5.2693
7943,5.056
7944,4.5603
7945,4.654
7946,5.3014
7947,3.918
7948,4.0293
7949,3.568
7950,3.8445
7951,3.3466
7952,4.731
7953,4.9987
7954,4.4108
7955,5.2501
7956,4.7696
7957,3.8871
7958,2.9788
7959,4.858
7960,3.8454
7961,4.8649
7962,4.8042
7963,4.0678
7964,4.8167
7965,5.2273
7966,4.6983
7967,4.7155
7968,4.3161
7969,3.2581
7970,4.7889
7971,4.9148
7972,4.7134
7973,2.6414
7974,4.1976
7975,4.9593
7976,4.3894
7977,4.7229
7978,5.4296
7979,4.8325
7980,4.6424
7981,4.041
7982,2.66
7983,4.9117
7984,4.545
7985,3.7475
7986,4.457
7987,4.413
7988,4.9802
7989,4.3403
7990,3.8713
7991,4.5071
7992,4.0825
7993,4.5969
7994,3.8167
7995,5.0991
7996,4.0156
7997,3.9347
7998,5.1286
7999,4.3466
8000,4.6235
8001,4.7762
8002,4.9147
8003,4.7935
8004,4.9676
8005,3.3753
8006,3.6232
8007,4.5128
8008,4.5733
8009,4.4398
8010,3.9129
8011,4.4726
8012,4.1467
8013,2.8498
8014,4.6148
8015,4.2775
8016,2.9065
8017,4.7299
8018,2.3896
8019,2.3075
8020,4.0791
8021,3.9441
8022,4.9802
8023,3.4673
8024,3.8532
8025,2.8214
8026,3.7234
8027,4.4894
8028,4.5354
8029,4.0037
8030,3.7353
8031,4.7259
8032,3.2752
8033,4.8057
8034,3.5171
8035,4.0189
8036,3.9161
8037,4.9544
8038,3.6681
8039,3.8403
8040,4.4731
8041,3.6437
8042,4.8276
8043,4.7325
8044,2.928
8045,4.5623
8046,2.7976
8047,4.7957
8048,2.6821
8049,4.2419
8050,4.255
8051,3.3895
8052,4.007
8053,3.1636
8054,5.2093
8055,2.7301
8056,4.6411
8057,4.8147
8058,4.7121
8059,4.2055
8060,3.8746
8061,4.9536
8062,4.6084
8063,2.818
8064,2.9232
8065,4.2016
8066,4.4586
8067,3.764
8068,3.7844
8069,2.9194
8070,4.2955
8071,4.8681
8072,3.5636
8073,4.9487
8074,4.4605
8075,4.963
8076,2.6114
8077,4.2837
8078,3.2797
8079,3.7442
8080,2.8252
8081,5.3626
8082,4.3007
8083,4.2692
8084,4.3992
8085,4.8735
8086,4.5326
8087,4.3926
8088,3.6552
8089,4.6646
8090,2.8976
8091,4.6523
8092,4.1607
8093,5.1531
8094,4.2944
8095,5.0177
8096,4.6903
8097,4.0633
8098,3.467
8099,4.448
8100,4.3329
8101,3.8359
8102,4.8222
8103,4.7187
8104,3.9722
8105,4.9269
8106,3.3879
8107,3.2861
8108,5.1068
8109,4.5861
8110,3.3809
8111,4.6527
8112,4.9294
8113,4.2735
8114,4.3166
8115,4.9347
8116,5.2463
8117,4.6401
8118,2.6677
8119,4.3613
8120,4.4152
8121,3.2681
8122,3.0629
8123,4.3795
8124,3.8583
8125,4.5889
8126,3.3922
8127,4.4451
8128,3.2663
8129,4.6902
8130,3.5963
8131,3.3921
8132,2.929
8133,5.1059
8134,4.7111
8135,3.1558
8136,3.8018
8137,4.8899
8138,4.0704
8139,4.4965
8140,4.7354
8141,3.8304
8142,4.5175
8143,3.3433
8144,3.8644
8145,2.2788
8146,3.6515
8147,3.0977
8148,5.1174
8149,5.1489
8150,4.4333
8151,5.0812
8152,4.4195
8153,2.791
8154,4.8515
8155,4.019
8156,4.1836
8157,4.284
8158,2.9029
8159,3.6546
8160,4.1124
8161,4.6967
8162,3.1541
8163,4.3191
8164,4.534
8165,4.8358
8166,4.9222
8167,4.6918
8168,4.7908
8169,4.5992
8170,4.7749
8171,4.2214
8172,3.6195
8173,5.1334
8174,3.5976
8175,4.0978
8176,5.4418
8177,4.3036
8178,5.2379
8179,4.519
8180,4.7729
8181,4.2389
8182,5.0776
8183,4.1057
8184,3.3186
8185,1.7957
8186,3.6517
8187,2.9903
8188,2.6252
8189,3.1299
8190,3.2431
8191,3.2688
8192,1.1836
8193,1.3797
8194,2.5578
8195,2.9854
8196,1.0442
8197,2.5388
8198,1.3343
8199,2.3868
8200,2.3044
8201,2.6426
8202,3.1323
8203,3.2646
8204,2.006
8205,2.457
8206,1.8855
8207,1.6731
8208,2.1938
8209,2.7794
8210,2.7573
8211,2.2317
8212,1.5283
8213,2.5673
8214,3.2035
8215,3.6461
8216,4.5412
8217,4.822
8218,1.4782
8219,4.6172
8220,3.3538
8221,3.1604
8222,4.844
8223,3.0485
8224,2.7032
8225,4.1289
8226,4.2836
8227,4.5922
8228,4.8706
8229,4.4371
8230,4.9593
8231,3.1613
8232,4.9609
8233,3.2977
8234,4.0917
8235,4.6903
8236,3.5344
8237,3.8838
8238,4.8578
8239,3.2691
8240,3.9609
8241,4.4787
8242,2.6206
8243,2.977
8244,3.915
8245,5.4955
8246,4.8464
8247,3.972
8248,4.475
8249,4.8448
8250,3.0192
8251,4.6472
8252,2.8555
8253,3.517
8254,5.153
8255,5.4644
8256,4.7577
8257,4.2666
8258,5.1656
8259,5.0931
8260,4.7803
8261,4.246
8262,5.1279
8263,4.8165
8264,4.8435
8265,5.1036
8266,4.7565
8267,4.113
8268,2.9547
8269,4.7402
8270,5.0931
8271,4.9291
8272,4.8142
8273,3.7449
8274,3.6369
8275,3.7872
8276,5.1862
8277,4.1946
8278,2.8645
8279,3.0392
8280,4.2281
8281,3.7208
8282,4.3638
8283,3.1705
8284,3.7423
8285,4.5881
8286,4.3615
8287,2.6392
8288,4.6081
8289,3.1636
8290,3.3461
8291,3.3356
8292,3.4941
8293,2.812
8294,4.3831
8295,2.0154
8296,2.9116
8297,3.3785
8298,3.8202
8299,4.0136
8300,4.7059
8301,4.6517
8302,2.7782
8303,2.0716
8304,3.9122
8305,4.5811
8306,1.6322
8307,2.3228
8308,1.8789
8309,3.1149
8310,2.5267
8311,4.3289
8312,5.1999
8313,5.1496
8314,4.8625
8315,3.0293
8316,4.1139
8317,3.5352
8318,5.29
8319,3.1986
8320,5.4529
8321,5.0634
8322,4.9629
8323,4.9559
8324,2.6495
8325,2.5868
8326,3.2905
8327,4.8313
8328,4.1185
8329,1.8941
8330,4.9304
8331,4.5041
8332,3.0233
8333,3.2217
8334,4.0852
8335,5.172
8336,4.5166
8337,4.8219
8338,4.0659
8339,2.4796
8340,4.0285
8341,4.1426
8342,4.3211
8343,4.1023
8344,3.3776
8345,3.0901
8346,2.6226
8347,3.1072
8348,4.3736
8349,5.0542
8350,3.3082
8351,4.6506
8352,2.8395
8353,4.5035
8354,4.5971
8355,4.4374
8356,4.3331
8357,5.1374
8358,4.8537
8359,5.0412
8360,4.9978
8361,2.8216
8362,2.6494
8363,5.0495
8364,4.4121
8365,4.4102
8366,4.8675
8367,4.6613
8368,4.9625
8369,5.3213
8370,5.0394
8371,4.8545
8372,4.3634
8373,4.8803
8374,4.7162
8375,4.7474
8376,2.8632
8377,4.3364
8378,4.2471
8379,4.5436
8380,5.1038
8381,4.9717
8382,3.5749
8383,3.8418
8384,4.2837
8385,3.5384
8386,4.2337
8387,5.2012
8388,5.1282
8389,4.1422
8390,4.167
8391,4.166
8392,3.4934
8393,4.4068
8394,3.7189
8395,4.2393
8396,2.4053
8397,4.4897
8398,3.8953
8399,4.2789
8400,4.8254
8401,5.115
8402,4.1697
8403,4.7198
8404,4.1128
8405,2.2676
8406,3.6017
8407,3.9833
8408,2.1684
8409,5.031
8410,3.3318
8411,4.671
8412,1.8158
8413,3.7481
8414,4.969
8415,3.6388
8416,3.206
8417,4.7782
8418,4.3455
8419,5.0942
8420,5.4732
8421,4.9169
8422,1.8734
8423,4.9155
8424,3.8822
8425,3.4967
8426,4.0389
8427,5.3819
8428,3.1258
8429,3.0128
8430,4.2951
8431,2.1442
8432,4.1911
8433,3.5381
8434,4.6572
8435,4.9926
8436,4.9008
8437,4.2651
8438,3.8811
8439,4.7919
8440,4.1218
8441,4.338
8442,4.8393
8443,5.2994
8444,3.9104
8445,4.9757
8446,4.9116
8447,4.2805
8448,4.9601
8449,4.2675
8450,4.6342
8451,1.3794
8452,4.2363
8453,3.5093
8454,4.3242
8455,4.5857
8456,4.595
8457,4.0895
8458,4.5901
8459,4.3818
8460,4.1986
8461,4.4317
8462,2.7162
8463,3.137
8464,5.0082
8465,5.0196
8466,3.5621
8467,3.7704
8468,4.5086
8469,4.488
8470,3.4032
8471,4.0604
8472,4.3769
8473,3.4614
8474,5.4418
8475,4.6837
8476,4.8981
8477,5.1937
8478,4.3825
8479,4.7556
8480,4.4093
8481,4.4766
8482,4.5324
8483,4.3034
8484,4.8562
8485,4.16
8486,4.8644
8487,4.4552
8488,3.2982
8489,4.5225
8490,4.0903
8491,4.8317
8492,4.3921
8493,4.2733
8494,4.8179
8495,4.5851
8496,3.2547
8497,4.4976
8498,4.9211
8499,3.148
8500,4.9479
8501,5.31
8502,5.0009
8503,4.0833
8504,4.5622
8505,3.7327
8506,3.7281
8507,4.1458
8508,4.4835
8509,5.3836
8510,4.5586
8511,5.2158
8512,4.7838
8513,5.1275
8514,4.1751
8515,5.0805
8516,5.0256
8517,4.5832
8518,4.9102
8519,5.3873
8520,4.5172
8521,4.6818
8522,4.3502
8523,4.5497
8524,4.9724
8525,4.63
8526,4.9879
8527,5.0258
8528,4.4692
8529,5.1328
8530,3.586
8531,4.7095
8532,5.1128
8533,4.9265
8534,4.8417
8535,4.646
8536,3.9194
8537,3.4355
8538,4.7675
8539,5.2891
8540,4.1761
8541,4.9204
8542,4.5865
8543,5.4748
8544,4.3254
8545,4.6829
8546,5.0944
8547,5.2885
8548,4.5467
8549,3.9111
8550,4.1241
8551,4.4665
8552,4.4707
8553,4.3221
8554,3.1219
8555,3.5079
8556,2.2943
8557,4.5578
8558,3.5654
8559,5.4641
8560,4.5626
8561,4.2713
8562,2.3414
8563,3.7509
8564,4.5241
8565,4.9923
8566,3.5587
8567,4.4082
8568,2.8899
8569,4.7192
8570,3.5544
8571,5.2732
8572,5.1103
8573,4.6698
8574,4.7164
8575,4.4755
8576,4.125
8577,4.2651
8578,3.559
8579,4.6156
8580,2.5045
8581,4.0245
8582,5.3068
8583,3.8601
8584,3.7935
8585,4.4259
8586,4.3098
8587,2.3478
8588,2.7574
8589,2.375
8590,4.2367
8591,4.8854
8592,5.2676
8593,4.7738
8594,4.7353
8595,3.3854
8596,3.1246
8597,3.7786
8598,4.7724
8599,4.4267
8600,4.6092
8601,2.4865
8602,4.2204
8603,3.0574
8604,4.4753
8605,2.4564
8606,5.0343
8607,2.6165
8608,4.5281
8609,3.3169
8610,3.5901
8611,4.0302
8612,2.3489
8613,4.5631
8614,5.0374
8615,1.8282
8616,2.5723
8617,4.9101
8618,4.693
8619,4.7841
8620,4.3996
8621,3.9063
8622,4.6095
8623,3.6869
8624,4.3793
8625,4.3282
8626,3.8218
8627,4.6625
8628,2.7223
8629,3.695
8630,3.698
8631,3.9091
8632,4.3167
8633,4.909
8634,4.0305
8635,2.0924
8636,4.0862
8637,5.0015
8638,4.8923
8639,5.6093
8640,5.1881
8641,4.1615
8642,5.0237
8643,4.3869
8644,4.3216
8645,3.5042
8646,4.8468
8647,2.584
8648,3.3235
8649,2.9774
8650,2.4244
8651,4.2677
8652,4.8063
8653,5.0533
8654,3.0908
8655,4.6838
8656,3.764
8657,4.832
8658,4.4502
8659,3.9169
8660,4.34
8661,5.1007
8662,4.4002
8663,3.8063
8664,4.449
8665,5.3156
8666,4.3511
8667,4.9058
8668,4.4521
8669,4.8949
8670,4.8271
8671,4.4383
8672,4.593
8673,3.0153
8674,5.0038
8675,5.1318
8676,3.6679
8677,5.1332
8678,4.484
8679,4.3371
8680,4.6123
8681,4.5904
8682,4.378
8683,2.8309
8684,4.1732
8685,4.0032
8686,4.5543
8687,2.161
8688,3.2031
8689,2.1393
8690,3.9045
8691,5.33
8692,4.6898
8693,3.3397
8694,3.9537
8695,4.2002
8696,5.4786
8697,4.3952
8698,3.986
8699,3.9452
8700,3.2072
8701,3.0451
8702,2.1186
8703,4.2646
8704,5.4559
8705,4.7682
8706,3.4723
8707,2.9894
8708,4.7448
8709,2.7314
8710,1.7977
8711,4.4294
8712,2.9171
8713,2.6443
8714,4.0626
8715,3.3249
8716,1.6847
8717,4.0127
8718,3.7472
8719,3.3454
8720,3.1831
8721,3.03
8722,4.9681
8723,3.336
8724,3.1943
8725,2.3861
8726,4.9671
8727,3.752
8728,4.3419
8729,3.9561
8730,4.3092
8731,4.4792
8732,3.085
8733,4.0681
8734,4.3003
8735,4.818
8736,2.9237
8737,5.1567
8738,2.4826
8739,4.1995
8740,3.1383
8741,2.4732
8742,5.3728
8743,3.7487
8744,4.0259
8745,4.4897
8746,3.4334
8747,4.2552
8748,3.9913
8749,4.6702
8750,3.7757
8751,5.4272
8752,2.8091
8753,2.9104
8754,2.9568
8755,2.9201
8756,4.9213
8757,5.0378
8758,4.525
8759,3.6307
8760,3.3901
8761,3.1825
8762,4.8986
8763,3.6669
8764,3.2864
8765,4.3866
8766,3.9263
8767,4.7401
8768,4.1176
8769,3.8464
8770,3.2936
8771,5.1883
8772,4.0134
8773,3.9563
8774,2.2844
8775,5.1708
8776,3.4591
8777,3.7138
8778,4.8594
8779,2.6008
8780,3.3789
8781,2.2223
8782,3.5276
8783,4.5063
8784,1.6809
8785,2.1405
8786,4.3095
8787,5.1742
8788,5.0294
8789,3.7852
8790,4.268
8791,4.762
8792,4.6853
8793,3.2172
8794,4.2728
8795,3.9421
8796,4.5894
8797,3.815
8798,5.3551
8799,4.3373
8800,5.1108
8801,3.9171
8802,3.1425
8803,2.6774
8804,4.4236
8805,4.9306
8806,4.0229
8807,3.9347
8808,4.3377
8809,4.9822
8810,5.0542
8811,3.6611
8812,3.7423
8813,4.205
8814,4.3388
8815,4.527
8816,3.6481
8817,4.4067
8818,4.5119
8819,4.406
8820,3.5724
8821,3.6499
8822,4.6829
8823,4.3316
8824,4.7661
8825,2.8278
8826,2.1442
8827,4.4316
8828,4.5862
8829,4.7691
8830,2.5505
8831,4.3367
8832,2.4441
8833,4.6985
8834,4.563
8835,4.3677
8836,2.812
8837,2.9298
8838,5.1105
8839,4.4245
8840,4.154
8841,3.9604
8842,3.1559
8843,3.1338
8844,2.6226
8845,4.2704
8846,5.1599
8847,2.1806
8848,4.8389
8849,3.4146
8850,4.6183
8851,3.9948
8852,1.9904
8853,1.5768
8854,4.1128
8855,5.406
8856,3.7804
8857,2.9277
8858,3.1448
8859,4.5829
8860,4.9584
8861,3.8315
8862,5.3807
8863,4.9905
8864,5.4136
8865,4.0791
8866,3.6684
8867,4.3935
8868,4.8521
8869,2.7248
8870,4.3588
8871,4.7843
8872,4.4399
8873,4.571
8874,4.6518
8875,3.7474
8876,2.7951
8877,5.2049
8878,4.966
8879,3.8597
8880,2.1188
8881,3.6301
8882,3.5389
8883,3.8499
8884,4.1538
8885,5.224
8886,4.2715
8887,4.6695
8888,5.2412
8889,2.844
8890,4.3234
8891,5.0964
8892,4.5747
8893,3.5413
8894,4.7781
8895,4.7697
8896,3.7043
8897,3.8168
8898,4.653
8899,4.8822
8900,4.8988
8901,3.9342
8902,3.8243
8903,4.7908
8904,3.9242
8905,4.3269
8906,4.7201
8907,4.5364
8908,4.5841
8909,3.9948
8910,4.8044
8911,4.848
8912,5.3671
8913,2.1563
8914,2.8066
8915,4.7513
8916,4.3628
8917,4.0825
8918,3.0969
8919,2.856
8920,4.8747
8921,3.2553
8922,5.0453
8923,4.8165
8924,3.8959
8925,4.4884
8926,4.6723
8927,4.819
8928,4.1238
8929,4.4086
8930,4.0061
8931,4.1481
8932,5.0511
8933,4.7417
8934,4.7259
8935,2.9058
8936,2.9624
8937,4.8015
8938,3.6913
8939,5.0991
8940,3.9713
8941,4.9453
8942,3.9357
8943,3.1316
8944,3.4929
8945,4.9453
8946,4.3689
8947,4.6569
8948,4.2936
8949,2.9224
8950,4.0795
8951,3.3608
8952,3.6087
8953,4.282
8954,4.8201
8955,3.5369
8956,3.6395
8957,3.582
8958,2.2334
8959,3.4838
8960,4.9045
8961,3.3115
8962,4.8042
8963,3.6197
8964,3.3908
8965,2.8948
8966,3.8311
8967,5.2451
8968,4.3363
8969,4.2687
8970,2.5104
8971,4.0612
8972,2.5063
8973,3.7523
8974,4.1395
8975,2.2161
8976,3.1095
8977,4.2856
8978,4.353
8979,4.5032
8980,4.6242
8981,3.7128
8982,2.485
8983,3.474
8984,4.0866
8985,4.6548
8986,4.9066
8987,4.7627
8988,4.4472
8989,4.8303
8990,5.0543
8991,4.9758
8992,3.6227
8993,3.4194
8994,2.0334
8995,5.3291
8996,4.0995
8997,4.6697
8998,3.2751
8999,3.8511
9000,5.3362
9001,3.7826
9002,4.6041
9003,1.8237
9004,4.0212
9005,5.1029
9006,4.3626
9007,2.9125
9008,4.3373
9009,5.2212
9010,4.4554
9011,4.364
9012,3.863
9013,5.6506
9014,3.5663
9015,4.8294
9016,3.5716
9017,3.9151
9018,4.6176
9019,3.1606
9020,3.4133
9021,5.2342
9022,4.3291
9023,3.0461
9024,5.2349
9025,5.2578
9026,4.1174
9027,4.5855
9028,4.3052
9029,4.3054
9030,3.7197
9031,5.2549
9032,5.3049
9033,5.0133
9034,4.5977
9035,4.3606
9036,4.4347
9037,3.1715
9038,3.3643
9039,5.1175
9040,5.4712
9041,5.0447
9042,4.3679
9043,4.9993
9044,4.7408
9045,4.5935
9046,5.537
9047,4.2248
9048,4.8592
9049,4.1759
9050,5.1714
9051,4.5529
9052,3.4366
9053,4.7867
9054,4.7943
9055,4.87
9056,3.1966
9057,4.154
9058,4.6374
9059,4.6162
9060,5.0781
9061,3.1625
9062,3.4539
9063,4.5443
9064,4.683
9065,4.7066
9066,4.8109
9067,5.0009
9068,4.342
9069,5.0363
9070,5.3002
9071,3.7114
9072,5.2983
9073,5.1238
9074,3.2407
9075,3.5292
9076,5.2192
9077,3.6325
9078,4.7216
9079,5.4507
9080,5.0141
9081,4.2126
9082,2.6288
9083,4.5451
9084,4.7273
9085,5.3633
9086,3.5762
9087,3.709
9088,4.2724
9089,4.0124
9090,5.1857
9091,5.0565
9092,4.9995
9093,3.7068
9094,5.3306
9095,4.9221
9096,4.5633
9097,5.0835
9098,5.4631
9099,5.1184
9100,4.7219
9101,5.22
9102,4.5458
9103,3.7329
9104,5.2313
9105,5.2523
9106,5.0491
9107,5.3591
9108,5.1501
9109,3.6433
9110,5.1509
9111,4.8389
9112,4.6451
9113,4.5383
9114,3.8239
9115,4.2191
9116,4.2333
9117,3.3061
9118,3.012
9119,4.8569
9120,4.4999
9121,3.1582
9122,5.0287
9123,4.1679
9124,3.6144
9125,4.9127
9126,4.4046
9127,5.1338
9128,3.0907
9129,3.5983
9130,3.4857
9131,4.2597
9132,4.5665
9133,3.1511
9134,4.6962
9135,5.1605
9136,4.5104
9137,4.1317
9138,3.8369
9139,4.7362
9140,4.6531
9141,4.7626
9142,2.7364
9143,4.5274
9144,3.512
9145,4.9466
9146,2.9897
9147,3.7352
9148,3.8604
9149,5.4403
9150,4.2194
9151,5.1429
9152,2.9407
9153,2.4844
9154,4.3031
9155,4.6028
9156,5.0871
9157,4.3283
9158,4.3884
9159,5.3963
9160,4.1086
9161,5.3076
9162,4.5657
9163,4.2641
9164,2.5465
9165,4.9856
9166,4.9418
9167,5.1889
9168,4.6982
9169,5.1721
9170,4.3825
9171,4.733
9172,4.5758
9173,4.2647
9174,4.178
9175,4.7425
9176,4.006
9177,4.2632
9178,5.0902
9179,5.0383
9180,4.5226
9181,3.9421
9182,4.0625
9183,5.2706
9184,4.4978
9185,4.4825
9186,3.6933
9187,3.1093
9188,3.2617
9189,2.9941
9190,4.9578
9191,5.2149
9192,4.2833
9193,4.5853
9194,3.9206
9195,4.6077
9196,3.5688
9197,5.2083
9198,3.5289
9199,3.4824
9200,4.425
9201,4.5639
9202,5.0136
9203,4.3466
9204,4.7364
9205,4.7156
9206,4.2978
9207,3.9486
9208,4.6686
9209,4.6173
9210,3.6808
9211,4.736
9212,4.3508
9213,4.7738
9214,4.7285
9215,4.7737
9216,5.1068
9217,5.2418
9218,5.466
9219,4.9487
9220,4.4915
9221,3.775
9222,4.2439
9223,4.842
9224,5.0295
9225,4.4279
9226,4.6411
9227,3.4392
9228,4.4829
9229,3.3156
9230,3.3585
9231,3.0632
9232,4.6201
9233,5.125
9234,4.6751
9235,2.7694
9236,4.0901
9237,5.9158
9238,5.1136
9239,4.6275
9240,3.8197
9241,4.6476
9242,4.7235
9243,4.6877
9244,4.2762
9245,4.4918
9246,3.2825
9247,5.0398
9248,5.0067
9249,4.7284
9250,4.2415
9251,4.6071
9252,5.1227
9253,4.4463
9254,5.2828
9255,4.4639
9256,4.9765
9257,3.7547
9258,4.9556
9259,4.8936
9260,2.9101
9261,4.8856
9262,4.6
9263,5.2845
9264,4.6726
9265,4.6062
9266,4.7701
9267,3.7838
9268,4.8135
9269,4.9222
9270,4.9856
9271,5.6207
9272,4.5938
9273,3.2224
9274,3.891
9275,4.1326
9276,3.3385
9277,5.3101
9278,4.9315
9279,3.7569
9280,3.5639
9281,4.9652
9282,2.7266
9283,4.5946
9284,3.8851
9285,3.8288
9286,5.2394
9287,4.4027
9288,4.6441
9289,3.969
9290,4.5926
9291,5.6837
9292,5.1133
9293,5.2348
9294,4.9974
9295,4.8981
9296,4.7863
9297,4.8162
9298,4.704
9299,4.6374
9300,4.0163
9301,4.2021
9302,4.2121
9303,4.448
9304,3.6407
9305,4.0154
9306,4.7964
9307,5.1394
9308,5.0456
9309,4.5446
9310,4.8774
9311,4.9576
9312,4.7711
9313,4.1287
9314,4.3917
9315,5.0739
9316,4.5661
9317,4.5963
9318,4.5338
9319,5.0139
9320,4.9833
9321,4.3565
9322,4.616
9323,5.0493
9324,4.4617
9325,4.9163
9326,5.0855
9327,4.8382
9328,5.1479
9329,4.9694
9330,3.3537
9331,4.7596
9332,4.7542
9333,4.3728
9334,3.8272
9335,4.4072
9336,4.8162
9337,2.8338
9338,4.3091
9339,3.6855
9340,4.2093
9341,4.6478
9342,4.5343
9343,4.9904
9344,4.573
9345,4.6987
9346,4.9138
9347,5.1869
9348,4.5852
9349,3.9294
9350,4.5863
9351,4.9991
9352,4.581
9353,3.5987
9354,4.0081
9355,5.1318
9356,5.1946
9357,3.1315
9358,3.3807
9359,3.6748
9360,4.5321
9361,4.3813
9362,3.9271
9363,4.3717
9364,4.3682
9365,3.5472
9366,2.9766
9367,2.3456
9368,4.2326
9369,5.1776
9370,1.9729
9371,4.1139
9372,4.5967
9373,5.5342
9374,5.7092
9375,4.6367
9376,4.1564
9377,4.2131
9378,4.9315
9379,4.9834
9380,5.1476
9381,4.347
9382,4.6425
9383,4.771
9384,3.7173
9385,3.327
9386,4.0048
9387,3.0778
9388,3.9861
9389,3.4206
9390,4.4298
9391,4.3701
9392,3.6863
9393,4.0539
9394,4.6606
9395,4.8529
9396,4.0171
9397,4.2668
9398,3.5601
9399,2.8135
9400,3.6843
9401,3.9897
9402,4.3181
9403,4.3621
9404,4.2
9405,4.1382
9406,4.2356
9407,4.6245
9408,4.7191
9409,4.8672
9410,4.711
9411,3.5085
9412,5.1744
9413,5.1698
9414,3.4721
9415,4.6194
9416,3.1708
9417,4.7733
9418,4.3638
9419,5.0176
9420,5.084
9421,4.46
9422,4.7643
9423,4.2579
9424,4.1184
9425,4.7619
9426,5.0515
9427,4.9737
9428,3.5023
9429,4.3202
9430,4.5505
9431,4.4491
9432,5.0229
9433,3.677
9434,4.9276
9435,4.6929
9436,5.3049
9437,2.5575
9438,5.2211
9439,5.2144
9440,2.7086
9441,4.2084
9442,5.3196
9443,4.927
9444,4.7494
9445,4.945
9446,4.6862
9447,4.1849
9448,5.1269
9449,4.6135
9450,3.0644
9451,4.1987
9452,4.244
9453,4.7747
9454,5.1477
9455,5.1879
9456,4.7574
9457,4.2238
9458,4.6376
9459,4.1224
9460,4.547
9461,4.1309
9462,4.8766
9463,5.2554
9464,4.9071
9465,4.778
9466,3.7231
9467,5.0831
9468,4.6976
9469,5.0877
9470,5.0354
9471,5.0144
9472,4.8802
9473,4.8075
9474,4.3311
9475,4.8697
9476,4.7324
9477,4.7071
9478,5.3906
9479,5.1534
9480,4.1842
9481,4.7517
9482,4.6676
9483,4.4884
9484,4.1736
9485,4.4269
9486,4.8282
9487,4.6412
9488,5.3473
9489,5.0072
9490,4.9563
9491,4.8176
9492,4.9321
9493,4.9158
9494,5.1165
9495,4.1124
9496,4.3366
9497,4.4415
9498,5.1431
9499,3.1119
9500,4.3989
9501,4.1272
9502,4.7531
9503,4.7404
9504,4.3779
9505,5.3198
9506,4.873
9507,3.7097
9508,4.862
9509,4.5989
9510,3.2878
9511,4.969
9512,5.2435
9513,4.9942
9514,5.1102
9515,4.8558
9516,4.784
9517,4.0159
9518,5.026
9519,4.9509
9520,4.8035
9521,4.6872
9522,4.6477
9523,4.4353
9524,4.6563
9525,5.2844
9526,4.9443
9527,3.0428
9528,5.1834
9529,4.4244
9530,3.6313
9531,5.262
9532,4.7613
9533,4.8586
9534,4.4616
9535,3.4116
9536,4.0387
9537,4.6679
9538,4.0087
9539,4.7563
9540,4.6394
9541,4.4214
9542,4.774
9543,4.4751
9544,3.9364
9545,4.4198
9546,5.33
9547,4.6495
9548,4.5022
9549,4.5436
9550,4.3279
9551,4.0221
9552,4.3165
9553,4.4174
9554,5.0924
9555,4.9107
9556,5.2563
9557,5.3523
9558,4.586
9559,4.9783
9560,5.057
9561,4.4292
9562,4.7756
9563,4.6634
9564,3.8979
9565,4.2505
9566,4.5664
9567,4.911
9568,4.3767
9569,4.7512
9570,4.3575
9571,5.3835
9572,3.6546
9573,2.644
9574,4.8042
9575,4.0686
9576,4.569
9577,4.9046
9578,4.5211
9579,3.7376
9580,4.2836
9581,4.6422
9582,3.4017
9583,4.6016
9584,4.711
9585,4.77
9586,4.1281
9587,3.1459
9588,4.9414
9589,4.5051
9590,4.9297
9591,4.5156
9592,5.3997
9593,4.0375
9594,3.5249
9595,4.8821
9596,5.2677
9597,4.4894
9598,4.6197
9599,4.3198
9600,4.6684
9601,3.8662
9602,2.9708
9603,1.8647
9604,3.5093
9605,4.4461
9606,4.6568
9607,4.3563
9608,4.425
9609,3.5408
9610,4.4148
9611,4.1458
9612,4.4891
9613,2.0945
9614,4.9176
9615,3.6629
9616,4.7745
9617,3.9005
9618,3.5552
9619,4.2867
9620,4.3455
9621,4.4788
9622,3.0415
9623,3.455
9624,5.0396
9625,3.8679
9626,3.8604
9627,4.1717
9628,4.1095
9629,3.1677
9630,5.1146
9631,3.5212
9632,4.3638
9633,4.5614
9634,4.7003
9635,2.5741
9636,3.7192
9637,4.8001
9638,4.4373
9639,3.6631
9640,3.7764
9641,4.4056
9642,4.8738
9643,4.076
9644,4.5424
9645,4.5287
9646,4.4549
9647,4.838
9648,4.2658
9649,4.6323
9650,4.0787
9651,4.6089
9652,4.7548
9653,4.5203
9654,4.1176
9655,4.5718
9656,3.3524
9657,3.4737
9658,2.9378
9659,4.5688
9660,2.2848
9661,3.666
9662,3.9787
9663,3.3625
9664,2.1365
9665,4.1337
9666,4.5389
9667,4.0984
9668,3.2545
9669,4.7698
9670,5.1147
9671,4.2233
9672,4.0934
9673,4.472
9674,3.3657
9675,4.5341
9676,4.1508
9677,4.5965
9678,3.7774
9679,1.7195
9680,4.1421
9681,4.3578
9682,4.7195
9683,3.5515
9684,4.1587
9685,5.023
9686,3.7374
9687,4.5819
9688,4.9317
9689,2.3336
9690,4.9551
9691,2.9473
9692,5.2454
9693,4.0215
9694,4.5578
9695,4.3904
9696,1.512
9697,3.2857
9698,3.9586
9699,3.9355
9700,3.8524
9701,2.8252
9702,4.4946
9703,3.8273
9704,4.1877
9705,2.5586
9706,4.7937
9707,4.7574
9708,3.866
9709,3.9798
9710,3.9596
9711,4.6085
9712,3.9249
9713,4.6464
9714,4.669
9715,3.4763
9716,4.8546
9717,3.8889
9718,5.0213
9719,5.1222
9720,4.7967
9721,5.8616
9722,4.7023
9723,4.1954
9724,4.6947
9725,4.6588
9726,4.4773
9727,4.4565
9728,3.8037
9729,3.2651
9730,4.4775
9731,4.807
9732,4.124
9733,4.0815
9734,3.8851
9735,4.6467
9736,5.1973
9737,4.7953
9738,4.4106
9739,5.5333
9740,4.475
9741,4.566
9742,4.8395
9743,4.9692
9744,4.5871
9745,4.6964
9746,4.7499
9747,4.742
9748,4.1295
9749,3.4968
9750,3.2658
9751,4.9987
9752,4.993
9753,5.0074
9754,4.3705
9755,4.2318
9756,3.9816
9757,4.5845
9758,4.205
9759,3.0505
9760,4.8473
9761,3.1775
9762,4.6213
9763,4.8083
9764,5.197
9765,3.3913
9766,4.5652
9767,2.9181
9768,2.6105
9769,4.8362
9770,3.4689
9771,4.2305
9772,4.3194
9773,4.1857
9774,4.5101
9775,4.4743
9776,3.5623
9777,4.9553
9778,5.0755
9779,4.8306
9780,4.9213
9781,4.4093
9782,4.4552
9783,4.7055
9784,4.774
9785,4.7187
9786,4.3494
9787,4.6315
9788,4.8576
9789,3.9767
9790,4.135
9791,4.8356
9792,3.4839
9793,4.817
9794,3.8498
9795,2.8528
9796,5.2028
9797,4.7459
9798,3.8884
9799,4.8041
9800,3.5078
9801,3.5446
9802,4.6352
9803,2.8857
9804,4.7665
9805,4.7387
9806,4.4418
9807,5.0187
9808,5.1865
9809,5.4207
9810,3.4508
9811,4.5552
9812,4.8716
9813,4.7374
9814,3.7874
9815,4.3186
9816,4.6777
9817,4.2609
9818,4.7203
9819,3.8521
9820,4.6699
9821,4.6404
9822,4.3958
9823,4.5193
9824,5.2504
9825,5.4977
9826,5.1129
9827,4.8833
9828,4.2589
9829,4.519
9830,4.8995
9831,3.4415
9832,4.3734
9833,4.5341
9834,3.6779
9835,4.9434
9836,5.019
9837,2.5007
9838,4.4178
9839,4.9697
9840,4.3739
9841,5.3791
9842,4.8096
9843,4.7657
9844,4.7614
9845,4.8224
9846,4.3371
9847,4.2601
9848,4.9319
9849,4.3901
9850,2.9021
9851,4.4956
9852,3.8887
9853,2.6128
9854,4.7802
9855,4.3392
9856,4.9681
9857,2.6369
9858,3.1654
9859,4.2977
9860,4.6756
9861,3.1492
9862,4.1206
9863,4.6659
9864,4.4798
9865,3.1866
9866,3.5162
9867,3.5394
9868,4.5946
9869,4.7452
9870,3.144
9871,3.9072
9872,1.9176
9873,4.5517
9874,4.2522
9875,3.8392
9876,2.1733
9877,4.5547
9878,3.4612
9879,1.4933
9880,4.3592
9881,2.3247
9882,3.1148
9883,3.5571
9884,2.9147
9885,4.1255
9886,2.3101
9887,4.5271
9888,4.2115
9889,2.3924
9890,2.8211
9891,1.7784
9892,4.6176
9893,4.524
9894,2.9275
9895,4.2535
9896,2.3882
9897,3.1871
9898,2.0436
9899,4.0548
9900,2.6726
9901,2.6189
9902,4.0461
9903,3.9357
9904,1.8602
9905,4.0085
9906,5.044
9907,3.9271
9908,3.6132
9909,4.8305
9910,4.8525
9911,3.4415
9912,1.9074
9913,4.0396
9914,3.4389
9915,4.1319
9916,3.6416
9917,2.3994
9918,2.4471
9919,2.4447
9920,3.2678
9921,3.8848
9922,4.4096
9923,4.2608
9924,2.3448
9925,2.5141
9926,3.2286
9927,2.541
9928,4.4466
9929,2.4416
9930,4.9471
9931,4.1965
9932,1.4845
9933,3.6072
9934,3.5733
9935,4.6431
9936,1.9674
9937,2.8543
9938,3.4869
9939,2.0182
9940,2.6723
9941,2.8551
9942,1.8627
9943,4.52
9944,3.9283
9945,5.0836
9946,4.8222
9947,2.5419
9948,3.1895
9949,2.8189
9950,4.6158
9951,4.8434
9952,3.2151
9953,3.4569
9954,5.102
9955,3.4449
9956,4.8476
9957,3.6107
9958,4.3005
9959,4.12
9960,4.4473
9961,3.3246
9962,4.4277
9963,4.1802
9964,4.248
9965,4.1238
9966,3.8627
9967,4.5421
9968,4.769
9969,4.6948
9970,4.1479
9971,4.6523
9972,2.2611
9973,2.4737
9974,2.4145
9975,3.2707
9976,5.0843
9977,3.9692
9978,4.8287
9979,5.2628
9980,4.4552
9981,5.0011
9982,5.1103
9983,4.6394
9984,3.1969
9985,4.1906
9986,4.3214
9987,5.0613
9988,3.7669
9989,3.3449
9990,4.9004
9991,4.8561
9992,2.5369
9993,2.784
9994,5.0327
9995,3.7932
9996,4.5683
9997,3.9898
9998,4.7826
9999,4.1187
10000,4.5068
