Query_ID,Latency_ms
1,4.1375
2,3.2821
3,3.1511
4,2.8689
5,2.8484
6,2.7782
7,2.7381
8,2.7212
9,2.6805
10,3.0028
11,2.5517
12,2.607
13,2.4855
14,2.594
15,2.9629
16,2.7996
17,2.5948
18,2.784
19,2.5344
20,2.908
21,2.6606
22,2.7162
23,2.3396
24,2.5663
25,2.755
26,2.7019
27,2.5759
28,2.8196
29,2.7101
30,2.5361
31,2.8091
32,2.5618
33,2.6189
34,2.5773
35,2.5769
36,2.5679
37,2.6429
38,2.8509
39,2.6322
40,2.591
41,2.6725
42,2.5927
43,2.6709
44,2.5077
45,2.6906
46,2.5096
47,2.5286
48,2.7581
49,2.6357
50,2.7895
51,3.0926
52,2.6885
53,3.1026
54,2.6121
55,2.4844
56,2.5681
57,3.0011
58,2.7962
59,2.6058
60,2.6783
61,2.8998
62,2.696
63,2.6957
64,2.6478
65,2.7354
66,2.5769
67,2.5838
68,2.4768
69,2.5265
70,2.5822
71,2.6114
72,2.8786
73,2.63
74,3.6103
75,2.5204
76,2.7647
77,2.6426
78,2.6219
79,2.6763
80,2.6323
81,2.6481
82,2.4874
83,2.7916
84,2.6642
85,2.6227
86,2.6059
87,2.5298
88,2.4512
89,2.5662
90,2.4489
91,2.6624
92,2.72
93,2.6244
94,2.5623
95,2.4805
96,2.5597
97,2.8837
98,2.5338
99,2.4932
100,2.4443
101,2.6791
102,2.4124
103,2.5704
104,2.687
105,2.736
106,2.8925
107,2.6223
108,2.5502
109,2.4948
110,2.5964
111,2.6422
112,2.7813
113,2.7413
114,2.751
115,2.4489
116,2.6357
117,2.5867
118,2.5953
119,2.8007
120,2.5777
121,2.5381
122,2.4301
123,2.6278
124,2.4451
125,2.6424
126,2.9094
127,2.9996
128,2.7377
129,2.6937
130,2.6248
131,2.5201
132,2.5838
133,2.8216
134,2.6473
135,2.5838
136,2.7721
137,2.9528
138,2.8713
139,2.7648
140,2.7665
141,2.7547
142,2.6898
143,2.9562
144,2.824
145,2.7009
146,2.7238
147,2.5841
148,2.7346
149,2.6882
150,2.2876
151,2.668
152,2.3929
153,2.635
154,2.6704
155,2.6136
156,2.4744
157,2.6793
158,2.7639
159,2.7854
160,2.7975
161,2.8268
162,2.736
163,2.7719
164,2.6042
165,2.6788
166,2.6819
167,2.6217
168,2.6985
169,2.6201
170,2.618
171,2.6137
172,2.7295
173,2.7185
174,2.8803
175,2.509
176,2.6806
177,2.754
178,2.7549
179,2.7301
180,2.9659
181,2.7995
182,2.7637
183,2.6097
184,2.3854
185,2.5851
186,2.1979
187,2.6652
188,2.5827
189,3.2061
190,2.7369
191,2.4794
192,2.7978
193,2.9844
194,2.6784
195,2.6707
196,2.8478
197,2.5249
198,2.7463
199,2.7125
200,2.7568
201,2.6688
202,2.6654
203,2.7951
204,2.4777
205,2.7016
206,2.6814
207,2.5321
208,2.5492
209,2.4893
210,2.3671
211,2.5586
212,2.575
213,2.4724
214,2.8051
215,2.71
216,2.5031
217,2.7145
218,2.5343
219,2.6351
220,2.5271
221,2.8865
222,2.5082
223,2.938
224,2.8331
225,2.9248
226,2.8302
227,2.6751
228,2.7423
229,2.698
230,2.5375
231,2.5967
232,2.7039
233,2.5862
234,2.8458
235,2.9065
236,2.8629
237,2.5334
238,2.6933
239,2.8253
240,2.7433
241,2.4794
242,2.6067
243,2.7158
244,2.6604
245,2.8694
246,2.7362
247,2.8824
248,2.5308
249,2.8491
250,2.7425
251,2.7953
252,2.5103
253,2.6582
254,2.7207
255,2.8662
256,2.6553
257,2.6039
258,3.2539
259,2.7433
260,2.8241
261,2.7223
262,2.6149
263,2.5764
264,2.7713
265,2.8374
266,2.6906
267,2.8481
268,2.8268
269,2.6998
270,2.5624
271,2.9019
272,2.4909
273,2.7824
274,2.679
275,2.8985
276,2.7451
277,2.7412
278,2.8228
279,2.613
280,2.6674
281,2.7847
282,2.5004
283,2.7103
284,2.9593
285,2.7116
286,2.5875
287,2.6133
288,2.6831
289,2.5928
290,2.3968
291,2.486
292,2.5436
293,2.9027
294,2.6329
295,2.9107
296,3.0182
297,2.692
298,2.6541
299,2.7808
300,2.7686
301,2.5601
302,2.5337
303,2.6318
304,2.8511
305,2.6119
306,2.4192
307,2.6112
308,2.8207
309,2.8776
310,2.6141
311,2.665
312,2.7244
313,2.7017
314,2.4786
315,2.5415
316,2.5797
317,2.5571
318,2.6212
319,2.6496
320,2.863
321,2.6767
322,2.7779
323,2.676
324,2.5376
325,2.8684
326,2.7092
327,2.8985
328,2.6853
329,2.6746
330,2.6609
331,2.6117
332,2.6618
333,2.7209
334,2.5002
335,2.9018
336,2.875
337,2.6961
338,2.7283
339,2.8041
340,2.6441
341,2.8317
342,2.6677
343,2.6828
344,2.6736
345,2.8185
346,2.6709
347,2.5049
348,2.8224
349,2.7533
350,3.1305
351,2.5461
352,2.8036
353,2.8163
354,2.5543
355,2.5858
356,2.708
357,2.6689
358,2.6415
359,2.6803
360,2.8374
361,2.6482
362,2.5519
363,2.4464
364,2.5789
365,2.6894
366,2.5618
367,2.657
368,2.5475
369,2.5988
370,2.5767
371,2.5972
372,2.6748
373,2.9038
374,2.6126
375,2.5465
376,2.6995
377,2.5648
378,2.7927
379,2.8913
380,2.6759
381,2.6766
382,2.7703
383,2.6244
384,2.6087
385,2.5194
386,2.8711
387,2.6969
388,2.7871
389,2.7541
390,2.7466
391,2.7483
392,2.7848
393,2.9705
394,2.8074
395,2.8833
396,3.0117
397,2.7679
398,2.5178
399,2.6177
400,2.555
401,2.8302
402,2.8324
403,2.9383
404,2.6918
405,2.7034
406,2.6818
407,2.8878
408,2.6327
409,2.683
410,2.8794
411,2.7568
412,2.5631
413,2.7137
414,2.8849
415,2.8291
416,2.7178
417,2.663
418,2.5968
419,2.9601
420,2.783
421,2.7757
422,2.6814
423,2.7273
424,2.649
425,2.6521
426,2.9454
427,2.5092
428,2.6561
429,2.7959
430,2.6169
431,2.6021
432,2.6983
433,2.8135
434,2.7605
435,2.518
436,2.4383
437,2.624
438,2.6109
439,2.4845
440,2.8236
441,2.5859
442,2.8446
443,2.5916
444,2.6933
445,2.5232
446,2.5764
447,2.7349
448,2.6359
449,2.811
450,2.4365
451,2.7973
452,2.6437
453,2.6647
454,2.7026
455,2.6448
456,2.7502
457,2.7399
458,2.5881
459,2.4385
460,2.5849
461,2.8836
462,2.6727
463,2.5293
464,2.739
465,2.843
466,2.6462
467,2.701
468,2.4726
469,2.6439
470,2.5627
471,2.6371
472,2.651
473,2.6548
474,2.5331
475,2.827
476,2.4895
477,2.6027
478,2.7372
479,2.394
480,2.7853
481,2.4593
482,2.5707
483,2.5184
484,2.7507
485,2.6511
486,2.4848
487,2.6877
488,3.0332
489,2.7918
490,2.6157
491,2.5302
492,2.441
493,2.6528
494,2.6376
495,2.6386
496,2.6472
497,2.5965
498,2.7039
499,2.3514
500,2.5681
501,2.5577
502,2.3959
503,2.4074
504,2.7071
505,2.6465
506,2.6882
507,2.5823
508,2.6901
509,2.8577
510,2.7452
511,2.7239
512,2.7064
513,2.9712
514,2.8631
515,2.437
516,2.6788
517,2.7041
518,2.4629
519,2.4179
520,2.7675
521,2.6501
522,2.4839
523,2.4594
524,2.3447
525,2.4364
526,2.4987
527,2.4524
528,2.4984
529,2.7767
530,2.8388
531,2.6451
532,2.6439
533,2.5241
534,2.7941
535,2.6401
536,2.6493
537,2.5267
538,2.6125
539,2.7176
540,2.6911
541,2.5653
542,2.7216
543,2.7266
544,2.6227
545,2.591
546,2.48
547,2.6801
548,2.6499
549,2.588
550,2.758
551,2.77
552,2.5815
553,2.6558
554,2.7433
555,2.4638
556,2.6144
557,2.9736
558,2.4894
559,2.7447
560,2.5081
561,2.6871
562,2.6391
563,2.7512
564,2.9207
565,2.6777
566,2.7566
567,2.6268
568,2.5493
569,2.8756
570,2.5773
571,2.5015
572,2.5405
573,2.7151
574,2.7527
575,2.8137
576,2.5683
577,2.6743
578,2.6472
579,2.6076
580,2.9882
581,2.8408
582,2.6702
583,2.5901
584,2.5733
585,2.6908
586,2.5497
587,2.5549
588,2.4644
589,2.394
590,2.4661
591,2.7978
592,2.6788
593,2.7461
594,2.5514
595,2.6645
596,2.6178
597,2.7002
598,2.5936
599,2.7404
600,2.7316
601,2.7266
602,2.5546
603,2.5995
604,2.4352
605,2.7062
606,2.7828
607,2.5967
608,2.7407
609,2.6157
610,2.702
611,2.732
612,2.6171
613,2.6445
614,2.6735
615,2.7259
616,2.685
617,2.645
618,2.5898
619,2.6658
620,2.6779
621,2.7996
622,2.536
623,2.647
624,2.5016
625,2.3925
626,2.8687
627,2.4037
628,2.6811
629,2.5392
630,2.483
631,2.3982
632,2.5101
633,2.4922
634,2.4771
635,2.361
636,2.476
637,2.3194
638,2.4944
639,2.6456
640,2.496
641,2.6068
642,2.8353
643,2.4864
644,2.4486
645,2.3319
646,2.7062
647,2.7364
648,2.6906
649,3.0326
650,2.739
651,2.862
652,2.4846
653,2.5336
654,2.5989
655,2.3226
656,2.539
657,2.4993
658,2.5828
659,2.248
660,2.4687
661,2.4374
662,2.5322
663,2.345
664,2.3067
665,2.6532
666,2.7035
667,2.6058
668,2.4833
669,2.6092
670,2.727
671,2.7582
672,2.9436
673,2.6879
674,2.4935
675,2.4494
676,2.6612
677,2.7244
678,2.5778
679,2.858
680,2.5834
681,2.6825
682,2.5676
683,2.7978
684,2.53
685,2.6473
686,2.6828
687,2.5213
688,2.584
689,2.5138
690,2.5337
691,2.4954
692,2.8732
693,2.8632
694,2.4192
695,2.8367
696,2.5883
697,2.4644
698,2.513
699,2.5893
700,2.4448
701,2.4871
702,2.5253
703,2.5686
704,2.7467
705,2.714
706,2.6695
707,2.6111
708,2.599
709,2.4766
710,2.5729
711,2.6695
712,2.698
713,2.7482
714,2.5521
715,2.7385
716,2.6616
717,2.7596
718,2.8309
719,2.7563
720,2.6383
721,2.8161
722,2.5362
723,2.5968
724,2.5461
725,2.7107
726,2.6458
727,2.7433
728,2.6359
729,2.5939
730,2.459
731,2.4635
732,2.4948
733,2.4258
734,2.3633
735,2.4318
736,2.7729
737,2.7668
738,2.5076
739,2.572
740,2.8532
741,2.7329
742,2.6542
743,2.6372
744,2.7117
745,2.6219
746,2.3906
747,2.6264
748,2.5623
749,2.7234
750,2.6588
751,2.7775
752,2.744
753,2.7357
754,2.6525
755,2.7032
756,2.8146
757,2.7402
758,2.7126
759,2.6892
760,2.6404
761,2.601
762,2.6116
763,2.4768
764,2.8512
765,2.5597
766,2.5851
767,2.6177
768,2.4261
769,2.7968
770,2.7226
771,2.549
772,2.9304
773,2.8294
774,2.9315
775,2.4949
776,2.6902
777,2.7658
778,2.5483
779,2.7079
780,2.3851
781,2.6561
782,2.6465
783,2.8022
784,2.8048
785,2.948
786,2.5932
787,2.6039
788,2.5519
789,2.4765
790,2.5835
791,2.5004
792,2.8181
793,2.6594
794,2.6566
795,2.5091
796,2.7911
797,2.7719
798,2.6436
799,2.5686
800,2.7641
801,2.737
802,2.5606
803,2.5969
804,2.5174
805,2.8633
806,2.4169
807,2.6865
808,2.5123
809,2.6485
810,2.699
811,2.7059
812,2.6398
813,2.4772
814,2.5563
815,2.522
816,2.6711
817,2.7581
818,2.5132
819,2.3671
820,2.444
821,2.4402
822,2.836
823,2.8315
824,2.6541
825,2.6338
826,2.9114
827,2.8397
828,2.8752
829,2.7143
830,2.974
831,2.6331
832,2.5353
833,2.9674
834,2.5229
835,2.5184
836,2.5431
837,2.692
838,2.7664
839,2.5953
840,2.6977
841,2.626
842,2.9732
843,2.5428
844,2.6462
845,2.8575
846,2.5315
847,2.7567
848,2.5489
849,2.7038
850,2.7763
851,2.9555
852,2.584
853,2.8855
854,2.6917
855,2.6304
856,2.88
857,2.5259
858,2.798
859,2.5774
860,2.5843
861,2.6535
862,2.9147
863,2.6868
864,2.6343
865,2.6056
866,2.7031
867,2.6933
868,2.52
869,2.7348
870,2.8657
871,2.8626
872,2.8835
873,2.5728
874,2.6352
875,2.7615
876,2.6294
877,2.5842
878,2.7302
879,3.0591
880,2.6896
881,2.6881
882,2.7148
883,2.7294
884,2.8345
885,2.6388
886,2.7676
887,2.586
888,2.8608
889,2.8567
890,2.7762
891,2.8494
892,2.8308
893,2.93
894,2.4199
895,2.7228
896,2.6719
897,2.5474
898,2.4849
899,2.7054
900,2.796
901,2.8399
902,3.026
903,2.5545
904,2.5762
905,2.5557
906,2.6323
907,2.7755
908,2.5894
909,2.5741
910,2.7317
911,2.7563
912,2.6628
913,2.5829
914,2.6301
915,2.7713
916,2.5506
917,2.862
918,2.5706
919,2.6582
920,2.624
921,2.5728
922,2.8439
923,2.7708
924,2.721
925,2.9823
926,2.5251
927,2.7102
928,2.6956
929,2.5982
930,2.704
931,2.6076
932,2.7825
933,2.7765
934,2.418
935,2.6932
936,2.564
937,2.7049
938,2.6188
939,2.4763
940,2.6607
941,2.7657
942,2.7791
943,2.6967
944,2.7996
945,2.6165
946,2.3931
947,2.713
948,2.8036
949,2.7059
950,2.6802
951,2.3201
952,2.5635
953,2.6901
954,2.5671
955,2.7195
956,2.7336
957,2.6944
958,2.6665
959,2.7565
960,2.8008
961,2.7956
962,2.7265
963,2.8164
964,2.7747
965,2.6309
966,2.5359
967,2.6966
968,2.7085
969,2.7688
970,2.933
971,3.0272
972,2.5974
973,2.6514
974,2.7832
975,2.4713
976,2.5967
977,2.4888
978,2.5796
979,2.7123
980,2.6118
981,2.6231
982,2.6745
983,2.7756
984,2.712
985,2.5894
986,2.7913
987,2.4971
988,2.7567
989,2.6083
990,2.5887
991,2.6123
992,2.606
993,2.7234
994,2.7105
995,2.3727
996,2.7391
997,2.6192
998,2.6439
999,2.7085
1000,2.6126
1001,2.6665
1002,2.624
1003,2.7808
1004,2.6638
1005,2.7564
1006,2.7057
1007,2.6637
1008,2.8301
1009,2.5591
1010,2.5326
1011,2.5175
1012,2.6602
1013,2.7329
1014,2.8076
1015,2.7697
1016,2.5745
1017,2.6734
1018,2.5578
1019,2.6775
1020,2.7138
1021,3.0039
1022,2.7497
1023,2.6672
1024,2.7183
1025,2.7287
1026,2.6917
1027,2.7253
1028,2.6271
1029,2.6977
1030,2.8793
1031,2.5873
1032,2.5583
1033,2.8656
1034,2.736
1035,2.5505
1036,2.619
1037,2.6032
1038,2.6184
1039,2.6054
1040,2.9042
1041,2.8347
1042,2.6704
1043,2.6327
1044,2.6721
1045,2.7776
1046,2.7553
1047,2.3623
1048,2.6726
1049,2.4964
1050,2.4083
1051,2.5206
1052,2.6962
1053,2.6922
1054,2.6632
1055,2.6494
1056,2.418
1057,2.564
1058,2.53
1059,2.6482
1060,2.5404
1061,2.6875
1062,2.524
1063,2.6655
1064,2.6128
1065,2.9907
1066,2.614
1067,2.5185
1068,2.5267
1069,2.5803
1070,2.5729
1071,2.5326
1072,2.5659
1073,2.6648
1074,2.6522
1075,2.5723
1076,2.5212
1077,2.6593
1078,2.6453
1079,2.6374
1080,2.5772
1081,2.6874
1082,2.6539
1083,2.4077
1084,2.5851
1085,2.5841
1086,2.8195
1087,3.0291
1088,2.6943
1089,2.5705
1090,2.7915
1091,2.7873
1092,2.6443
1093,2.6053
1094,2.4886
1095,2.5753
1096,3.3199
1097,3.3262
1098,2.671
1099,2.6563
1100,2.7001
1101,2.6698
1102,2.6192
1103,2.6797
1104,2.8727
1105,2.6518
1106,2.6725
1107,2.7196
1108,2.7126
1109,2.9404
1110,2.397
1111,2.6906
1112,2.4595
1113,2.6747
1114,2.6241
1115,2.4411
1116,2.4579
1117,2.5419
1118,2.6573
1119,2.5492
1120,2.7316
1121,2.7959
1122,2.7437
1123,2.7707
1124,2.5946
1125,2.5202
1126,2.6495
1127,2.5441
1128,2.4865
1129,2.6838
1130,2.7205
1131,2.77
1132,2.7837
1133,2.8246
1134,2.9278
1135,2.8887
1136,2.6011
1137,2.8891
1138,2.6093
1139,2.5476
1140,2.6819
1141,2.838
1142,2.8125
1143,2.7174
1144,2.569
1145,2.8458
1146,2.4185
1147,2.5822
1148,2.8967
1149,2.8074
1150,2.9213
1151,2.8061
1152,2.6534
1153,2.8294
1154,2.5518
1155,2.911
1156,2.7357
1157,2.797
1158,2.7715
1159,2.4756
1160,2.6477
1161,2.6486
1162,2.5582
1163,2.7958
1164,2.8255
1165,2.7473
1166,2.5878
1167,2.9039
1168,2.8599
1169,2.7964
1170,2.7305
1171,2.6531
1172,2.9374
1173,2.8254
1174,2.8171
1175,2.6822
1176,2.6636
1177,2.7579
1178,3.1319
1179,2.7126
1180,2.6553
1181,2.6875
1182,2.6449
1183,2.8212
1184,2.6153
1185,2.8161
1186,2.6803
1187,2.9389
1188,2.709
1189,2.8452
1190,2.9245
1191,2.5496
1192,2.5265
1193,2.61
1194,2.685
1195,2.7033
1196,2.7086
1197,2.8306
1198,2.7822
1199,3.0134
1200,2.5998
1201,2.8369
1202,2.8185
1203,2.9943
1204,2.8429
1205,2.6557
1206,2.7029
1207,2.6509
1208,2.6584
1209,2.6242
1210,2.7042
1211,2.6083
1212,2.7631
1213,2.4883
1214,2.5664
1215,2.8665
1216,2.5039
1217,2.7543
1218,2.5989
1219,2.7023
1220,2.8492
1221,2.7331
1222,2.8259
1223,2.7304
1224,2.9794
1225,2.6773
1226,2.8048
1227,2.6638
1228,2.5836
1229,2.7474
1230,2.7335
1231,2.5892
1232,2.7526
1233,2.7302
1234,2.5361
1235,2.7602
1236,2.8261
1237,2.6418
1238,2.6398
1239,2.8498
1240,2.8331
1241,2.6188
1242,2.6546
1243,2.618
1244,2.5059
1245,2.6325
1246,2.6346
1247,2.7723
1248,2.7351
1249,2.7547
1250,2.8093
1251,2.9059
1252,2.7652
1253,2.6423
1254,2.4708
1255,2.7093
1256,2.83
1257,2.8492
1258,2.7743
1259,2.8559
1260,2.5442
1261,2.4126
1262,2.727
1263,2.5399
1264,2.4897
1265,2.7284
1266,2.5189
1267,2.5606
1268,2.6792
1269,2.6345
1270,2.9428
1271,2.3593
1272,2.7357
1273,2.6908
1274,2.6368
1275,2.6906
1276,2.5425
1277,2.6512
1278,2.7604
1279,2.8343
1280,2.9053
1281,3.051
1282,2.3515
1283,2.7682
1284,2.7531
1285,2.6252
1286,2.75
1287,2.638
1288,2.8083
1289,2.783
1290,2.589
1291,2.8071
1292,2.812
1293,2.897
1294,2.7075
1295,2.6848
1296,2.6595
1297,2.6165
1298,2.5606
1299,2.9556
1300,2.6507
1301,2.6982
1302,2.6623
1303,2.5707
1304,2.6264
1305,2.5673
1306,2.7321
1307,2.5032
1308,2.9748
1309,3.022
1310,2.7316
1311,2.579
1312,2.6623
1313,2.7132
1314,2.8522
1315,2.7339
1316,2.9669
1317,2.7953
1318,2.6715
1319,2.7832
1320,2.568
1321,2.757
1322,2.8116
1323,2.6008
1324,2.7796
1325,2.6271
1326,2.7237
1327,2.6539
1328,2.9591
1329,2.7611
1330,2.7135
1331,2.533
1332,2.648
1333,2.6318
1334,2.6789
1335,2.8559
1336,2.5437
1337,2.7096
1338,2.8248
1339,2.6842
1340,2.7721
1341,2.6246
1342,2.7022
1343,2.82
1344,2.5771
1345,2.8437
1346,2.9467
1347,2.8639
1348,2.8392
1349,2.6584
1350,2.6269
1351,2.5037
1352,2.3501
1353,2.5949
1354,2.4439
1355,2.7625
1356,2.8735
1357,2.508
1358,2.558
1359,2.7011
1360,2.706
1361,2.5676
1362,2.7157
1363,2.4693
1364,2.4052
1365,2.543
1366,2.4673
1367,2.4196
1368,2.5299
1369,2.5774
1370,2.408
1371,2.4128
1372,2.6605
1373,2.5616
1374,2.5652
1375,2.7694
1376,2.5618
1377,2.535
1378,2.6746
1379,2.4868
1380,2.4539
1381,2.5072
1382,2.4324
1383,2.8416
1384,2.4669
1385,2.7357
1386,2.613
1387,2.5133
1388,2.5712
1389,2.6094
1390,2.5642
1391,2.4985
1392,2.6153
1393,2.3379
1394,2.4515
1395,2.6042
1396,2.6038
1397,2.5074
1398,2.4027
1399,2.4327
1400,2.3761
1401,2.329
1402,2.4444
1403,2.5388
1404,2.5602
1405,2.4003
1406,2.4217
1407,2.5545
1408,2.7653
1409,2.6125
1410,2.5514
1411,2.4618
1412,2.5001
1413,2.4434
1414,2.6519
1415,2.3508
1416,2.4099
1417,2.681
1418,2.7261
1419,2.4582
1420,2.6451
1421,2.3
1422,2.4818
1423,2.7392
1424,2.4893
1425,2.4865
1426,2.5709
1427,2.4672
1428,2.4045
1429,2.6009
1430,2.6146
1431,2.8732
1432,2.5538
1433,2.6644
1434,2.6731
1435,2.6695
1436,2.4953
1437,2.4933
1438,2.467
1439,2.7244
1440,2.5412
1441,2.5948
1442,2.5452
1443,2.4896
1444,2.4483
1445,2.5172
1446,2.4285
1447,2.4103
1448,2.3746
1449,2.44
1450,2.2397
1451,2.4857
1452,2.4522
1453,2.5445
1454,2.811
1455,2.5422
1456,2.4911
1457,2.5576
1458,2.5614
1459,2.4696
1460,2.518
1461,2.5157
1462,2.3095
1463,2.3701
1464,2.5192
1465,2.6587
1466,2.665
1467,2.6039
1468,2.6582
1469,2.5376
1470,2.6317
1471,2.5426
1472,2.4372
1473,2.4073
1474,2.6125
1475,2.3313
1476,2.3819
1477,2.7458
1478,2.6962
1479,2.2513
1480,2.5838
1481,2.464
1482,2.599
1483,2.6578
1484,2.5529
1485,2.7857
1486,2.4308
1487,2.4867
1488,2.7472
1489,2.5917
1490,2.6842
1491,2.6637
1492,2.798
1493,2.524
1494,2.3603
1495,2.5934
1496,2.5757
1497,2.5605
1498,2.4018
1499,2.4958
1500,2.8382
1501,2.5439
1502,2.4538
1503,2.4563
1504,2.4606
1505,2.3554
1506,2.6233
1507,2.5784
1508,2.5223
1509,2.4122
1510,2.4753
1511,2.3566
1512,2.5571
1513,2.5797
1514,2.3786
1515,2.4717
1516,2.578
1517,2.5623
1518,2.6659
1519,2.5519
1520,2.7423
1521,2.5427
1522,2.548
1523,2.7582
1524,2.3727
1525,2.6471
1526,2.6186
1527,2.2612
1528,2.7319
1529,2.6794
1530,2.5495
1531,2.6332
1532,2.381
1533,2.4265
1534,2.472
1535,2.3444
1536,2.47
1537,2.6124
1538,2.4824
1539,2.5864
1540,2.6833
1541,2.6051
1542,2.5776
1543,2.5409
1544,2.4395
1545,2.5935
1546,2.8993
1547,2.4874
1548,2.4695
1549,2.6621
1550,2.7157
1551,2.6618
1552,2.5898
1553,2.8177
1554,2.4173
1555,2.5965
1556,2.333
1557,2.6719
1558,2.626
1559,2.4337
1560,2.5419
1561,2.3714
1562,2.6267
1563,2.534
1564,2.5793
1565,2.6665
1566,2.6323
1567,2.8563
1568,2.7733
1569,2.8962
1570,2.6331
1571,2.6036
1572,2.7524
1573,2.551
1574,2.6198
1575,2.671
1576,2.6327
1577,2.6244
1578,2.5165
1579,2.7414
1580,2.457
1581,2.6004
1582,2.6738
1583,2.5402
1584,2.548
1585,2.5662
1586,2.4428
1587,2.5143
1588,2.6858
1589,2.4983
1590,2.5574
1591,2.5652
1592,2.7571
1593,2.6679
1594,2.4867
1595,2.5452
1596,2.5803
1597,2.5086
1598,2.6028
1599,2.377
1600,2.338
1601,2.5989
1602,2.6688
1603,2.5427
1604,2.6235
1605,2.7893
1606,2.6789
1607,2.5676
1608,2.4575
1609,2.6212
1610,2.6122
1611,2.6431
1612,2.4518
1613,2.4086
1614,2.5657
1615,2.5155
1616,2.4876
1617,2.5198
1618,2.5552
1619,2.7386
1620,2.6512
1621,2.6703
1622,2.7193
1623,2.6638
1624,2.8438
1625,2.7562
1626,2.5461
1627,2.6553
1628,2.6834
1629,2.423
1630,2.6616
1631,2.5361
1632,2.5311
1633,2.5733
1634,2.4991
1635,2.5003
1636,2.4196
1637,2.3823
1638,2.5317
1639,2.6416
1640,2.5034
1641,2.5183
1642,2.5265
1643,2.5088
1644,2.5458
1645,2.8016
1646,2.5724
1647,2.6802
1648,2.7215
1649,2.6691
1650,2.6138
1651,2.6258
1652,2.4646
1653,2.5254
1654,2.5791
1655,2.6821
1656,2.4099
1657,2.2935
1658,2.5676
1659,2.6341
1660,2.6002
1661,2.5981
1662,2.6461
1663,2.4386
1664,2.5036
1665,2.5909
1666,2.6106
1667,2.7808
1668,2.6856
1669,2.6992
1670,2.3469
1671,2.4314
1672,2.4692
1673,2.5881
1674,2.3691
1675,2.5922
1676,2.6161
1677,2.5502
1678,2.6388
1679,2.591
1680,2.6401
1681,2.6613
1682,2.5329
1683,2.6117
1684,2.7897
1685,2.5296
1686,2.6555
1687,2.5542
1688,2.5322
1689,2.6068
1690,2.3628
1691,2.5038
1692,2.6672
1693,2.6055
1694,2.5827
1695,2.5535
1696,2.6225
1697,2.7963
1698,2.503
1699,2.6064
1700,2.575
1701,2.6493
1702,2.6646
1703,2.5376
1704,2.7189
1705,2.5861
1706,2.641
1707,2.964
1708,2.6425
1709,2.4405
1710,2.5104
1711,2.5796
1712,2.6752
1713,2.5275
1714,2.4478
1715,2.5003
1716,2.5619
1717,2.6231
1718,2.5589
1719,2.4484
1720,2.6311
1721,2.491
1722,2.7258
1723,2.6187
1724,2.5937
1725,2.7184
1726,2.4804
1727,2.468
1728,2.3197
1729,2.3894
1730,2.6791
1731,2.7075
1732,2.4575
1733,2.5162
1734,2.6498
1735,2.6458
1736,2.4639
1737,2.4525
1738,2.4751
1739,2.5627
1740,2.4986
1741,2.5132
1742,2.5486
1743,2.736
1744,2.4059
1745,2.7539
1746,2.656
1747,2.611
1748,2.5209
1749,2.493
1750,2.5862
1751,2.6308
1752,2.5393
1753,2.7517
1754,2.6114
1755,2.727
1756,2.6666
1757,2.4939
1758,2.6823
1759,2.6788
1760,2.6502
1761,2.5112
1762,2.6209
1763,2.3935
1764,2.5318
1765,2.8213
1766,2.5072
1767,2.5745
1768,2.6661
1769,2.6144
1770,2.7625
1771,2.5033
1772,2.4852
1773,2.4783
1774,2.4851
1775,2.5127
1776,2.7022
1777,2.6424
1778,2.5443
1779,2.5304
1780,2.3282
1781,2.6245
1782,2.5901
1783,2.5593
1784,2.4549
1785,2.5572
1786,2.4579
1787,2.494
1788,2.6446
1789,2.3383
1790,2.7116
1791,2.5223
1792,2.6591
1793,2.467
1794,2.5527
1795,2.4111
1796,2.4604
1797,2.4781
1798,2.5359
1799,2.6095
1800,2.6464
1801,2.6256
1802,2.3834
1803,2.6112
1804,2.3399
1805,2.7605
1806,2.6383
1807,2.5353
1808,2.6936
1809,2.651
1810,2.5208
1811,2.415
1812,2.4507
1813,2.339
1814,2.6203
1815,2.673
1816,2.5237
1817,2.4536
1818,2.6507
1819,2.7579
1820,2.602
1821,2.647
1822,2.9047
1823,2.7192
1824,2.3994
1825,2.2774
1826,2.5916
1827,2.4819
1828,2.5416
1829,2.7182
1830,2.5753
1831,2.7119
1832,2.637
1833,2.6751
1834,2.6433
1835,2.7017
1836,2.6306
1837,2.5952
1838,2.5629
1839,2.673
1840,2.4175
1841,2.6027
1842,2.5894
1843,2.6044
1844,2.6106
1845,2.7583
1846,2.589
1847,2.4897
1848,2.3889
1849,2.4019
1850,2.6326
1851,2.7944
1852,2.7807
1853,2.6775
1854,2.6328
1855,2.7195
1856,2.4821
1857,2.2504
1858,2.4378
1859,2.6986
1860,2.6817
1861,2.6453
1862,2.7468
1863,2.6001
1864,2.6157
1865,2.5516
1866,2.3454
1867,2.3901
1868,2.8972
1869,2.7119
1870,2.5235
1871,2.3513
1872,2.271
1873,2.5198
1874,2.6535
1875,2.4631
1876,2.4056
1877,2.4582
1878,2.3532
1879,2.377
1880,2.4322
1881,2.581
1882,2.5289
1883,2.3811
1884,2.5001
1885,2.6682
1886,2.5115
1887,2.7148
1888,2.518
1889,2.5799
1890,2.5148
1891,2.5923
1892,2.6254
1893,2.6316
1894,2.4238
1895,2.5982
1896,2.7464
1897,2.4963
1898,2.6643
1899,2.5815
1900,2.4358
1901,2.4562
1902,2.4336
1903,2.5064
1904,2.4952
1905,2.4689
1906,2.5861
1907,2.6904
1908,2.3555
1909,2.5575
1910,2.542
1911,2.5057
1912,2.3934
1913,2.8203
1914,2.8126
1915,2.6007
1916,2.6794
1917,2.5078
1918,2.3268
1919,2.3204
1920,2.4195
1921,2.5045
1922,2.4999
1923,2.5374
1924,2.5052
1925,2.3455
1926,2.4356
1927,2.4158
1928,2.6585
1929,2.736
1930,2.6802
1931,2.4948
1932,2.4241
1933,2.4787
1934,2.4815
1935,2.3523
1936,2.575
1937,2.7013
1938,2.6456
1939,2.4373
1940,2.5577
1941,2.4708
1942,2.5908
1943,2.5277
1944,2.532
1945,2.5967
1946,2.4381
1947,2.6809
1948,2.4836
1949,2.3553
1950,2.5835
1951,2.4661
1952,2.4624
1953,2.4502
1954,2.5872
1955,2.3763
1956,2.5768
1957,2.5576
1958,2.5596
1959,2.6102
1960,2.7489
1961,2.5187
1962,2.5672
1963,2.3929
1964,2.3154
1965,2.4676
1966,2.4493
1967,2.5279
1968,2.6028
1969,2.4535
1970,2.6072
1971,2.4826
1972,2.4731
1973,2.602
1974,2.5809
1975,2.5702
1976,2.3513
1977,2.6734
1978,2.4481
1979,2.261
1980,2.4433
1981,2.4033
1982,2.3834
1983,2.6183
1984,2.6616
1985,2.4179
1986,2.464
1987,2.6023
1988,2.4899
1989,2.5584
1990,2.6118
1991,2.5935
1992,2.6144
1993,2.6803
1994,2.4467
1995,2.5651
1996,2.7334
1997,2.5768
1998,2.6994
1999,2.5652
2000,2.6112
2001,2.6661
2002,2.407
2003,2.5245
2004,2.5409
2005,2.3593
2006,2.921
2007,2.6899
2008,2.5928
2009,2.525
2010,2.4845
2011,2.5353
2012,2.4539
2013,2.7119
2014,2.4758
2015,2.7678
2016,2.4639
2017,2.606
2018,2.5479
2019,2.6629
2020,2.4934
2021,2.5927
2022,2.6091
2023,2.7326
2024,2.6595
2025,2.6428
2026,2.721
2027,2.5598
2028,2.2657
2029,42.9224
2030,3.8066
2031,3.3746
2032,3.5186
2033,3.0538
2034,2.9165
2035,2.9389
2036,2.6044
2037,2.6998
2038,2.8865
2039,2.9911
2040,2.9644
2041,3.0241
2042,2.5223
2043,2.5888
2044,2.5887
2045,2.5926
2046,2.5768
2047,2.5672
2048,2.439
2049,2.3993
2050,2.6288
2051,2.6861
2052,2.527
2053,2.4641
2054,2.6454
2055,2.4953
2056,2.5907
2057,2.6079
2058,2.6632
2059,2.6378
2060,2.7478
2061,2.5343
2062,2.4394
2063,2.3799
2064,2.3795
2065,2.5129
2066,2.59
2067,2.6239
2068,2.4989
2069,2.5537
2070,2.4923
2071,2.7023
2072,2.4463
2073,2.2384
2074,2.1959
2075,2.6476
2076,2.5213
2077,2.5121
2078,2.7124
2079,2.7006
2080,2.6496
2081,2.5994
2082,2.8721
2083,2.5672
2084,2.4827
2085,2.8308
2086,2.6595
2087,2.4573
2088,2.5779
2089,2.6487
2090,2.8324
2091,2.5947
2092,2.3756
2093,2.6906
2094,2.6822
2095,2.468
2096,2.5863
2097,2.5393
2098,2.7062
2099,2.7026
2100,2.6902
2101,2.4873
2102,2.5051
2103,2.5697
2104,2.6747
2105,2.7803
2106,2.6176
2107,2.5232
2108,2.6033
2109,2.6165
2110,2.6368
2111,2.699
2112,2.5121
2113,2.662
2114,2.5908
2115,2.6349
2116,2.3679
2117,2.4762
2118,2.3698
2119,2.6992
2120,2.3742
2121,2.4888
2122,2.311
2123,2.4383
2124,2.4251
2125,2.1984
2126,2.4725
2127,2.4922
2128,2.8781
2129,2.7096
2130,2.5561
2131,2.6173
2132,2.39
2133,2.7113
2134,2.529
2135,2.4462
2136,2.6026
2137,2.7707
2138,2.5843
2139,2.6785
2140,2.4567
2141,2.7812
2142,2.5639
2143,2.4382
2144,2.5134
2145,2.5266
2146,2.4417
2147,2.5244
2148,2.5339
2149,2.3648
2150,2.5824
2151,2.8072
2152,2.5965
2153,2.4252
2154,2.6299
2155,2.7877
2156,2.5293
2157,2.5784
2158,2.5954
2159,2.6351
2160,2.6664
2161,2.508
2162,2.4528
2163,2.5397
2164,2.5033
2165,2.5109
2166,2.4732
2167,2.5149
2168,2.6205
2169,2.5188
2170,2.6405
2171,2.8866
2172,2.6637
2173,2.4335
2174,2.9112
2175,2.4491
2176,2.5616
2177,2.6807
2178,2.5764
2179,2.6433
2180,2.4736
2181,2.5605
2182,2.4821
2183,2.5015
2184,2.4969
2185,2.53
2186,2.6462
2187,2.532
2188,2.5781
2189,2.5619
2190,2.4936
2191,2.5535
2192,2.5598
2193,2.395
2194,2.675
2195,2.6003
2196,2.5941
2197,2.8409
2198,2.4374
2199,2.5808
2200,2.5525
2201,2.5789
2202,2.6734
2203,2.4659
2204,2.5595
2205,2.3441
2206,2.7053
2207,2.3543
2208,2.5065
2209,2.6984
2210,2.5615
2211,2.8932
2212,2.6796
2213,2.5149
2214,2.537
2215,2.4019
2216,2.5999
2217,2.4324
2218,2.6275
2219,2.3824
2220,2.7819
2221,2.5005
2222,2.4721
2223,2.5966
2224,2.7297
2225,2.6653
2226,2.6213
2227,2.5425
2228,2.5062
2229,2.418
2230,2.5356
2231,2.5802
2232,2.5837
2233,2.5319
2234,2.4125
2235,2.6028
2236,2.8101
2237,2.6401
2238,2.6931
2239,2.6194
2240,2.6632
2241,2.6141
2242,2.6828
2243,2.7904
2244,2.4845
2245,2.5671
2246,2.5195
2247,2.5451
2248,2.438
2249,2.5169
2250,2.335
2251,2.6046
2252,2.5933
2253,2.4091
2254,2.3293
2255,2.4258
2256,2.4898
2257,2.6835
2258,2.6555
2259,2.5122
2260,2.5753
2261,2.5095
2262,2.5303
2263,2.5887
2264,2.3829
2265,2.5165
2266,2.8519
2267,2.5205
2268,2.6404
2269,2.5883
2270,2.6407
2271,2.8402
2272,2.7583
2273,2.3864
2274,2.4357
2275,2.6245
2276,2.5608
2277,2.6126
2278,2.5887
2279,2.269
2280,2.6064
2281,2.4177
2282,2.5652
2283,2.536
2284,2.5589
2285,2.6069
2286,2.5373
2287,2.5293
2288,2.5698
2289,2.8079
2290,2.5717
2291,2.6459
2292,2.6665
2293,2.5051
2294,2.6679
2295,2.5275
2296,2.6304
2297,2.4494
2298,2.6116
2299,2.6349
2300,2.573
2301,2.3545
2302,2.4555
2303,2.3671
2304,2.3233
2305,2.4911
2306,2.5746
2307,2.5326
2308,2.5434
2309,2.7433
2310,2.815
2311,2.5442
2312,2.8475
2313,2.5169
2314,2.3467
2315,2.6604
2316,2.4737
2317,2.6074
2318,2.6071
2319,2.5827
2320,2.6255
2321,2.531
2322,2.5425
2323,2.4875
2324,2.5777
2325,2.6393
2326,2.6411
2327,2.5975
2328,2.5545
2329,2.7198
2330,2.4327
2331,2.4816
2332,2.3941
2333,2.5335
2334,2.4437
2335,2.9144
2336,2.6043
2337,2.5117
2338,2.6579
2339,2.6403
2340,2.3741
2341,2.4917
2342,2.4328
2343,2.49
2344,2.4665
2345,2.5898
2346,2.3804
2347,2.4921
2348,2.5776
2349,2.5153
2350,2.491
2351,2.3988
2352,2.463
2353,2.7026
2354,2.5568
2355,2.5908
2356,2.6457
2357,2.637
2358,2.8886
2359,2.4824
2360,2.5101
2361,2.4621
2362,2.7435
2363,2.5933
2364,2.4815
2365,2.4648
2366,2.3398
2367,2.5387
2368,2.5237
2369,2.5267
2370,2.5365
2371,2.3815
2372,2.4793
2373,2.7942
2374,2.5283
2375,2.6904
2376,2.6312
2377,2.6268
2378,2.6239
2379,2.5208
2380,2.489
2381,2.5528
2382,2.37
2383,2.6111
2384,2.5059
2385,2.5501
2386,2.6565
2387,2.709
2388,2.3117
2389,2.7048
2390,2.7428
2391,2.6145
2392,2.7614
2393,2.6699
2394,2.5662
2395,2.3395
2396,2.6318
2397,2.4431
2398,2.6813
2399,2.4943
2400,2.4074
2401,2.3921
2402,2.5025
2403,2.6309
2404,2.6214
2405,2.4708
2406,2.5678
2407,2.5459
2408,2.5112
2409,2.4878
2410,2.6247
2411,2.5199
2412,2.7857
2413,2.5272
2414,2.6394
2415,2.3833
2416,2.5341
2417,2.4831
2418,2.574
2419,2.3827
2420,2.6128
2421,2.5703
2422,2.487
2423,2.2453
2424,2.5806
2425,2.4419
2426,2.5676
2427,2.93
2428,2.5768
2429,2.4282
2430,2.5175
2431,2.4199
2432,2.515
2433,2.4626
2434,2.4498
2435,2.5551
2436,2.5205
2437,2.5923
2438,2.5487
2439,2.3919
2440,2.3081
2441,2.7326
2442,2.4774
2443,2.4829
2444,2.5851
2445,2.6904
2446,2.7501
2447,2.4759
2448,2.4484
2449,2.5719
2450,2.8062
2451,2.6029
2452,2.6081
2453,2.6681
2454,2.6497
2455,2.421
2456,2.636
2457,2.5004
2458,2.7148
2459,2.5456
2460,2.6756
2461,2.5345
2462,2.4298
2463,2.7176
2464,2.5494
2465,2.731
2466,2.5535
2467,2.6457
2468,2.4883
2469,2.5014
2470,2.4992
2471,2.5454
2472,2.545
2473,2.8848
2474,2.5309
2475,2.5712
2476,2.5104
2477,2.6707
2478,2.3881
2479,2.5533
2480,2.6122
2481,2.781
2482,2.5404
2483,2.6459
2484,2.5602
2485,2.7325
2486,2.5572
2487,2.5607
2488,2.3962
2489,2.5104
2490,2.6033
2491,2.699
2492,2.4246
2493,2.6546
2494,2.4848
2495,2.5297
2496,2.8074
2497,2.3936
2498,2.5055
2499,2.5086
2500,2.6704
2501,2.6073
2502,2.7041
2503,2.628
2504,2.5389
2505,2.4321
2506,2.5114
2507,2.4614
2508,2.49
2509,2.7959
2510,2.526
2511,2.49
2512,2.4364
2513,2.5797
2514,2.501
2515,2.726
2516,2.2556
2517,2.5708
2518,2.4497
2519,2.887
2520,2.4905
2521,2.588
2522,2.5791
2523,2.3958
2524,2.6063
2525,2.5082
2526,2.4583
2527,2.4739
2528,2.7547
2529,2.686
2530,2.5189
2531,2.768
2532,2.3389
2533,2.3803
2534,2.5129
2535,2.6885
2536,2.5171
2537,2.5923
2538,2.5647
2539,2.3395
2540,2.6989
2541,2.4292
2542,2.7895
2543,2.4175
2544,2.5862
2545,2.6008
2546,2.6608
2547,2.6633
2548,2.5046
2549,2.599
2550,2.5934
2551,2.5929
2552,2.5599
2553,2.4225
2554,2.4662
2555,2.449
2556,2.3159
2557,2.7441
2558,2.6324
2559,2.5803
2560,2.7748
2561,2.6129
2562,2.5401
2563,2.5248
2564,2.6497
2565,2.9582
2566,2.6279
2567,2.5168
2568,2.5935
2569,2.6614
2570,2.5911
2571,2.7356
2572,2.7747
2573,2.7257
2574,2.5942
2575,2.4866
2576,2.4967
2577,2.4279
2578,2.464
2579,2.488
2580,2.6635
2581,2.5279
2582,2.5766
2583,2.49
2584,2.4904
2585,2.678
2586,2.4523
2587,2.5259
2588,2.6948
2589,2.7214
2590,2.7461
2591,2.6738
2592,2.7045
2593,2.5576
2594,2.4696
2595,2.4837
2596,2.4173
2597,2.517
2598,2.5811
2599,2.5146
2600,2.56
2601,2.481
2602,2.5638
2603,2.5024
2604,2.5706
2605,2.701
2606,2.7174
2607,2.4531
2608,2.7167
2609,2.5839
2610,2.3828
2611,2.7995
2612,2.5822
2613,2.4182
2614,2.6177
2615,2.577
2616,2.5107
2617,2.4745
2618,2.4769
2619,2.537
2620,2.5204
2621,2.6222
2622,2.3234
2623,2.5397
2624,2.2857
2625,2.5567
2626,2.5728
2627,2.6056
2628,2.6093
2629,2.6307
2630,2.5497
2631,2.5361
2632,2.6693
2633,2.658
2634,2.6719
2635,2.4482
2636,2.6524
2637,2.58
2638,2.5041
2639,2.359
2640,2.68
2641,2.579
2642,2.4987
2643,2.6341
2644,2.6321
2645,2.6241
2646,2.5148
2647,2.5776
2648,2.284
2649,2.7118
2650,2.7611
2651,2.6816
2652,2.6207
2653,2.6534
2654,2.574
2655,2.3196
2656,2.5186
2657,2.854
2658,2.7434
2659,2.5984
2660,2.5056
2661,2.5108
2662,2.5047
2663,2.3665
2664,2.6664
2665,2.608
2666,2.5195
2667,2.6574
2668,2.7106
2669,2.55
2670,2.4672
2671,2.5295
2672,2.715
2673,2.4894
2674,2.6614
2675,2.7812
2676,2.7543
2677,2.4697
2678,2.7257
2679,2.5585
2680,2.9741
2681,2.602
2682,2.4702
2683,2.3954
2684,2.4436
2685,2.6231
2686,2.6226
2687,2.3396
2688,2.5235
2689,2.5257
2690,2.4752
2691,2.8196
2692,2.4932
2693,2.6114
2694,2.3869
2695,2.5103
2696,2.682
2697,2.3781
2698,2.579
2699,2.5531
2700,2.5604
2701,2.6666
2702,2.6384
2703,2.8423
2704,2.6004
2705,2.4767
2706,2.657
2707,2.6501
2708,2.6328
2709,2.5243
2710,2.6155
2711,2.3726
2712,2.6548
2713,2.6546
2714,2.5132
2715,2.6077
2716,2.7016
2717,2.4636
2718,2.2524
2719,2.6494
2720,2.5748
2721,2.8091
2722,2.5264
2723,2.5296
2724,2.3449
2725,2.5421
2726,2.7781
2727,2.4852
2728,2.5777
2729,2.7115
2730,2.4626
2731,2.3728
2732,2.6428
2733,2.6995
2734,2.6831
2735,2.4588
2736,2.561
2737,2.6704
2738,2.6137
2739,2.4441
2740,2.542
2741,2.7719
2742,2.6395
2743,2.492
2744,2.4719
2745,2.6511
2746,2.6838
2747,2.6144
2748,2.6762
2749,2.7349
2750,2.3813
2751,2.6613
2752,2.6741
2753,2.5477
2754,2.5059
2755,2.5563
2756,2.5423
2757,2.6692
2758,2.7033
2759,2.8969
2760,2.5871
2761,2.5248
2762,2.6247
2763,2.5784
2764,2.5852
2765,2.4101
2766,2.6928
2767,2.8322
2768,2.6064
2769,2.5546
2770,2.6182
2771,2.3819
2772,2.7918
2773,2.5067
2774,2.6595
2775,2.49
2776,2.3865
2777,2.5867
2778,2.5313
2779,2.4325
2780,2.3877
2781,2.498
2782,2.5075
2783,2.4968
2784,2.4388
2785,2.5714
2786,2.6137
2787,2.6298
2788,2.6224
2789,2.5726
2790,2.4408
2791,2.7025
2792,2.4409
2793,2.6398
2794,2.4612
2795,2.6491
2796,2.4486
2797,2.4312
2798,2.4864
2799,2.5131
2800,2.5255
2801,2.4587
2802,2.4131
2803,2.5669
2804,2.4762
2805,2.481
2806,2.4541
2807,2.5575
2808,2.6134
2809,2.57
2810,2.544
2811,2.5068
2812,2.5736
2813,2.449
2814,2.6345
2815,2.4766
2816,2.467
2817,2.4928
2818,2.7126
2819,2.5589
2820,2.6375
2821,2.7405
2822,2.2806
2823,2.2946
2824,2.4248
2825,2.5293
2826,2.5659
2827,2.307
2828,2.662
2829,2.5284
2830,2.5197
2831,2.6272
2832,2.6045
2833,2.4214
2834,2.3512
2835,2.6808
2836,2.5886
2837,2.4706
2838,2.6612
2839,2.6165
2840,2.4637
2841,2.9155
2842,2.5942
2843,2.4983
2844,2.5846
2845,2.7177
2846,2.6336
2847,2.4991
2848,2.5429
2849,2.5755
2850,2.4813
2851,2.7057
2852,2.8015
2853,2.4945
2854,2.6541
2855,2.6031
2856,2.6604
2857,2.6558
2858,2.6163
2859,2.3208
2860,2.5413
2861,2.6463
2862,2.6416
2863,2.7763
2864,2.8915
2865,2.5028
2866,2.6271
2867,2.4451
2868,2.5646
2869,2.487
2870,2.4804
2871,2.6066
2872,2.7
2873,2.5178
2874,2.4901
2875,2.5279
2876,2.6262
2877,2.5931
2878,2.7528
2879,2.4366
2880,2.5604
2881,2.5381
2882,2.6185
2883,2.4703
2884,2.4258
2885,2.4314
2886,2.4126
2887,2.6781
2888,2.3581
2889,2.4845
2890,2.4688
2891,2.2715
2892,2.5732
2893,2.7791
2894,2.5955
2895,2.6111
2896,2.6147
2897,2.6776
2898,2.4845
2899,2.5348
2900,2.1988
2901,2.5226
2902,2.7657
2903,2.4355
2904,2.7479
2905,2.6158
2906,2.5481
2907,2.6118
2908,2.5847
2909,2.634
2910,2.7096
2911,2.5256
2912,2.4369
2913,2.6499
2914,2.4377
2915,2.3567
2916,2.3544
2917,2.6116
2918,2.3822
2919,2.6056
2920,2.6221
2921,2.4772
2922,2.551
2923,2.591
2924,2.55
2925,2.3238
2926,2.4515
2927,2.575
2928,2.5673
2929,2.3444
2930,2.5283
2931,2.6834
2932,2.5268
2933,2.54
2934,2.6611
2935,2.5289
2936,2.6958
2937,2.4844
2938,2.4243
2939,2.6521
2940,2.5736
2941,2.6269
2942,2.3541
2943,2.5502
2944,2.574
2945,2.6985
2946,2.3824
2947,2.3515
2948,2.348
2949,2.3327
2950,2.7511
2951,2.6561
2952,2.5187
2953,3.0079
2954,2.5256
2955,2.5286
2956,2.928
2957,2.645
2958,2.5626
2959,2.3512
2960,2.5403
2961,2.6422
2962,2.4747
2963,2.6511
2964,2.6704
2965,2.5099
2966,2.4779
2967,2.5671
2968,2.5307
2969,2.4608
2970,2.4767
2971,2.4289
2972,2.5364
2973,2.6255
2974,2.6224
2975,2.5247
2976,2.509
2977,2.6983
2978,2.6544
2979,2.8931
2980,2.6433
2981,2.6733
2982,2.6535
2983,2.7698
2984,2.3535
2985,2.706
2986,2.5235
2987,2.5246
2988,2.582
2989,2.5685
2990,2.473
2991,2.4614
2992,2.5037
2993,2.4671
2994,2.5439
2995,2.5406
2996,2.4783
2997,2.4234
2998,2.5476
2999,2.6614
3000,2.6102
3001,2.4567
3002,2.7266
3003,2.6804
3004,2.2557
3005,2.2648
3006,2.2382
3007,2.4653
3008,2.4341
3009,2.5739
3010,2.6939
3011,2.8214
3012,2.5833
3013,2.6444
3014,2.636
3015,2.6145
3016,2.5307
3017,2.6119
3018,2.905
3019,2.5785
3020,2.3068
3021,2.3562
3022,2.572
3023,2.4551
3024,2.4415
3025,2.9885
3026,2.7276
3027,2.3343
3028,2.3774
3029,2.4881
3030,2.5236
3031,2.813
3032,2.653
3033,2.641
3034,2.4125
3035,2.4665
3036,2.7113
3037,2.7116
3038,2.4604
3039,2.4213
3040,2.5907
3041,2.5482
3042,2.6715
3043,2.6488
3044,2.6062
3045,2.4663
3046,2.6155
3047,2.4891
3048,2.7893
3049,2.5726
3050,2.6246
3051,2.4788
3052,2.7952
3053,2.6088
3054,2.3109
3055,2.7356
3056,2.5628
3057,2.6685
3058,2.5205
3059,2.6277
3060,2.5498
3061,2.4545
3062,2.5188
3063,2.6219
3064,2.4796
3065,2.4311
3066,2.5281
3067,2.6678
3068,2.5288
3069,2.6993
3070,2.3886
3071,2.6848
3072,2.6578
3073,2.4304
3074,2.4406
3075,2.5105
3076,2.7096
3077,2.6026
3078,2.64
3079,2.6872
3080,2.587
3081,2.657
3082,2.5705
3083,2.5863
3084,2.6472
3085,2.5145
3086,2.3396
3087,2.608
3088,2.4233
3089,2.5647
3090,2.5364
3091,2.6304
3092,2.6122
3093,2.6457
3094,2.8224
3095,2.5845
3096,2.5148
3097,2.5731
3098,2.6165
3099,2.5417
3100,2.7021
3101,2.3005
3102,2.5818
3103,2.5016
3104,2.5926
3105,2.6358
3106,2.6375
3107,2.7266
3108,2.5268
3109,2.5827
3110,2.5623
3111,2.503
3112,2.6795
3113,2.484
3114,2.6104
3115,2.7507
3116,2.3697
3117,2.6916
3118,2.5339
3119,2.6196
3120,2.4966
3121,2.7922
3122,2.7625
3123,2.7662
3124,2.6209
3125,2.5457
3126,2.4091
3127,2.4767
3128,2.5207
3129,2.5683
3130,2.7036
3131,2.4872
3132,2.3836
3133,2.5549
3134,2.676
3135,2.7559
3136,2.7653
3137,2.7638
3138,2.6188
3139,2.5281
3140,2.6783
3141,2.449
3142,2.7431
3143,2.693
3144,2.7135
3145,2.6124
3146,2.6927
3147,2.5862
3148,2.5469
3149,2.6486
3150,2.4486
3151,2.5119
3152,2.5562
3153,2.5812
3154,2.7356
3155,2.7096
3156,2.388
3157,2.5823
3158,2.5745
3159,2.6508
3160,2.6508
3161,2.64
3162,2.4762
3163,2.7395
3164,2.4436
3165,2.7197
3166,2.5561
3167,2.447
3168,2.5473
3169,2.4812
3170,2.414
3171,2.492
3172,2.3222
3173,2.5822
3174,2.7095
3175,2.6204
3176,2.6305
3177,2.3982
3178,2.6002
3179,2.5773
3180,2.5811
3181,2.5783
3182,2.546
3183,2.5696
3184,2.3075
3185,2.3405
3186,2.8961
3187,2.5035
3188,2.6331
3189,2.6834
3190,2.4968
3191,2.4341
3192,2.3829
3193,2.5844
3194,2.6592
3195,2.5542
3196,2.5354
3197,2.5521
3198,2.7069
3199,2.5764
3200,2.4663
3201,2.6317
3202,2.505
3203,2.2929
3204,2.3822
3205,2.2921
3206,2.383
3207,2.4555
3208,2.4326
3209,2.6582
3210,2.2948
3211,2.4141
3212,2.3681
3213,2.4559
3214,2.5632
3215,2.2473
3216,2.5165
3217,2.6272
3218,2.3166
3219,2.4187
3220,2.5776
3221,2.3139
3222,2.6705
3223,2.411
3224,2.6045
3225,2.3565
3226,2.6652
3227,2.6297
3228,2.4972
3229,2.5864
3230,2.5878
3231,2.4566
3232,2.7572
3233,2.346
3234,2.4231
3235,2.7115
3236,2.4058
3237,2.4833
3238,2.4759
3239,2.3497
3240,2.4145
3241,2.3138
3242,2.4976
3243,2.3904
3244,2.4017
3245,2.4238
3246,2.411
3247,2.439
3248,2.3622
3249,2.4279
3250,2.5214
3251,2.5537
3252,2.3315
3253,2.3968
3254,2.5849
3255,2.6738
3256,2.499
3257,2.6898
3258,2.3643
3259,2.3653
3260,2.6183
3261,2.6611
3262,2.5179
3263,2.5651
3264,2.3863
3265,2.6396
3266,2.5916
3267,2.4502
3268,2.6093
3269,2.4102
3270,2.6178
3271,2.4277
3272,2.6198
3273,2.6738
3274,2.4868
3275,2.6733
3276,2.4827
3277,2.4729
3278,2.6359
3279,2.5679
3280,2.4831
3281,2.4441
3282,2.5162
3283,2.5711
3284,2.5473
3285,2.5416
3286,2.6554
3287,2.7798
3288,2.4297
3289,2.7925
3290,2.5138
3291,2.4189
3292,2.4162
3293,2.4082
3294,2.3295
3295,2.59
3296,2.5697
3297,2.6612
3298,2.3406
3299,2.8018
3300,2.4532
3301,2.8734
3302,2.5885
3303,2.7331
3304,2.7028
3305,2.6349
3306,2.5687
3307,2.7326
3308,2.5654
3309,2.5289
3310,2.399
3311,2.369
3312,2.4886
3313,2.4848
3314,2.6528
3315,2.4627
3316,2.5175
3317,2.4621
3318,2.6992
3319,2.6188
3320,2.6167
3321,2.4033
3322,2.5925
3323,2.5587
3324,2.8194
3325,2.5932
3326,2.4929
3327,2.4935
3328,2.4915
3329,2.4712
3330,2.435
3331,2.4778
3332,2.5441
3333,2.4912
3334,2.4892
3335,2.3024
3336,2.6201
3337,2.4874
3338,2.5607
3339,2.3075
3340,2.5046
3341,2.7647
3342,2.6326
3343,2.6567
3344,2.6033
3345,2.5265
3346,2.5045
3347,2.6041
3348,2.4535
3349,2.5191
3350,2.5238
3351,2.4554
3352,2.4945
3353,2.6584
3354,2.5893
3355,2.423
3356,2.5769
3357,2.5718
3358,2.5239
3359,2.5891
3360,2.488
3361,2.6185
3362,2.6229
3363,2.7325
3364,2.6947
3365,2.5354
3366,2.4984
3367,2.3713
3368,2.5454
3369,2.575
3370,2.9025
3371,2.6152
3372,2.5314
3373,2.3773
3374,2.3138
3375,2.5159
3376,2.4208
3377,2.7418
3378,2.317
3379,2.6777
3380,2.6958
3381,2.5409
3382,2.5937
3383,2.7401
3384,2.5851
3385,2.497
3386,2.6771
3387,2.8085
3388,2.698
3389,2.6191
3390,2.6686
3391,2.4063
3392,2.6325
3393,3.0099
3394,2.6598
3395,2.4861
3396,2.5197
3397,2.6181
3398,2.6131
3399,2.6613
3400,2.6484
3401,2.6376
3402,2.5777
3403,2.4159
3404,2.5184
3405,2.5651
3406,2.5161
3407,2.6169
3408,2.4852
3409,2.6066
3410,2.5901
3411,2.6056
3412,2.4719
3413,2.7131
3414,2.4077
3415,2.5586
3416,2.5106
3417,2.4568
3418,2.6842
3419,2.5357
3420,2.477
3421,2.3803
3422,2.4745
3423,2.5719
3424,2.6285
3425,2.5134
3426,2.3048
3427,2.4671
3428,2.6786
3429,2.6825
3430,2.4748
3431,2.5674
3432,2.5965
3433,2.5109
3434,2.5967
3435,2.3594
3436,2.4427
3437,2.482
3438,2.4545
3439,2.8773
3440,2.6068
3441,2.5311
3442,2.5872
3443,2.5816
3444,2.5977
3445,2.5755
3446,2.5535
3447,2.6165
3448,2.6454
3449,2.5723
3450,2.7094
3451,2.5066
3452,2.4401
3453,2.4278
3454,2.1806
3455,2.7062
3456,2.6531
3457,2.7268
3458,2.7797
3459,2.5797
3460,2.6251
3461,2.4128
3462,2.8338
3463,2.8057
3464,2.6894
3465,2.4648
3466,2.6339
3467,2.5524
3468,2.5777
3469,2.5294
3470,2.6689
3471,2.6404
3472,2.5938
3473,2.5907
3474,2.5205
3475,2.587
3476,2.5439
3477,2.5073
3478,2.5796
3479,2.4424
3480,2.3729
3481,2.6179
3482,2.4694
3483,2.5797
3484,2.4422
3485,2.7982
3486,2.7329
3487,2.4623
3488,2.6631
3489,2.6886
3490,2.5753
3491,2.6734
3492,2.6174
3493,2.4718
3494,2.7329
3495,2.4612
3496,2.5371
3497,2.447
3498,2.5266
3499,2.6612
3500,2.4348
3501,2.4018
3502,2.5884
3503,2.5337
3504,2.5075
3505,2.5726
3506,2.5098
3507,2.4244
3508,2.8432
3509,2.6407
3510,2.2417
3511,2.5919
3512,2.5886
3513,2.5455
3514,2.6455
3515,2.6469
3516,2.4116
3517,2.593
3518,2.3161
3519,2.372
3520,2.5687
3521,2.4839
3522,2.4771
3523,2.6287
3524,2.3876
3525,2.5599
3526,2.4441
3527,2.3878
3528,2.5842
3529,2.4631
3530,2.4626
3531,2.7942
3532,2.5983
3533,2.6224
3534,2.4502
3535,2.5158
3536,2.6815
3537,2.4621
3538,2.4656
3539,2.4553
3540,2.3813
3541,2.6768
3542,2.668
3543,2.6105
3544,2.3798
3545,2.6008
3546,2.4628
3547,2.4644
3548,2.6521
3549,2.5282
3550,2.4086
3551,2.7549
3552,2.6104
3553,2.3267
3554,2.8321
3555,2.7718
3556,2.4826
3557,2.4575
3558,2.4063
3559,2.5926
3560,2.7319
3561,2.5269
3562,2.4552
3563,2.4368
3564,2.6677
3565,2.5517
3566,2.5357
3567,2.5886
3568,2.7251
3569,2.6987
3570,2.5358
3571,2.3701
3572,2.6153
3573,2.3837
3574,2.5183
3575,2.4521
3576,2.5011
3577,2.6867
3578,2.5336
3579,2.6507
3580,2.4773
3581,2.5058
3582,2.7531
3583,2.4707
3584,2.6064
3585,2.7449
3586,2.4853
3587,2.6728
3588,2.7349
3589,2.7565
3590,2.5028
3591,2.7518
3592,2.6248
3593,2.5797
3594,2.5082
3595,2.4442
3596,2.7785
3597,2.5338
3598,2.4959
3599,2.2995
3600,2.6684
3601,2.649
3602,2.5573
3603,2.7762
3604,2.6589
3605,2.7138
3606,2.5453
3607,2.4454
3608,2.5498
3609,2.3679
3610,2.4602
3611,2.7536
3612,2.5929
3613,2.7082
3614,2.3888
3615,2.5833
3616,2.7006
3617,2.3965
3618,2.5021
3619,2.2865
3620,2.5669
3621,2.1901
3622,2.5933
3623,2.8153
3624,2.3847
3625,2.316
3626,2.4875
3627,2.741
3628,2.7153
3629,2.4763
3630,2.4796
3631,2.4254
3632,2.4898
3633,2.5766
3634,2.6216
3635,2.598
3636,2.5531
3637,2.766
3638,2.5175
3639,2.6227
3640,2.604
3641,2.4687
3642,2.5605
3643,2.2892
3644,2.5518
3645,2.4528
3646,2.8756
3647,2.5235
3648,2.4317
3649,2.5475
3650,2.5576
3651,2.5425
3652,2.6119
3653,2.6492
3654,2.5526
3655,2.3547
3656,2.5402
3657,2.7399
3658,2.3181
3659,2.4277
3660,2.3973
3661,2.3953
3662,2.3798
3663,2.365
3664,2.5749
3665,2.4627
3666,2.5358
3667,2.4766
3668,2.5123
3669,2.6989
3670,2.5026
3671,2.4223
3672,2.4714
3673,2.4339
3674,2.3372
3675,2.1984
3676,2.8599
3677,2.6765
3678,2.5544
3679,2.6287
3680,2.6493
3681,2.6746
3682,2.6847
3683,2.3121
3684,2.7139
3685,2.4484
3686,2.5313
3687,2.5867
3688,2.6278
3689,2.427
3690,2.5908
3691,2.5875
3692,2.967
3693,2.6735
3694,2.484
3695,2.5314
3696,2.4537
3697,2.555
3698,2.4547
3699,2.5445
3700,2.7481
3701,2.5618
3702,2.596
3703,2.5157
3704,2.4503
3705,2.357
3706,2.6335
3707,2.4382
3708,2.5207
3709,2.4051
3710,2.4461
3711,2.815
3712,2.6385
3713,2.6927
3714,2.4318
3715,2.7631
3716,2.703
3717,2.6123
3718,2.3407
3719,2.3122
3720,2.5961
3721,2.3382
3722,2.4661
3723,2.294
3724,2.4313
3725,2.6473
3726,2.5518
3727,2.625
3728,2.2694
3729,2.6577
3730,2.8036
3731,2.6831
3732,2.5529
3733,2.5954
3734,2.5185
3735,2.6834
3736,2.5571
3737,2.3855
3738,2.9841
3739,2.6944
3740,2.6657
3741,2.3863
3742,2.6066
3743,2.5785
3744,2.5534
3745,2.4182
3746,2.6121
3747,2.3621
3748,2.573
3749,2.6646
3750,2.387
3751,2.6049
3752,2.4943
3753,2.6875
3754,2.6468
3755,2.7388
3756,2.5493
3757,2.4412
3758,2.5011
3759,2.7102
3760,2.656
3761,2.9553
3762,2.7725
3763,2.548
3764,2.448
3765,2.6133
3766,2.5075
3767,2.5351
3768,2.5581
3769,2.6419
3770,2.578
3771,2.471
3772,2.4646
3773,2.5445
3774,2.4329
3775,2.5544
3776,2.5369
3777,2.4023
3778,2.6043
3779,2.5534
3780,2.4065
3781,2.4923
3782,2.531
3783,2.4488
3784,2.9792
3785,2.5333
3786,2.5436
3787,2.5644
3788,2.524
3789,2.5772
3790,2.4055
3791,2.3945
3792,2.5624
3793,2.6547
3794,2.4482
3795,2.5707
3796,2.5764
3797,2.4512
3798,2.4297
3799,2.4881
3800,2.4682
3801,2.808
3802,2.3638
3803,2.5797
3804,2.2236
3805,2.2134
3806,2.5788
3807,2.6147
3808,2.4942
3809,2.5228
3810,2.6594
3811,2.5345
3812,2.4973
3813,2.5305
3814,2.4121
3815,2.508
3816,2.5804
3817,2.4549
3818,2.3572
3819,2.3859
3820,2.3629
3821,2.4891
3822,2.4282
3823,2.6235
3824,2.4711
3825,2.3957
3826,2.4847
3827,2.4031
3828,2.4039
3829,2.3985
3830,2.7291
3831,2.405
3832,2.4542
3833,2.77
3834,2.5033
3835,2.4462
3836,2.5233
3837,2.4895
3838,2.4273
3839,2.7976
3840,2.3958
3841,2.5431
3842,2.2099
3843,2.2971
3844,2.2412
3845,2.5357
3846,2.5201
3847,2.2589
3848,2.544
3849,2.3889
3850,2.3276
3851,2.3654
3852,2.6022
3853,2.5555
3854,2.1949
3855,2.5388
3856,2.5979
3857,2.3158
3858,2.5154
3859,2.5843
3860,2.5163
3861,2.5187
3862,2.6691
3863,2.5121
3864,2.4738
3865,2.4519
3866,2.6605
3867,2.3133
3868,2.4473
3869,2.5367
3870,2.554
3871,2.4967
3872,2.3695
3873,2.4201
3874,2.5104
3875,2.4581
3876,2.8756
3877,2.4952
3878,2.3061
3879,2.5468
3880,2.4427
3881,2.5147
3882,2.5575
3883,2.5356
3884,2.5189
3885,2.3877
3886,2.5061
3887,2.7149
3888,2.5047
3889,2.4875
3890,2.6694
3891,2.6424
3892,2.5065
3893,2.65
3894,2.5289
3895,2.59
3896,2.439
3897,2.6179
3898,2.428
3899,2.6835
3900,2.724
3901,2.7617
3902,2.7394
3903,2.7119
3904,2.532
3905,2.664
3906,2.5445
3907,2.7144
3908,2.364
3909,2.4719
3910,2.5085
3911,2.3974
3912,2.5531
3913,2.611
3914,2.5951
3915,2.4506
3916,2.4285
3917,2.4956
3918,2.4384
3919,2.2741
3920,2.4038
3921,2.3485
3922,2.6894
3923,2.4011
3924,2.5623
3925,2.4857
3926,2.5245
3927,2.609
3928,2.3851
3929,2.3948
3930,2.3734
3931,2.5996
3932,2.669
3933,2.4173
3934,2.6967
3935,2.6884
3936,2.551
3937,2.4949
3938,2.741
3939,2.6229
3940,2.6412
3941,2.522
3942,2.6557
3943,2.5387
3944,2.5444
3945,3.0289
3946,2.5094
3947,2.5712
3948,2.4081
3949,2.5608
3950,2.559
3951,2.464
3952,2.7293
3953,2.4524
3954,2.7017
3955,2.6508
3956,2.5344
3957,2.337
3958,2.5532
3959,2.5536
3960,2.5344
3961,2.6025
3962,2.5092
3963,2.4928
3964,2.6293
3965,2.4611
3966,2.7066
3967,2.6412
3968,2.9932
3969,2.6935
3970,2.6539
3971,2.5839
3972,2.6507
3973,2.6046
3974,2.6592
3975,2.6434
3976,2.8052
3977,2.5931
3978,2.5135
3979,2.6151
3980,2.5506
3981,2.6008
3982,2.7019
3983,2.5347
3984,2.5821
3985,2.5321
3986,2.723
3987,2.6442
3988,2.4987
3989,2.4444
3990,2.6142
3991,2.7561
3992,2.5361
3993,2.4825
3994,2.5193
3995,2.6373
3996,2.4905
3997,2.4798
3998,2.4642
3999,2.5343
4000,2.6059
4001,2.6739
4002,2.5198
4003,2.4805
4004,2.3114
4005,2.6666
4006,2.476
4007,2.7551
4008,2.5468
4009,2.5061
4010,2.5957
4011,2.4869
4012,2.4428
4013,2.5924
4014,2.8044
4015,2.466
4016,2.3996
4017,2.4195
4018,2.5298
4019,2.538
4020,2.3356
4021,2.4335
4022,2.4134
4023,2.5822
4024,2.4937
4025,2.5339
4026,2.6067
4027,2.2622
4028,2.4551
4029,2.4622
4030,2.6098
4031,2.4563
4032,2.6766
4033,2.2789
4034,2.4441
4035,2.3503
4036,2.4586
4037,2.5692
4038,2.6466
4039,2.5048
4040,2.509
4041,2.5434
4042,2.5413
4043,2.5301
4044,2.5944
4045,2.3642
4046,2.3449
4047,2.4677
4048,2.537
4049,2.3665
4050,2.4795
4051,2.6955
4052,2.5215
4053,2.5269
4054,2.4565
4055,2.516
4056,2.5211
4057,2.5026
4058,2.438
4059,2.4955
4060,2.5545
4061,2.6055
4062,2.6268
4063,2.4768
4064,2.5351
4065,2.6828
4066,2.5337
4067,2.5285
4068,2.4937
4069,2.5208
4070,2.4673
4071,2.4799
4072,2.5506
4073,2.6688
4074,2.4564
4075,2.545
4076,2.4736
4077,2.5075
4078,2.5619
4079,2.4263
4080,2.4951
4081,2.3336
4082,2.3382
4083,2.5307
4084,2.5296
4085,2.5025
4086,2.5487
4087,2.4598
4088,2.4424
4089,2.428
4090,2.6674
4091,2.4527
4092,2.5095
4093,2.6782
4094,2.667
4095,2.621
4096,2.2165
4097,2.5032
4098,2.4991
4099,2.6798
4100,2.5826
4101,2.5564
4102,2.652
4103,2.4557
4104,2.3733
4105,2.4953
4106,2.6434
4107,2.4648
4108,2.5849
4109,2.7503
4110,2.62
4111,2.5652
4112,2.4578
4113,2.7295
4114,2.3624
4115,2.5939
4116,2.7131
4117,2.5855
4118,2.5243
4119,2.5477
4120,2.5147
4121,2.5908
4122,2.5669
4123,2.6791
4124,2.5053
4125,2.6839
4126,2.5563
4127,2.6409
4128,2.4754
4129,2.5977
4130,2.5092
4131,2.515
4132,2.5789
4133,2.4731
4134,2.4873
4135,2.5214
4136,2.5904
4137,2.5677
4138,2.5394
4139,2.5341
4140,2.6954
4141,2.4655
4142,2.6646
4143,2.575
4144,2.4694
4145,2.6772
4146,2.6334
4147,2.2598
4148,2.4825
4149,2.786
4150,2.5123
4151,2.5405
4152,2.8286
4153,2.5912
4154,2.4913
4155,2.4971
4156,2.5247
4157,2.612
4158,2.3681
4159,2.627
4160,2.4973
4161,2.6649
4162,2.6196
4163,2.587
4164,2.4586
4165,2.6718
4166,2.7101
4167,2.5208
4168,2.484
4169,2.4529
4170,2.5161
4171,2.5408
4172,2.5927
4173,2.4914
4174,2.6277
4175,3.0723
4176,2.6983
4177,2.4647
4178,2.6357
4179,2.6035
4180,2.6043
4181,2.5681
4182,2.641
4183,2.6097
4184,2.6226
4185,2.634
4186,2.6139
4187,2.4582
4188,2.6408
4189,2.488
4190,2.6853
4191,2.5006
4192,2.4324
4193,2.6498
4194,2.5519
4195,2.7461
4196,2.7392
4197,2.6384
4198,2.8596
4199,2.5728
4200,2.421
4201,2.5081
4202,2.5767
4203,2.4911
4204,2.4724
4205,2.5532
4206,2.3924
4207,2.5392
4208,2.3377
4209,2.3739
4210,2.537
4211,2.555
4212,2.5322
4213,2.5263
4214,2.7073
4215,2.6811
4216,2.6262
4217,2.6001
4218,2.6754
4219,2.7257
4220,2.4043
4221,2.8895
4222,2.592
4223,2.4974
4224,2.5053
4225,2.4587
4226,2.5393
4227,2.619
4228,2.5983
4229,2.428
4230,2.4102
4231,2.4051
4232,2.5112
4233,2.5548
4234,2.5666
4235,2.616
4236,2.7059
4237,2.4388
4238,2.4737
4239,2.4931
4240,2.4625
4241,2.3956
4242,2.4564
4243,2.664
4244,2.6942
4245,2.7085
4246,2.34
4247,2.73
4248,2.4818
4249,2.5033
4250,2.5231
4251,2.3314
4252,2.4037
4253,2.44
4254,2.4658
4255,2.5769
4256,2.5676
4257,2.5908
4258,2.5815
4259,2.6345
4260,2.4891
4261,2.5047
4262,2.6865
4263,2.4835
4264,2.6944
4265,2.6124
4266,2.5111
4267,2.707
4268,2.5263
4269,2.5517
4270,2.4037
4271,2.6549
4272,2.5188
4273,2.5234
4274,2.5542
4275,2.5168
4276,2.5169
4277,2.532
4278,2.6488
4279,2.5979
4280,2.5839
4281,2.5617
4282,2.4843
4283,2.4652
4284,2.4688
4285,2.3823
4286,2.3917
4287,2.4301
4288,2.3876
4289,2.356
4290,2.6961
4291,2.5338
4292,2.659
4293,2.7212
4294,2.4805
4295,2.289
4296,2.4425
4297,2.4374
4298,2.7023
4299,2.453
4300,2.4525
4301,2.6039
4302,2.5145
4303,2.3609
4304,2.5233
4305,2.6188
4306,2.5442
4307,2.4746
4308,2.5159
4309,2.6007
4310,2.5328
4311,2.6618
4312,2.5326
4313,2.8512
4314,2.6245
4315,2.5507
4316,2.5687
4317,2.2556
4318,2.506
4319,2.4606
4320,2.5888
4321,2.5299
4322,2.4969
4323,2.5731
4324,2.6258
4325,2.5189
4326,2.4975
4327,2.6294
4328,2.3428
4329,2.4713
4330,2.5704
4331,2.5459
4332,2.4532
4333,2.5674
4334,2.5503
4335,2.4717
4336,2.7759
4337,2.5367
4338,2.4151
4339,2.59
4340,2.349
4341,2.3855
4342,2.4929
4343,2.503
4344,2.4715
4345,2.5837
4346,2.6259
4347,2.4381
4348,2.4651
4349,2.3191
4350,2.6289
4351,2.7183
4352,2.4215
4353,2.6006
4354,2.5142
4355,2.516
4356,2.3621
4357,2.3704
4358,2.5883
4359,2.9204
4360,2.7629
4361,2.5722
4362,2.5111
4363,2.3597
4364,2.4682
4365,2.4412
4366,2.5372
4367,2.4751
4368,2.5275
4369,2.5677
4370,2.3857
4371,2.6111
4372,2.4779
4373,2.5538
4374,2.5556
4375,2.389
4376,2.5564
4377,2.5838
4378,2.5389
4379,2.6067
4380,2.4249
4381,2.5084
4382,2.7271
4383,2.5775
4384,2.5228
4385,2.5783
4386,2.4663
4387,2.4531
4388,2.839
4389,2.6755
4390,2.5441
4391,2.5459
4392,2.5287
4393,2.5634
4394,2.6421
4395,2.5635
4396,2.3892
4397,2.5459
4398,2.5804
4399,2.6486
4400,2.5486
4401,2.5732
4402,2.4584
4403,2.6
4404,2.39
4405,2.653
4406,2.6164
4407,2.3158
4408,2.5032
4409,2.6583
4410,2.6001
4411,2.6253
4412,2.3199
4413,2.6165
4414,2.3628
4415,2.5236
4416,2.5658
4417,2.8163
4418,2.5136
4419,2.4845
4420,2.4449
4421,2.6729
4422,2.5142
4423,2.5271
4424,2.5857
4425,2.6516
4426,2.6572
4427,2.3691
4428,2.9075
4429,2.7283
4430,2.4862
4431,2.5509
4432,2.5089
4433,2.3943
4434,2.5544
4435,2.3771
4436,2.7786
4437,2.4165
4438,2.3673
4439,2.572
4440,2.6739
4441,2.621
4442,2.5778
4443,2.5391
4444,2.6428
4445,2.6654
4446,2.415
4447,2.6943
4448,2.524
4449,2.5409
4450,2.5755
4451,2.6493
4452,2.5168
4453,2.6068
4454,2.5463
4455,2.5385
4456,2.5975
4457,2.67
4458,2.5002
4459,2.5036
4460,2.5013
4461,2.5041
4462,2.5267
4463,2.5919
4464,2.574
4465,2.675
4466,2.6186
4467,2.5193
4468,2.4361
4469,2.6427
4470,2.4896
4471,2.5449
4472,2.4956
4473,2.4684
4474,2.7348
4475,2.3877
4476,2.623
4477,2.5392
4478,2.5597
4479,2.6313
4480,2.3308
4481,2.4975
4482,2.6102
4483,2.6645
4484,2.2751
4485,2.7172
4486,2.6175
4487,2.536
4488,2.656
4489,2.6888
4490,2.5758
4491,2.5766
4492,2.544
4493,2.634
4494,2.8278
4495,2.6156
4496,2.4077
4497,2.9196
4498,2.5401
4499,2.5642
4500,2.6097
4501,2.6436
4502,2.5382
4503,2.5077
4504,2.6664
4505,2.5157
4506,2.6442
4507,2.5369
4508,2.6427
4509,2.4185
4510,2.4895
4511,2.5988
4512,2.4655
4513,2.5011
4514,2.6573
4515,2.4589
4516,2.6077
4517,2.4587
4518,2.5936
4519,2.7385
4520,2.6721
4521,2.6884
4522,2.4948
4523,2.3826
4524,2.8339
4525,2.5571
4526,2.6262
4527,2.6287
4528,2.5821
4529,2.6236
4530,2.6201
4531,2.3223
4532,2.4505
4533,2.44
4534,2.5782
4535,2.4371
4536,2.657
4537,2.6427
4538,2.5094
4539,2.5482
4540,2.626
4541,2.5671
4542,2.5071
4543,2.556
4544,2.4427
4545,2.6675
4546,2.6316
4547,2.4894
4548,2.581
4549,2.602
4550,2.584
4551,2.4713
4552,2.5332
4553,2.5917
4554,2.4134
4555,2.5635
4556,2.5216
4557,2.6136
4558,2.6301
4559,2.5328
4560,2.4708
4561,2.3644
4562,2.4257
4563,2.48
4564,2.5321
4565,2.5646
4566,2.8788
4567,2.4958
4568,2.6304
4569,2.5836
4570,2.5214
4571,2.6227
4572,2.6139
4573,2.6757
4574,2.4881
4575,2.384
4576,2.516
4577,2.4586
4578,2.609
4579,2.3865
4580,2.506
4581,2.5658
4582,2.5238
4583,2.4027
4584,2.6496
4585,2.5662
4586,2.6275
4587,2.516
4588,2.5954
4589,2.8509
4590,2.5601
4591,2.4341
4592,2.3269
4593,2.6874
4594,2.6213
4595,2.4763
4596,2.511
4597,2.5819
4598,2.5411
4599,2.4247
4600,2.5108
4601,2.6169
4602,2.5875
4603,2.525
4604,2.4852
4605,2.4226
4606,2.5973
4607,2.583
4608,2.4767
4609,2.5258
4610,2.581
4611,2.4919
4612,2.738
4613,2.5426
4614,2.6345
4615,2.6166
4616,2.4962
4617,2.422
4618,2.6956
4619,2.6669
4620,2.5851
4621,2.569
4622,2.5803
4623,2.4098
4624,2.4758
4625,2.5124
4626,2.4215
4627,2.469
4628,2.4483
4629,2.2934
4630,2.4824
4631,2.7427
4632,2.515
4633,2.595
4634,2.614
4635,2.8449
4636,2.5363
4637,2.5688
4638,2.7196
4639,2.6234
4640,2.5713
4641,2.6822
4642,2.5641
4643,2.3927
4644,2.397
4645,2.3477
4646,2.2512
4647,2.3543
4648,2.4306
4649,2.3726
4650,2.5314
4651,2.3098
4652,2.5489
4653,2.3869
4654,2.5084
4655,2.4293
4656,2.4632
4657,2.3088
4658,2.5881
4659,2.3753
4660,2.1704
4661,2.4286
4662,2.3572
4663,2.3469
4664,2.368
4665,2.3043
4666,2.3304
4667,2.3785
4668,2.3958
4669,2.389
4670,2.3569
4671,2.3936
4672,2.3252
4673,2.3807
4674,2.3638
4675,2.4683
4676,2.2845
4677,2.4358
4678,2.2867
4679,2.4486
4680,2.2765
4681,2.5543
4682,2.3203
4683,2.3979
4684,2.2639
4685,2.3819
4686,2.3961
4687,2.4834
4688,2.4329
4689,2.3792
4690,2.4202
4691,2.3467
4692,2.3908
4693,2.3792
4694,2.4274
4695,2.4869
4696,2.4438
4697,2.2547
4698,2.394
4699,2.3663
4700,2.516
4701,2.3565
4702,2.4183
4703,2.4053
4704,2.6285
4705,2.3806
4706,2.4365
4707,2.4107
4708,2.3833
4709,2.1737
4710,2.4331
4711,2.359
4712,2.4424
4713,2.3963
4714,2.3406
4715,2.3559
4716,2.5548
4717,2.466
4718,2.3372
4719,2.3396
4720,2.3885
4721,2.4005
4722,2.3605
4723,2.3508
4724,2.2925
4725,2.4061
4726,2.4212
4727,2.5457
4728,2.3551
4729,2.2714
4730,2.3904
4731,2.4919
4732,2.3275
4733,2.2207
4734,2.3892
4735,2.3557
4736,2.4534
4737,2.4743
4738,2.4031
4739,2.2286
4740,2.2766
4741,2.5145
4742,2.5895
4743,2.6094
4744,2.4551
4745,2.5016
4746,2.3905
4747,2.4603
4748,2.3846
4749,2.3456
4750,2.6991
4751,2.3158
4752,2.4682
4753,2.2684
4754,2.4679
4755,2.2558
4756,2.2464
4757,2.5011
4758,2.3301
4759,2.372
4760,2.5031
4761,2.2309
4762,2.4714
4763,2.3751
4764,2.2824
4765,2.3384
4766,2.4668
4767,2.4606
4768,2.3027
4769,2.3712
4770,2.3407
4771,2.3638
4772,2.179
4773,2.9236
4774,2.5117
4775,2.3438
4776,2.4354
4777,2.5003
4778,2.3257
4779,2.3672
4780,2.4055
4781,2.4004
4782,2.3842
4783,2.1532
4784,2.2997
4785,2.4224
4786,2.2714
4787,2.496
4788,2.251
4789,2.1241
4790,2.1495
4791,2.4341
4792,2.5106
4793,2.5593
4794,2.443
4795,2.3629
4796,2.5459
4797,2.3458
4798,2.4424
4799,2.3723
4800,2.5057
4801,2.4459
4802,2.3585
4803,2.2282
4804,2.3669
4805,2.4283
4806,2.2529
4807,2.2582
4808,2.4459
4809,2.3074
4810,2.3732
4811,2.3169
4812,2.207
4813,2.3467
4814,2.4273
4815,2.2349
4816,2.4656
4817,2.3242
4818,2.3381
4819,2.6589
4820,2.2244
4821,2.3936
4822,2.2982
4823,2.3374
4824,2.3188
4825,2.378
4826,2.4333
4827,2.472
4828,2.4242
4829,2.4612
4830,2.5496
4831,2.3277
4832,2.2033
4833,2.3893
4834,2.3147
4835,2.3676
4836,2.3718
4837,2.351
4838,2.3349
4839,2.4387
4840,2.1658
4841,2.3295
4842,2.6285
4843,2.3579
4844,2.3925
4845,2.3651
4846,2.4237
4847,2.4887
4848,2.4422
4849,2.4641
4850,2.4699
4851,2.5048
4852,2.3445
4853,2.3847
4854,2.3049
4855,2.3256
4856,2.4412
4857,2.3146
4858,2.377
4859,2.4693
4860,2.343
4861,2.2906
4862,2.4643
4863,2.4196
4864,2.3728
4865,2.488
4866,2.5962
4867,2.2066
4868,2.2451
4869,2.4716
4870,2.382
4871,2.3429
4872,2.3406
4873,2.425
4874,2.4206
4875,2.3569
4876,2.2856
4877,2.3815
4878,2.2757
4879,2.5083
4880,2.3246
4881,2.3598
4882,2.3616
4883,2.3473
4884,2.2644
4885,2.2762
4886,2.5019
4887,2.3782
4888,2.5619
4889,2.299
4890,2.2543
4891,2.3035
4892,2.3054
4893,2.2336
4894,2.3215
4895,2.3093
4896,2.3433
4897,2.3726
4898,2.2735
4899,2.4362
4900,2.3914
4901,2.3609
4902,2.118
4903,2.3289
4904,2.2764
4905,2.1985
4906,2.4015
4907,2.4715
4908,2.4131
4909,2.2858
4910,2.496
4911,2.5452
4912,2.4907
4913,2.2776
4914,2.4142
4915,2.4024
4916,2.3209
4917,2.5169
4918,2.3238
4919,2.3838
4920,2.3278
4921,2.3361
4922,2.3468
4923,2.3186
4924,2.3859
4925,2.3367
4926,2.4607
4927,2.2976
4928,2.3696
4929,2.3006
4930,2.193
4931,2.34
4932,2.1829
4933,2.6112
4934,2.4602
4935,2.5527
4936,2.3003
4937,2.3566
4938,2.3421
4939,2.4536
4940,2.2352
4941,2.4045
4942,2.4365
4943,2.4625
4944,2.2585
4945,2.3559
4946,2.4557
4947,2.0759
4948,2.3199
4949,2.3437
4950,2.2121
4951,2.2626
4952,2.3904
4953,2.2737
4954,2.1482
4955,2.2962
4956,2.3759
4957,2.6519
4958,2.3458
4959,2.3299
4960,2.2919
4961,2.3625
4962,2.3886
4963,2.2046
4964,2.4008
4965,2.4998
4966,2.3011
4967,2.2843
4968,2.2253
4969,2.3956
4970,2.3974
4971,2.308
4972,2.2302
4973,2.4031
4974,2.4324
4975,2.4035
4976,2.6101
4977,2.2197
4978,2.3387
4979,2.3868
4980,2.482
4981,2.5665
4982,2.33
4983,2.3211
4984,2.255
4985,2.3552
4986,2.4296
4987,2.3495
4988,2.4683
4989,2.3192
4990,2.1736
4991,2.2728
4992,2.3148
4993,2.2546
4994,2.4085
4995,2.2832
4996,2.4032
4997,2.3585
4998,2.4112
4999,2.4027
5000,2.0624
5001,2.1498
5002,2.2301
5003,2.5868
5004,2.3371
5005,2.4263
5006,2.3475
5007,2.4811
5008,2.2752
5009,2.1533
5010,2.5753
5011,2.401
5012,2.2683
5013,2.387
5014,2.4485
5015,2.5211
5016,2.4648
5017,2.2809
5018,2.4056
5019,2.3302
5020,2.3509
5021,2.4204
5022,2.3392
5023,2.3076
5024,2.2799
5025,2.2373
5026,2.6863
5027,2.5132
5028,2.2861
5029,2.3407
5030,2.269
5031,2.41
5032,2.2718
5033,2.4641
5034,2.3277
5035,2.4603
5036,2.3135
5037,2.3091
5038,2.442
5039,2.4779
5040,2.4633
5041,2.22
5042,2.2717
5043,2.2285
5044,2.1263
5045,2.2594
5046,2.5627
5047,2.38
5048,2.3312
5049,2.6098
5050,2.2722
5051,2.4112
5052,2.3668
5053,2.5997
5054,2.3955
5055,2.4197
5056,2.3715
5057,2.3449
5058,2.2485
5059,2.4274
5060,2.4193
5061,2.3386
5062,2.1641
5063,2.4625
5064,2.5088
5065,2.3627
5066,2.5251
5067,2.4146
5068,2.4769
5069,2.4296
5070,2.3271
5071,2.3631
5072,2.7114
5073,2.4292
5074,2.3481
5075,2.4292
5076,2.2767
5077,2.3201
5078,2.2666
5079,2.2831
5080,2.3517
5081,2.4864
5082,2.2126
5083,2.4889
5084,2.4546
5085,2.3318
5086,2.3388
5087,2.3511
5088,2.1734
5089,2.3256
5090,2.2804
5091,2.2537
5092,2.1929
5093,2.3026
5094,2.2922
5095,2.6532
5096,2.2172
5097,2.2883
5098,2.3619
5099,2.4043
5100,2.4279
5101,2.2374
5102,2.1805
5103,2.376
5104,2.4806
5105,2.4578
5106,2.4289
5107,2.3751
5108,2.1175
5109,2.3753
5110,2.2279
5111,2.1554
5112,2.261
5113,2.3277
5114,2.3319
5115,2.3043
5116,2.3715
5117,2.4532
5118,2.4997
5119,2.4351
5120,2.3897
5121,2.422
5122,2.1918
5123,2.2817
5124,2.3412
5125,2.172
5126,2.3603
5127,2.3091
5128,2.3598
5129,2.2324
5130,2.2384
5131,2.2563
5132,2.4372
5133,2.3962
5134,2.55
5135,2.2939
5136,2.3936
5137,2.215
5138,2.2165
5139,2.3513
5140,2.251
5141,2.3042
5142,2.3533
5143,2.5178
5144,2.4561
5145,2.3876
5146,2.4727
5147,2.3412
5148,2.2564
5149,2.4346
5150,2.3539
5151,2.439
5152,2.5287
5153,2.2146
5154,2.3869
5155,2.4811
5156,2.3924
5157,2.1775
5158,2.2346
5159,2.5403
5160,2.1589
5161,2.5202
5162,2.3513
5163,2.2903
5164,2.4715
5165,2.3779
5166,2.3292
5167,2.3565
5168,2.3735
5169,2.2813
5170,2.4085
5171,2.2809
5172,2.3457
5173,2.3
5174,2.4758
5175,2.3911
5176,2.3271
5177,2.3445
5178,2.465
5179,2.448
5180,2.3463
5181,2.3512
5182,2.3141
5183,2.4252
5184,2.222
5185,2.1614
5186,2.0736
5187,2.7851
5188,2.4041
5189,2.1691
5190,2.3155
5191,2.1953
5192,2.2056
5193,2.2737
5194,2.2345
5195,2.4177
5196,2.3507
5197,2.3778
5198,2.1898
5199,2.2938
5200,2.4426
5201,2.2674
5202,2.4285
5203,2.4519
5204,2.2568
5205,2.3544
5206,2.2785
5207,2.3189
5208,2.1178
5209,2.2632
5210,2.4234
5211,2.2252
5212,2.154
5213,2.213
5214,2.4912
5215,2.4567
5216,2.4747
5217,2.3436
5218,2.341
5219,2.3621
5220,2.4325
5221,2.3412
5222,2.3884
5223,2.3947
5224,2.3201
5225,2.186
5226,2.1954
5227,2.3487
5228,2.3353
5229,2.2197
5230,2.1789
5231,2.1596
5232,2.32
5233,2.594
5234,2.4199
5235,2.4797
5236,2.411
5237,2.2676
5238,2.3148
5239,2.3977
5240,2.2179
5241,2.2187
5242,2.4435
5243,2.5087
5244,2.1595
5245,2.5133
5246,2.3637
5247,2.3066
5248,2.4805
5249,2.1728
5250,2.4151
5251,2.4056
5252,2.3583
5253,2.321
5254,2.4263
5255,2.3091
5256,2.5072
5257,2.1885
5258,2.1839
5259,2.2687
5260,2.4146
5261,2.2729
5262,2.3458
5263,2.2782
5264,2.378
5265,2.4327
5266,2.4154
5267,2.2905
5268,2.3518
5269,2.2384
5270,2.4673
5271,2.4599
5272,2.4013
5273,2.4937
5274,2.3414
5275,2.4997
5276,2.3589
5277,2.3171
5278,2.5356
5279,2.5071
5280,2.4114
5281,2.3697
5282,2.4966
5283,2.3013
5284,2.2235
5285,2.1564
5286,2.5272
5287,2.323
5288,2.2377
5289,2.4791
5290,2.2224
5291,2.353
5292,2.3565
5293,2.2365
5294,2.2788
5295,2.4264
5296,2.2442
5297,2.3508
5298,2.439
5299,2.2468
5300,2.2516
5301,2.3091
5302,2.5469
5303,2.3869
5304,2.413
5305,2.3835
5306,2.3368
5307,2.285
5308,2.2983
5309,2.2269
5310,2.2914
5311,2.1506
5312,2.1461
5313,2.0917
5314,2.3239
5315,2.3788
5316,2.1503
5317,2.3928
5318,2.4223
5319,2.2444
5320,2.1138
5321,2.1833
5322,2.4051
5323,2.1896
5324,2.1788
5325,2.3482
5326,2.433
5327,2.2876
5328,2.3513
5329,2.4372
5330,2.1944
5331,2.3522
5332,2.3361
5333,2.3704
5334,2.3985
5335,2.2927
5336,2.2472
5337,2.3069
5338,2.3916
5339,2.1915
5340,2.2369
5341,2.4025
5342,2.5193
5343,2.1389
5344,2.3178
5345,2.2051
5346,2.385
5347,2.4031
5348,2.4763
5349,2.5121
5350,2.4303
5351,2.2892
5352,2.3022
5353,2.3792
5354,2.294
5355,2.4628
5356,2.3818
5357,2.2566
5358,2.1624
5359,2.1122
5360,2.4045
5361,2.291
5362,2.3355
5363,2.2177
5364,2.2927
5365,2.2997
5366,2.2516
5367,2.1412
5368,2.2662
5369,2.2165
5370,2.3896
5371,2.4067
5372,2.4517
5373,2.2716
5374,2.3923
5375,2.3841
5376,2.2543
5377,2.2963
5378,2.2855
5379,2.3099
5380,2.5847
5381,2.3387
5382,2.3544
5383,2.4428
5384,2.2173
5385,2.2869
5386,2.3923
5387,2.3982
5388,2.2768
5389,2.424
5390,2.4143
5391,2.3617
5392,2.4603
5393,2.4784
5394,2.6136
5395,2.3716
5396,2.2197
5397,2.2388
5398,2.2866
5399,2.5284
5400,2.355
5401,2.5041
5402,2.4605
5403,2.4187
5404,2.4258
5405,2.3578
5406,2.2886
5407,2.4881
5408,2.3655
5409,2.343
5410,2.3553
5411,2.379
5412,2.3591
5413,2.3836
5414,2.5393
5415,2.3206
5416,2.4787
5417,2.6545
5418,2.2678
5419,2.3214
5420,2.3985
5421,2.5486
5422,2.2577
5423,2.3137
5424,2.3249
5425,2.4897
5426,2.452
5427,2.3679
5428,2.344
5429,2.28
5430,2.4801
5431,2.5288
5432,2.2471
5433,2.2695
5434,2.3134
5435,2.4079
5436,2.1924
5437,2.3591
5438,2.3916
5439,2.4862
5440,2.6017
5441,2.2349
5442,2.2269
5443,2.3794
5444,2.4242
5445,2.4774
5446,2.3933
5447,2.3391
5448,2.2811
5449,2.2709
5450,2.3599
5451,2.4793
5452,2.326
5453,2.4764
5454,2.3273
5455,2.2507
5456,2.3183
5457,2.1838
5458,2.1749
5459,2.1463
5460,2.3101
5461,2.3823
5462,2.4205
5463,2.6575
5464,2.4227
5465,2.4386
5466,2.3348
5467,2.3656
5468,2.4655
5469,2.3736
5470,2.4479
5471,2.3448
5472,2.4277
5473,2.3726
5474,2.3814
5475,2.2005
5476,2.3
5477,2.3543
5478,2.3132
5479,2.3649
5480,2.1588
5481,2.3358
5482,2.2185
5483,2.3885
5484,2.2872
5485,2.3854
5486,2.4703
5487,2.3782
5488,2.3624
5489,2.3512
5490,2.2827
5491,2.155
5492,2.2695
5493,2.3959
5494,2.5498
5495,2.3268
5496,2.2501
5497,2.3333
5498,2.4232
5499,2.3562
5500,2.5327
5501,2.2579
5502,2.4063
5503,2.4142
5504,2.3983
5505,2.3257
5506,2.4263
5507,2.4812
5508,2.2394
5509,2.5218
5510,2.5339
5511,2.43
5512,2.459
5513,2.3919
5514,2.378
5515,2.383
5516,2.3666
5517,2.422
5518,2.3665
5519,2.2367
5520,2.3807
5521,2.5716
5522,2.3456
5523,2.1607
5524,2.2669
5525,2.5154
5526,2.3943
5527,2.3362
5528,2.3383
5529,2.2808
5530,2.1915
5531,2.417
5532,2.4044
5533,2.4283
5534,2.3002
5535,2.4135
5536,2.4309
5537,2.392
5538,2.2923
5539,2.384
5540,2.487
5541,2.2442
5542,2.3795
5543,2.2277
5544,2.3546
5545,2.3435
5546,2.2905
5547,2.3093
5548,2.373
5549,2.4183
5550,2.2496
5551,2.3492
5552,2.5433
5553,2.3947
5554,2.4357
5555,2.7604
5556,2.3724
5557,2.3778
5558,2.3926
5559,2.2766
5560,2.3329
5561,2.2067
5562,2.3716
5563,2.3197
5564,2.3754
5565,2.4124
5566,2.4807
5567,2.2444
5568,2.2335
5569,2.3695
5570,2.3751
5571,2.5028
5572,2.2425
5573,2.3325
5574,2.3832
5575,2.2995
5576,2.346
5577,2.3513
5578,2.6311
5579,2.3106
5580,2.3834
5581,2.2861
5582,2.4514
5583,2.3215
5584,2.3432
5585,2.4094
5586,2.2241
5587,2.1506
5588,2.4181
5589,2.4349
5590,2.2714
5591,2.38
5592,2.307
5593,2.2753
5594,2.4182
5595,2.3563
5596,2.4442
5597,2.38
5598,2.3962
5599,2.5333
5600,2.2194
5601,2.6612
5602,2.4415
5603,2.3554
5604,2.4839
5605,2.4249
5606,2.3365
5607,2.2974
5608,2.3678
5609,2.2164
5610,2.2859
5611,2.3035
5612,2.2448
5613,2.3851
5614,2.4174
5615,2.2328
5616,2.3194
5617,2.1913
5618,2.4995
5619,2.4089
5620,2.3729
5621,2.3979
5622,2.2466
5623,2.3469
5624,2.5299
5625,2.2543
5626,2.3243
5627,2.3499
5628,2.3357
5629,2.4251
5630,2.5211
5631,2.3255
5632,2.4607
5633,2.2351
5634,2.3687
5635,2.356
5636,2.4049
5637,2.3362
5638,2.3965
5639,2.3058
5640,2.4079
5641,2.3546
5642,2.3424
5643,2.4251
5644,2.2867
5645,2.3534
5646,2.4024
5647,2.7305
5648,2.2724
5649,2.2241
5650,2.3413
5651,2.3105
5652,2.4387
5653,2.3497
5654,2.2003
5655,2.2087
5656,2.326
5657,2.3248
5658,2.2118
5659,2.4895
5660,2.5069
5661,2.5066
5662,2.3169
5663,2.2062
5664,2.3456
5665,2.285
5666,2.4366
5667,2.2376
5668,2.3981
5669,2.0718
5670,2.3792
5671,2.3054
5672,2.4498
5673,2.4945
5674,2.5141
5675,2.3529
5676,2.478
5677,2.4556
5678,2.3292
5679,2.3863
5680,2.3097
5681,2.3403
5682,2.4352
5683,2.4482
5684,2.2952
5685,2.3996
5686,2.392
5687,2.3669
5688,2.4406
5689,2.4197
5690,2.306
5691,2.4053
5692,2.4835
5693,2.6759
5694,2.5163
5695,2.4009
5696,2.3138
5697,2.3128
5698,2.4268
5699,2.3354
5700,2.4043
5701,2.2695
5702,2.3391
5703,2.3098
5704,2.353
5705,2.3166
5706,2.4534
5707,2.3964
5708,2.4318
5709,2.4953
5710,2.2475
5711,2.3958
5712,2.3345
5713,2.3529
5714,2.2137
5715,2.4143
5716,2.4114
5717,2.3517
5718,2.4349
5719,2.1995
5720,2.3058
5721,2.4203
5722,2.2966
5723,2.4362
5724,2.3596
5725,2.2516
5726,2.366
5727,2.4412
5728,2.3705
5729,2.3772
5730,2.2242
5731,2.3337
5732,2.1875
5733,2.3382
5734,2.2914
5735,2.2589
5736,2.4225
5737,2.3733
5738,2.3722
5739,2.4688
5740,2.4494
5741,2.3683
5742,2.348
5743,2.3756
5744,2.3987
5745,2.425
5746,2.2892
5747,2.2457
5748,2.2022
5749,2.3788
5750,2.4809
5751,2.478
5752,2.6071
5753,2.353
5754,2.2494
5755,2.3473
5756,2.4814
5757,2.3985
5758,2.4256
5759,2.5669
5760,2.3864
5761,2.4951
5762,2.5269
5763,2.5021
5764,2.4158
5765,2.5131
5766,2.3317
5767,2.2969
5768,2.4658
5769,2.3713
5770,2.3046
5771,2.3153
5772,2.1541
5773,2.298
5774,2.4622
5775,2.3323
5776,2.3407
5777,2.3145
5778,2.4301
5779,2.2932
5780,2.3152
5781,2.3437
5782,2.5492
5783,2.2426
5784,2.2362
5785,2.5568
5786,2.1398
5787,2.2869
5788,2.3125
5789,2.34
5790,2.231
5791,2.3398
5792,2.4511
5793,2.269
5794,2.3537
5795,2.29
5796,2.4634
5797,2.3971
5798,2.2688
5799,2.1712
5800,2.0698
5801,2.1391
5802,2.4496
5803,2.395
5804,2.4502
5805,2.2026
5806,2.4257
5807,2.5066
5808,2.4343
5809,2.4477
5810,2.3362
5811,2.3302
5812,2.4646
5813,2.2315
5814,2.2556
5815,2.0479
5816,2.0655
5817,2.2292
5818,2.0398
5819,2.3288
5820,2.3694
5821,2.3152
5822,2.4078
5823,2.4554
5824,2.4124
5825,2.4753
5826,2.3573
5827,2.3415
5828,2.2293
5829,2.3042
5830,2.2303
5831,2.5274
5832,2.3532
5833,2.3713
5834,2.303
5835,2.313
5836,2.1635
5837,2.2983
5838,2.2376
5839,2.3359
5840,2.2866
5841,2.3377
5842,2.3294
5843,2.3368
5844,2.4208
5845,2.2481
5846,2.4039
5847,2.4435
5848,2.2027
5849,2.2533
5850,2.4296
5851,2.4099
5852,2.3749
5853,2.563
5854,2.6561
5855,2.3572
5856,2.3567
5857,2.4749
5858,2.4834
5859,2.2731
5860,2.3579
5861,2.3239
5862,2.2335
5863,2.5355
5864,2.2928
5865,2.2707
5866,2.3712
5867,2.1307
5868,2.4785
5869,2.3465
5870,2.2119
5871,2.4235
5872,2.4817
5873,2.2916
5874,2.41
5875,2.2602
5876,2.436
5877,2.6422
5878,2.2081
5879,2.1644
5880,2.4086
5881,2.314
5882,2.4762
5883,2.1807
5884,2.3852
5885,2.4212
5886,2.4118
5887,2.1634
5888,2.3433
5889,2.3718
5890,2.2746
5891,2.3039
5892,2.2152
5893,2.3427
5894,2.4247
5895,2.4755
5896,2.5017
5897,2.341
5898,2.1613
5899,2.1097
5900,2.6358
5901,2.2801
5902,2.3456
5903,2.466
5904,2.4354
5905,2.3257
5906,2.4556
5907,2.3306
5908,2.2902
5909,2.2025
5910,2.3661
5911,2.3598
5912,2.3106
5913,2.4362
5914,2.3338
5915,2.2945
5916,2.2871
5917,2.4363
5918,2.3138
5919,2.2385
5920,2.3171
5921,2.3938
5922,2.1361
5923,2.6549
5924,2.4138
5925,2.3897
5926,2.3694
5927,2.2906
5928,2.1749
5929,2.4574
5930,2.3455
5931,2.4264
5932,2.3538
5933,2.5248
5934,2.3976
5935,2.3406
5936,2.3846
5937,2.2885
5938,2.3673
5939,2.3577
5940,2.3497
5941,2.3056
5942,2.4686
5943,2.2083
5944,2.4052
5945,2.4142
5946,2.5276
5947,2.3812
5948,2.3047
5949,2.3764
5950,2.3889
5951,2.2859
5952,2.3357
5953,2.4481
5954,2.3467
5955,2.3076
5956,2.3427
5957,2.3921
5958,2.3393
5959,2.2692
5960,2.3098
5961,2.3745
5962,2.2726
5963,2.2099
5964,2.4721
5965,2.3042
5966,2.3475
5967,2.3201
5968,2.3736
5969,2.5332
5970,2.4104
5971,2.4309
5972,2.3899
5973,2.3946
5974,2.3956
5975,2.3928
5976,2.3782
5977,2.3443
5978,2.3842
5979,2.4612
5980,2.4676
5981,2.3412
5982,2.2998
5983,2.2899
5984,2.326
5985,2.4039
5986,2.3263
5987,2.3319
5988,2.4603
5989,2.4221
5990,2.438
5991,2.3798
5992,2.5462
5993,2.4654
5994,2.3269
5995,2.4584
5996,2.3315
5997,2.3398
5998,2.3133
5999,2.1781
6000,2.521
6001,2.2939
6002,2.3145
6003,2.4197
6004,2.2897
6005,2.2862
6006,2.2658
6007,2.4195
6008,2.2889
6009,2.3448
6010,2.3564
6011,2.43
6012,2.5447
6013,2.1918
6014,2.3457
6015,2.6227
6016,2.6043
6017,2.5244
6018,2.3236
6019,2.2325
6020,2.3341
6021,2.4201
6022,2.3718
6023,2.2301
6024,2.3482
6025,2.3685
6026,2.4051
6027,2.4228
6028,2.5564
6029,2.4624
6030,2.3722
6031,2.3761
6032,2.4092
6033,2.4344
6034,2.3224
6035,2.42
6036,2.4054
6037,2.4474
6038,2.4992
6039,2.3444
6040,2.2719
6041,2.3068
6042,2.3473
6043,2.3319
6044,2.2985
6045,2.3992
6046,2.4975
6047,2.4141
6048,2.3225
6049,2.326
6050,2.4501
6051,2.3757
6052,2.4272
6053,2.5342
6054,2.3338
6055,2.3376
6056,2.2191
6057,2.2785
6058,2.2272
6059,2.338
6060,2.3147
6061,2.5126
6062,2.4198
6063,2.3786
6064,2.4017
6065,2.3442
6066,2.2032
6067,2.2122
6068,2.2691
6069,2.3615
6070,2.4481
6071,2.4327
6072,2.307
6073,2.4604
6074,2.3518
6075,2.4122
6076,2.4015
6077,2.3331
6078,2.348
6079,2.2673
6080,2.2262
6081,2.3763
6082,2.3192
6083,2.2166
6084,2.5888
6085,2.3139
6086,2.5227
6087,2.2458
6088,2.4619
6089,2.5638
6090,2.529
6091,2.2164
6092,2.4048
6093,2.3828
6094,2.2975
6095,2.307
6096,2.1853
6097,2.3627
6098,2.3664
6099,2.4168
6100,2.3513
6101,2.3519
6102,2.4185
6103,2.4642
6104,2.2899
6105,2.269
6106,2.3136
6107,2.6296
6108,2.3037
6109,2.4017
6110,2.4431
6111,2.4091
6112,2.1409
6113,2.4906
6114,2.355
6115,2.4302
6116,2.3913
6117,2.3868
6118,2.3692
6119,2.3807
6120,2.3953
6121,2.3658
6122,2.4345
6123,2.43
6124,2.3358
6125,2.1197
6126,2.3551
6127,2.3332
6128,2.2783
6129,2.4185
6130,2.4574
6131,2.2785
6132,2.5106
6133,2.3446
6134,2.4408
6135,2.3952
6136,2.3031
6137,2.241
6138,2.4721
6139,2.3654
6140,2.3383
6141,2.3829
6142,2.2738
6143,2.3784
6144,2.422
6145,2.4678
6146,2.4162
6147,2.4461
6148,2.3791
6149,2.2981
6150,2.543
6151,2.4132
6152,2.328
6153,2.7164
6154,2.3991
6155,2.4127
6156,2.4888
6157,2.4353
6158,2.3793
6159,2.5396
6160,2.3659
6161,2.4545
6162,2.4234
6163,2.2892
6164,2.3828
6165,2.2824
6166,2.5128
6167,2.3917
6168,2.3331
6169,2.3968
6170,2.4166
6171,2.3328
6172,2.2687
6173,2.3305
6174,2.2029
6175,2.5672
6176,2.478
6177,2.1447
6178,2.3478
6179,2.3333
6180,2.5356
6181,2.3661
6182,2.4186
6183,2.528
6184,2.365
6185,2.5763
6186,2.4729
6187,2.6337
6188,2.4735
6189,2.4185
6190,2.3355
6191,2.3589
6192,2.4277
6193,2.3601
6194,2.3673
6195,2.3136
6196,2.329
6197,2.4566
6198,2.4741
6199,2.5812
6200,2.1388
6201,2.4021
6202,2.2824
6203,2.1727
6204,2.3481
6205,2.2721
6206,2.3699
6207,2.1426
6208,2.1458
6209,2.336
6210,2.148
6211,2.3456
6212,2.3031
6213,2.2977
6214,2.2608
6215,2.2336
6216,2.0998
6217,2.2711
6218,2.3573
6219,2.3394
6220,2.411
6221,2.35
6222,2.5015
6223,2.3676
6224,2.3079
6225,2.3333
6226,2.3966
6227,2.3571
6228,2.3445
6229,2.4492
6230,2.25
6231,2.3495
6232,2.2272
6233,2.4043
6234,2.3082
6235,2.3924
6236,2.18
6237,2.4945
6238,2.3413
6239,2.3711
6240,2.5057
6241,2.2029
6242,2.3477
6243,2.5752
6244,2.1981
6245,2.3702
6246,2.2506
6247,2.4888
6248,2.4141
6249,2.3065
6250,2.4089
6251,2.3195
6252,2.493
6253,2.3515
6254,2.3507
6255,2.2335
6256,2.3991
6257,2.265
6258,2.4535
6259,2.3925
6260,2.3466
6261,2.2934
6262,2.3499
6263,2.3351
6264,2.1754
6265,2.389
6266,2.3397
6267,2.2054
6268,2.506
6269,2.3481
6270,2.3405
6271,2.3066
6272,2.3211
6273,2.2242
6274,1.9394
6275,2.0381
6276,2.0061
6277,2.2589
6278,2.2846
6279,2.3049
6280,2.2188
6281,2.0938
6282,2.28
6283,2.2721
6284,2.4259
6285,2.3017
6286,2.0859
6287,2.213
6288,2.1652
6289,2.1916
6290,2.1891
6291,2.4738
6292,2.1891
6293,2.3806
6294,2.2768
6295,2.2784
6296,2.2393
6297,2.3707
6298,2.1273
6299,2.1457
6300,2.0627
6301,2.2941
6302,2.4329
6303,2.2039
6304,2.1759
6305,2.1206
6306,2.1611
6307,2.1906
6308,2.1919
6309,2.2528
6310,2.1373
6311,2.1927
6312,2.1908
6313,2.2454
6314,2.4594
6315,2.2731
6316,2.2932
6317,2.2958
6318,2.2492
6319,2.143
6320,2.0872
6321,2.1533
6322,2.1416
6323,2.174
6324,2.3688
6325,2.2974
6326,2.193
6327,2.0734
6328,2.0916
6329,2.2671
6330,2.2368
6331,2.3384
6332,2.1515
6333,2.3417
6334,2.4937
6335,2.3483
6336,2.3248
6337,2.4596
6338,2.5016
6339,2.3942
6340,2.2611
6341,2.4204
6342,2.363
6343,2.4161
6344,2.2542
6345,2.3554
6346,2.225
6347,2.383
6348,2.2404
6349,2.2153
6350,2.5265
6351,2.3378
6352,2.3414
6353,2.242
6354,2.2776
6355,2.1082
6356,2.3223
6357,2.232
6358,2.1453
6359,2.1177
6360,2.6116
6361,2.1027
6362,2.0546
6363,2.238
6364,2.257
6365,2.3126
6366,2.3902
6367,2.2372
6368,2.2016
6369,2.5115
6370,2.443
6371,2.4081
6372,2.4168
6373,2.2711
6374,2.2806
6375,2.248
6376,2.2386
6377,2.3801
6378,2.3679
6379,2.2026
6380,2.1509
6381,2.3202
6382,2.2768
6383,2.4995
6384,2.1768
6385,2.261
6386,2.2669
6387,2.2588
6388,2.5008
6389,2.3056
6390,2.4369
6391,2.3676
6392,2.3688
6393,2.4135
6394,2.2588
6395,2.3805
6396,2.3833
6397,2.3022
6398,2.1445
6399,2.2743
6400,2.2333
6401,2.2428
6402,2.1202
6403,2.2059
6404,2.2684
6405,2.2098
6406,2.1848
6407,2.1987
6408,2.3558
6409,2.3507
6410,2.246
6411,2.1169
6412,2.4009
6413,2.1385
6414,2.2352
6415,2.2976
6416,2.4134
6417,2.3817
6418,2.521
6419,2.4626
6420,2.3499
6421,2.3408
6422,2.3062
6423,2.2279
6424,2.1729
6425,2.183
6426,2.2496
6427,2.4189
6428,2.1403
6429,2.6353
6430,2.3985
6431,2.3696
6432,2.2303
6433,2.4014
6434,2.3378
6435,2.1845
6436,2.3424
6437,2.4128
6438,2.1789
6439,2.2411
6440,2.1608
6441,2.394
6442,2.2015
6443,2.1597
6444,2.2405
6445,2.2764
6446,2.3808
6447,2.1059
6448,2.1614
6449,2.1939
6450,2.3542
6451,2.3067
6452,2.5931
6453,2.3048
6454,2.1466
6455,2.3369
6456,2.3456
6457,2.2834
6458,2.3516
6459,2.3437
6460,2.382
6461,2.2432
6462,2.3531
6463,2.2831
6464,2.2149
6465,2.4306
6466,2.176
6467,2.3832
6468,2.4242
6469,2.1748
6470,2.1706
6471,2.3401
6472,2.2854
6473,2.3831
6474,2.3565
6475,2.6515
6476,2.3592
6477,2.4457
6478,2.495
6479,2.3438
6480,2.3102
6481,2.3405
6482,2.374
6483,2.3313
6484,2.4496
6485,2.4274
6486,2.2425
6487,2.5268
6488,2.3589
6489,2.3426
6490,2.368
6491,2.2944
6492,2.4129
6493,2.1866
6494,2.2654
6495,2.3091
6496,2.4356
6497,2.3742
6498,2.6023
6499,2.4492
6500,2.2673
6501,2.3399
6502,2.2848
6503,2.4013
6504,2.4301
6505,2.2336
6506,2.2534
6507,2.2866
6508,2.1906
6509,2.2347
6510,2.3655
6511,2.2169
6512,2.3183
6513,2.3909
6514,2.3645
6515,2.3649
6516,2.2906
6517,2.2987
6518,2.4307
6519,2.5065
6520,2.3695
6521,2.7027
6522,2.3779
6523,2.4769
6524,2.3547
6525,2.4668
6526,2.422
6527,2.3968
6528,2.4063
6529,2.3049
6530,2.3567
6531,2.2816
6532,2.1453
6533,2.3341
6534,2.0872
6535,2.3427
6536,2.1393
6537,2.0313
6538,2.275
6539,2.0795
6540,2.4135
6541,2.4113
6542,2.2281
6543,2.2454
6544,2.6388
6545,2.3255
6546,2.1979
6547,2.5408
6548,2.374
6549,2.348
6550,2.1621
6551,2.1505
6552,2.1147
6553,2.2599
6554,2.3018
6555,2.3482
6556,2.4149
6557,2.1772
6558,2.1783
6559,2.2038
6560,2.2296
6561,2.2904
6562,2.2464
6563,2.4753
6564,2.4395
6565,2.4735
6566,2.3928
6567,2.5201
6568,2.5191
6569,2.3556
6570,2.4413
6571,2.2808
6572,2.2985
6573,2.3678
6574,2.3966
6575,2.3297
6576,2.4764
6577,2.3709
6578,2.3828
6579,2.4307
6580,2.3448
6581,2.426
6582,2.2787
6583,2.3753
6584,2.3517
6585,2.2827
6586,2.3144
6587,2.4703
6588,2.402
6589,2.4184
6590,2.5624
6591,2.2762
6592,2.1486
6593,2.1869
6594,2.4263
6595,2.4602
6596,2.2687
6597,2.3274
6598,2.4918
6599,2.4261
6600,2.2927
6601,2.2425
6602,2.4726
6603,2.3735
6604,2.3309
6605,2.1314
6606,2.4293
6607,2.4044
6608,2.3536
6609,2.325
6610,2.4621
6611,2.5103
6612,2.4131
6613,2.4912
6614,2.3026
6615,2.4186
6616,2.3795
6617,2.4163
6618,2.3987
6619,2.2662
6620,2.4807
6621,2.472
6622,2.3476
6623,2.3039
6624,2.4521
6625,2.2813
6626,2.2505
6627,2.1304
6628,2.358
6629,2.3705
6630,2.4901
6631,2.2319
6632,2.284
6633,2.2095
6634,2.1912
6635,2.2383
6636,2.4525
6637,2.2617
6638,2.2371
6639,2.3634
6640,2.3475
6641,2.2929
6642,2.4561
6643,2.44
6644,2.4779
6645,2.4017
6646,2.4047
6647,2.2501
6648,2.4203
6649,2.2913
6650,2.2437
6651,2.2146
6652,2.3204
6653,2.3626
6654,2.2031
6655,2.4297
6656,2.4184
6657,2.2987
6658,2.2828
6659,2.6735
6660,2.4348
6661,2.3566
6662,2.4054
6663,2.2957
6664,2.2413
6665,2.1232
6666,2.318
6667,2.5493
6668,2.4513
6669,2.4135
6670,2.4252
6671,2.3371
6672,2.2485
6673,2.5319
6674,2.4205
6675,2.3743
6676,2.3502
6677,2.2485
6678,2.185
6679,2.1974
6680,2.3528
6681,2.2295
6682,2.6914
6683,2.1925
6684,2.4074
6685,2.4064
6686,2.3105
6687,2.4102
6688,2.2167
6689,2.3636
6690,2.2734
6691,2.251
6692,2.2751
6693,2.3499
6694,2.3759
6695,2.2335
6696,2.3071
6697,2.2955
6698,2.3029
6699,2.241
6700,2.2565
6701,2.2992
6702,2.3739
6703,2.3166
6704,2.4671
6705,2.6127
6706,2.5121
6707,2.2237
6708,2.1799
6709,2.2602
6710,2.1534
6711,2.1109
6712,2.0873
6713,2.0365
6714,2.2869
6715,2.3793
6716,2.1416
6717,2.3069
6718,2.1729
6719,2.5339
6720,2.3236
6721,2.2442
6722,2.1334
6723,2.1818
6724,2.2198
6725,2.2039
6726,2.1179
6727,2.1587
6728,2.4062
6729,2.3107
6730,2.3286
6731,2.4327
6732,2.487
6733,2.4594
6734,2.3563
6735,2.4412
6736,2.5341
6737,2.4171
6738,2.2557
6739,2.3228
6740,2.2642
6741,2.4623
6742,2.3375
6743,2.2765
6744,2.3859
6745,2.4593
6746,2.558
6747,2.4577
6748,2.3893
6749,2.3436
6750,2.2151
6751,2.5222
6752,2.5037
6753,2.4346
6754,2.5371
6755,2.5521
6756,2.4971
6757,2.3909
6758,2.2062
6759,2.3763
6760,2.2362
6761,2.563
6762,2.4772
6763,2.3376
6764,2.3516
6765,2.4321
6766,2.3135
6767,2.3908
6768,2.2908
6769,2.4532
6770,2.4087
6771,2.2198
6772,2.3291
6773,2.3644
6774,2.562
6775,2.3465
6776,2.385
6777,2.3146
6778,2.3402
6779,2.4822
6780,2.5104
6781,2.3944
6782,2.4074
6783,2.4341
6784,2.1986
6785,2.3398
6786,2.378
6787,2.3557
6788,2.4357
6789,2.1438
6790,2.425
6791,2.3469
6792,2.4713
6793,2.434
6794,2.3902
6795,2.3297
6796,2.2869
6797,2.787
6798,2.3938
6799,2.4154
6800,2.3515
6801,2.5413
6802,2.4145
6803,2.3354
6804,2.3811
6805,2.2241
6806,2.3254
6807,2.3784
6808,2.2726
6809,2.3994
6810,2.3084
6811,2.3295
6812,2.4708
6813,2.2954
6814,2.3685
6815,2.4228
6816,2.3728
6817,2.0945
6818,2.5561
6819,2.3156
6820,2.6652
6821,2.2749
6822,2.3435
6823,2.342
6824,2.4088
6825,2.4855
6826,2.3911
6827,2.3343
6828,2.4226
6829,2.3936
6830,2.3215
6831,2.3487
6832,2.3749
6833,2.3715
6834,2.4649
6835,2.2724
6836,2.2912
6837,2.5226
6838,2.3007
6839,2.3369
6840,2.2451
6841,2.3221
6842,2.5669
6843,2.5136
6844,2.4111
6845,2.367
6846,2.3577
6847,2.3163
6848,2.3944
6849,2.3857
6850,2.3968
6851,2.0999
6852,2.317
6853,2.2845
6854,2.2975
6855,2.1758
6856,2.4749
6857,2.3671
6858,2.3362
6859,2.3639
6860,2.497
6861,2.32
6862,2.4381
6863,2.3805
6864,2.4258
6865,2.3818
6866,2.5772
6867,2.3837
6868,2.3455
6869,2.4112
6870,2.2415
6871,2.4634
6872,2.3284
6873,2.3019
6874,2.2809
6875,2.467
6876,2.2732
6877,2.4605
6878,2.3721
6879,2.364
6880,2.413
6881,2.2322
6882,2.3051
6883,2.3042
6884,2.2028
6885,2.418
6886,2.4964
6887,2.3005
6888,2.427
6889,2.6356
6890,2.4529
6891,2.3563
6892,2.3556
6893,2.4711
6894,2.421
6895,2.4928
6896,2.3609
6897,2.4334
6898,2.3435
6899,2.3923
6900,2.4602
6901,2.3664
6902,2.4819
6903,2.2986
6904,2.2696
6905,2.4374
6906,2.2994
6907,2.3145
6908,2.3908
6909,2.2384
6910,2.457
6911,2.3627
6912,2.3636
6913,2.4981
6914,2.4415
6915,2.4529
6916,2.2572
6917,2.2694
6918,2.3253
6919,2.3335
6920,2.327
6921,2.3877
6922,2.316
6923,2.248
6924,2.3237
6925,2.4145
6926,2.3367
6927,2.5428
6928,2.3082
6929,2.2767
6930,2.3808
6931,2.3307
6932,2.4349
6933,2.3894
6934,2.2157
6935,2.5796
6936,2.4546
6937,2.4544
6938,2.4511
6939,2.3412
6940,2.2612
6941,2.3667
6942,2.2857
6943,2.4851
6944,2.3639
6945,2.4067
6946,2.3844
6947,2.3043
6948,2.4283
6949,2.196
6950,2.2346
6951,2.2734
6952,2.442
6953,2.4495
6954,2.2479
6955,2.3249
6956,2.5622
6957,2.3352
6958,2.359
6959,2.6747
6960,2.377
6961,2.4296
6962,2.45
6963,2.379
6964,2.5271
6965,2.2426
6966,2.567
6967,2.2601
6968,2.4019
6969,2.5636
6970,2.4548
6971,2.3991
6972,2.4708
6973,2.4158
6974,2.3202
6975,2.4582
6976,2.3844
6977,2.3571
6978,2.3402
6979,2.379
6980,2.4153
6981,2.7841
6982,2.4107
6983,2.3781
6984,2.2223
6985,2.4481
6986,2.3393
6987,2.2169
6988,2.3775
6989,2.4345
6990,2.4775
6991,2.3479
6992,2.4699
6993,2.559
6994,2.2037
6995,2.3828
6996,2.5004
6997,2.3861
6998,2.3046
6999,2.3535
7000,2.4555
7001,2.4065
7002,2.3781
7003,2.2991
7004,2.5771
7005,2.4306
7006,2.3674
7007,2.5098
7008,2.4247
7009,2.3734
7010,2.428
7011,2.3495
7012,2.3825
7013,2.2858
7014,2.331
7015,2.4032
7016,2.4595
7017,2.3671
7018,2.4007
7019,2.4086
7020,2.2248
7021,2.2989
7022,2.2903
7023,2.329
7024,2.4204
7025,2.4441
7026,2.3999
7027,2.5403
7028,2.3577
7029,2.4821
7030,2.2317
7031,2.2202
7032,2.4679
7033,2.259
7034,2.4572
7035,2.3369
7036,2.4604
7037,2.2484
7038,2.4796
7039,2.515
7040,2.3987
7041,2.5173
7042,2.4451
7043,2.2519
7044,2.353
7045,2.436
7046,2.4212
7047,2.5531
7048,2.487
7049,2.3961
7050,2.6486
7051,2.5294
7052,2.1652
7053,2.4546
7054,2.2631
7055,2.2427
7056,2.6033
7057,2.3477
7058,2.4399
7059,2.38
7060,2.5141
7061,2.4352
7062,2.2694
7063,2.3935
7064,2.3924
7065,2.2666
7066,2.3285
7067,2.3186
7068,2.2083
7069,2.2157
7070,2.2072
7071,2.1649
7072,2.2133
7073,2.4226
7074,2.3703
7075,2.3083
7076,2.4527
7077,2.3213
7078,2.2865
7079,2.2917
7080,2.3793
7081,2.2059
7082,2.3901
7083,2.4449
7084,2.6008
7085,2.523
7086,2.5884
7087,2.4144
7088,2.291
7089,2.3274
7090,2.4661
7091,2.2659
7092,2.284
7093,2.2431
7094,2.1779
7095,2.3417
7096,2.7301
7097,2.3869
7098,2.2836
7099,2.425
7100,2.4487
7101,2.3607
7102,2.162
7103,2.2197
7104,2.2111
7105,2.2319
7106,2.2092
7107,2.1942
7108,2.2625
7109,2.1802
7110,2.1982
7111,2.433
7112,2.2046
7113,2.4177
7114,2.4135
7115,2.385
7116,2.5803
7117,2.4582
7118,2.4647
7119,2.4779
7120,2.2806
7121,2.3365
7122,2.1871
7123,2.2841
7124,2.1939
7125,2.0807
7126,2.1759
7127,2.196
7128,2.2748
7129,2.514
7130,2.3131
7131,2.2975
7132,2.4637
7133,2.5858
7134,2.5994
7135,2.3904
7136,2.4299
7137,2.3196
7138,2.0752
7139,2.2902
7140,2.2509
7141,2.3043
7142,2.5964
7143,2.5178
7144,2.34
7145,2.4428
7146,2.3481
7147,2.211
7148,2.4891
7149,2.5579
7150,2.4076
7151,2.4033
7152,2.4524
7153,2.3891
7154,2.3932
7155,2.3758
7156,2.3437
7157,2.2363
7158,2.2898
7159,2.2779
7160,2.4254
7161,2.3966
7162,2.3671
7163,2.1718
7164,2.3305
7165,2.6564
7166,2.2261
7167,2.272
7168,2.6179
7169,2.403
7170,2.3136
7171,2.3858
7172,2.5778
7173,2.4392
7174,2.3052
7175,2.3289
7176,2.5174
7177,2.424
7178,2.3945
7179,2.2943
7180,2.4138
7181,2.2059
7182,2.5172
7183,2.3857
7184,2.4404
7185,2.4456
7186,2.3407
7187,2.4173
7188,2.4732
7189,2.4936
7190,2.3267
7191,2.3789
7192,2.4381
7193,2.4937
7194,2.2292
7195,2.4353
7196,2.3037
7197,2.3522
7198,2.486
7199,2.3935
7200,2.3385
7201,2.1833
7202,2.3673
7203,2.3663
7204,2.3128
7205,2.2786
7206,2.4343
7207,2.3664
7208,2.333
7209,2.4402
7210,2.3503
7211,2.5543
7212,2.454
7213,2.4648
7214,2.3604
7215,2.3653
7216,2.5169
7217,2.5386
7218,2.3213
7219,2.1633
7220,2.3983
7221,2.4847
7222,2.365
7223,2.536
7224,2.5363
7225,2.524
7226,2.3397
7227,2.4282
7228,2.4805
7229,2.4654
7230,2.487
7231,2.348
7232,2.4009
7233,2.2855
7234,2.6162
7235,2.4044
7236,2.2942
7237,2.3144
7238,2.3822
7239,2.408
7240,2.437
7241,2.5838
7242,2.2149
7243,2.4499
7244,2.3636
7245,2.3231
7246,2.3042
7247,2.4198
7248,2.2591
7249,2.403
7250,2.3633
7251,2.39
7252,2.2661
7253,2.4003
7254,2.3063
7255,2.4282
7256,2.3084
7257,2.8025
7258,2.2961
7259,2.3158
7260,2.371
7261,2.2815
7262,2.2967
7263,2.4136
7264,2.407
7265,2.4681
7266,2.3205
7267,2.2476
7268,2.3568
7269,2.4419
7270,2.3965
7271,2.4026
7272,2.3827
7273,2.462
7274,2.4636
7275,2.6398
7276,2.5221
7277,2.4456
7278,2.4254
7279,2.3078
7280,2.64
7281,2.4745
7282,2.4488
7283,2.2068
7284,2.3793
7285,2.2549
7286,2.3522
7287,2.5658
7288,2.5935
7289,2.5571
7290,2.4695
7291,2.6053
7292,2.7912
7293,2.7925
7294,2.5596
7295,2.5381
7296,2.5749
7297,2.5883
7298,2.8319
7299,2.4836
7300,2.5413
7301,2.4404
7302,2.4797
7303,2.7782
7304,2.5415
7305,2.7688
7306,2.4974
7307,2.7297
7308,2.6533
7309,2.3735
7310,2.362
7311,2.5754
7312,2.3737
7313,2.5628
7314,2.5789
7315,2.4328
7316,2.5281
7317,2.7255
7318,2.6595
7319,2.6185
7320,2.5444
7321,2.7577
7322,2.6111
7323,2.4645
7324,2.5482
7325,2.551
7326,2.8783
7327,2.6467
7328,2.557
7329,2.5546
7330,2.4239
7331,2.5655
7332,2.646
7333,2.5166
7334,2.411
7335,2.5052
7336,2.539
7337,2.5469
7338,2.7316
7339,2.509
7340,2.5714
7341,2.5535
7342,2.579
7343,2.6084
7344,2.6816
7345,2.6123
7346,2.6251
7347,2.6969
7348,2.5474
7349,2.7489
7350,2.578
7351,2.6211
7352,2.6557
7353,2.6636
7354,2.8141
7355,2.7038
7356,2.6979
7357,2.6264
7358,2.3885
7359,2.6097
7360,2.4805
7361,2.5977
7362,2.4752
7363,2.5239
7364,2.5271
7365,2.5476
7366,2.3744
7367,2.573
7368,2.3921
7369,2.4936
7370,2.5762
7371,2.495
7372,2.9311
7373,2.6433
7374,2.5337
7375,2.5872
7376,2.4484
7377,2.8695
7378,2.5187
7379,2.4176
7380,2.6019
7381,2.544
7382,2.4863
7383,2.3942
7384,2.4401
7385,2.6048
7386,2.658
7387,2.5449
7388,2.4724
7389,2.4004
7390,2.7552
7391,2.5768
7392,2.5558
7393,2.4677
7394,2.5535
7395,2.9276
7396,2.556
7397,2.4337
7398,2.3767
7399,2.534
7400,2.6589
7401,2.5276
7402,2.5979
7403,2.4784
7404,2.4748
7405,2.3429
7406,2.6485
7407,2.5487
7408,2.6635
7409,2.5265
7410,2.508
7411,2.4039
7412,2.4553
7413,2.7288
7414,2.5676
7415,2.615
7416,2.4827
7417,2.5893
7418,2.924
7419,2.607
7420,2.4072
7421,2.3939
7422,2.4588
7423,2.4289
7424,2.3538
7425,2.5381
7426,2.5395
7427,2.4908
7428,2.478
7429,2.6246
7430,2.1513
7431,2.4223
7432,2.4341
7433,2.7468
7434,2.7887
7435,2.5322
7436,2.4048
7437,2.7004
7438,2.3612
7439,2.5168
7440,2.7415
7441,2.9735
7442,2.5492
7443,2.5129
7444,2.5063
7445,2.7279
7446,2.6353
7447,2.4876
7448,2.4737
7449,2.4104
7450,2.4976
7451,2.3182
7452,2.239
7453,2.2073
7454,2.5469
7455,2.3942
7456,2.4238
7457,2.5591
7458,2.6422
7459,2.5529
7460,2.5153
7461,2.28
7462,2.31
7463,2.6066
7464,2.8649
7465,2.6634
7466,2.5984
7467,2.5891
7468,2.6337
7469,2.4942
7470,2.5152
7471,2.6004
7472,2.5416
7473,2.5689
7474,2.6447
7475,2.4976
7476,2.5936
7477,2.4192
7478,2.4376
7479,2.4331
7480,2.4248
7481,2.5344
7482,2.5653
7483,2.4597
7484,2.5431
7485,2.33
7486,2.5736
7487,2.7397
7488,2.6039
7489,2.3003
7490,2.5565
7491,2.3293
7492,2.4945
7493,2.465
7494,2.4811
7495,2.5245
7496,2.2926
7497,2.3359
7498,2.6285
7499,2.5065
7500,2.3845
7501,2.4199
7502,2.5152
7503,2.3196
7504,2.6364
7505,2.4032
7506,2.5186
7507,2.5322
7508,2.2907
7509,2.5191
7510,2.4986
7511,2.5393
7512,2.5374
7513,2.6407
7514,2.4836
7515,2.3577
7516,2.4264
7517,2.3547
7518,2.4701
7519,2.5512
7520,2.4019
7521,2.6042
7522,2.5267
7523,2.4491
7524,2.4167
7525,2.4128
7526,2.4691
7527,2.3249
7528,2.2869
7529,2.3461
7530,2.3662
7531,2.496
7532,2.489
7533,2.9772
7534,2.6307
7535,2.5268
7536,2.2822
7537,2.6112
7538,2.5182
7539,2.4207
7540,2.453
7541,2.5159
7542,2.4325
7543,2.3226
7544,2.3722
7545,2.3207
7546,2.5045
7547,2.3923
7548,2.5522
7549,2.5483
7550,2.4204
7551,2.2556
7552,2.2754
7553,2.4989
7554,2.5998
7555,2.5435
7556,2.6169
7557,2.5861
7558,2.7527
7559,2.5572
7560,2.4459
7561,2.6242
7562,2.6811
7563,2.3649
7564,2.6986
7565,2.5084
7566,2.6146
7567,2.3685
7568,2.3624
7569,2.5411
7570,2.2319
7571,2.5307
7572,2.5038
7573,2.6787
7574,2.5757
7575,2.4726
7576,2.5954
7577,2.6347
7578,2.5509
7579,2.6562
7580,2.5064
7581,2.4127
7582,2.2612
7583,2.5316
7584,2.498
7585,2.5187
7586,2.5594
7587,2.5891
7588,2.786
7589,2.5343
7590,2.4419
7591,2.5128
7592,2.4895
7593,2.53
7594,2.4668
7595,2.3475
7596,2.373
7597,2.5173
7598,2.2987
7599,2.611
7600,2.4429
7601,2.4877
7602,2.9036
7603,2.4959
7604,2.6394
7605,2.4312
7606,2.4804
7607,2.357
7608,2.4265
7609,2.3579
7610,2.4995
7611,2.5832
7612,2.5839
7613,2.4579
7614,2.4455
7615,2.5018
7616,2.2279
7617,2.6244
7618,2.6327
7619,2.6593
7620,2.5855
7621,2.5444
7622,2.3641
7623,2.5794
7624,2.5255
7625,2.8512
7626,2.469
7627,2.6085
7628,2.3269
7629,2.4756
7630,2.5497
7631,2.6055
7632,2.3727
7633,2.4943
7634,2.3305
7635,2.5502
7636,2.5704
7637,2.5681
7638,2.7075
7639,2.5755
7640,2.3429
7641,2.3496
7642,2.4245
7643,2.5708
7644,2.4909
7645,2.62
7646,2.5891
7647,2.5341
7648,2.7293
7649,2.5832
7650,2.4482
7651,2.3013
7652,2.3941
7653,2.691
7654,2.1677
7655,2.6312
7656,2.5152
7657,2.5913
7658,2.618
7659,2.6359
7660,2.6371
7661,2.4332
7662,2.4691
7663,2.2187
7664,2.8651
7665,2.5889
7666,2.2398
7667,2.635
7668,2.5051
7669,2.5497
7670,2.4995
7671,2.4155
7672,2.6101
7673,2.6982
7674,2.466
7675,2.6069
7676,2.4676
7677,2.62
7678,2.6124
7679,2.5581
7680,2.4681
7681,2.4462
7682,2.4871
7683,2.3956
7684,2.5387
7685,2.4538
7686,2.3521
7687,2.5636
7688,2.4443
7689,2.6638
7690,2.5571
7691,2.6211
7692,2.6254
7693,2.6135
7694,2.8331
7695,2.5108
7696,2.3731
7697,2.3532
7698,2.6014
7699,2.5833
7700,2.5161
7701,2.4241
7702,2.4393
7703,2.3664
7704,2.4727
7705,2.5485
7706,2.4386
7707,2.5116
7708,2.5646
7709,2.4998
7710,2.5996
7711,2.4099
7712,2.5259
7713,2.1692
7714,2.6809
7715,2.2978
7716,2.3008
7717,2.6338
7718,2.5294
7719,2.3244
7720,2.4658
7721,2.7273
7722,2.5256
7723,2.7073
7724,2.609
7725,2.4396
7726,2.486
7727,2.6038
7728,2.3806
7729,2.653
7730,2.5071
7731,2.4753
7732,2.5386
7733,2.3814
7734,2.6516
7735,2.5576
7736,2.4908
7737,2.2543
7738,2.5046
7739,2.3149
7740,2.6972
7741,2.497
7742,2.5089
7743,2.6648
7744,2.5061
7745,2.5247
7746,2.4644
7747,2.4595
7748,2.3816
7749,2.6259
7750,2.5128
7751,2.4951
7752,2.5389
7753,2.8303
7754,2.4046
7755,2.3788
7756,2.4922
7757,2.3433
7758,2.5208
7759,2.4403
7760,2.3996
7761,2.3878
7762,2.5245
7763,2.7421
7764,2.5057
7765,2.7586
7766,2.4255
7767,2.3175
7768,2.4764
7769,2.4314
7770,2.5639
7771,2.5187
7772,2.5153
7773,2.3478
7774,2.5297
7775,2.3155
7776,2.3813
7777,2.3416
7778,2.5687
7779,2.5863
7780,2.6789
7781,2.3589
7782,2.7577
7783,2.5525
7784,2.4728
7785,2.3732
7786,2.7055
7787,2.6968
7788,2.6684
7789,2.5283
7790,2.4571
7791,2.4916
7792,2.3967
7793,2.6361
7794,2.5357
7795,2.6779
7796,2.4013
7797,2.4393
7798,2.2161
7799,2.6892
7800,2.4514
7801,2.5459
7802,2.4029
7803,2.5834
7804,2.496
7805,2.4971
7806,2.5436
7807,2.5301
7808,2.5304
7809,2.827
7810,2.7336
7811,2.5999
7812,2.3904
7813,2.5245
7814,2.2643
7815,2.3361
7816,2.5359
7817,2.4777
7818,2.4466
7819,2.5507
7820,2.504
7821,2.402
7822,2.6275
7823,2.5066
7824,2.5611
7825,2.6551
7826,2.4216
7827,2.5341
7828,2.5077
7829,2.6791
7830,2.2514
7831,2.4461
7832,2.8417
7833,2.5224
7834,2.4159
7835,2.2417
7836,2.4247
7837,2.5436
7838,2.6359
7839,2.7177
7840,2.3479
7841,2.6123
7842,2.7415
7843,2.5106
7844,2.4783
7845,2.2493
7846,2.3918
7847,2.7977
7848,2.7517
7849,2.4081
7850,2.3078
7851,2.2698
7852,2.4209
7853,2.2257
7854,2.3241
7855,2.5092
7856,2.4236
7857,2.2897
7858,2.2019
7859,2.2462
7860,2.3459
7861,2.2421
7862,2.1314
7863,2.507
7864,2.4661
7865,2.2761
7866,2.4496
7867,2.3963
7868,2.4572
7869,2.2619
7870,2.367
7871,2.1975
7872,2.0909
7873,2.4815
7874,2.4252
7875,2.3477
7876,2.3898
7877,2.5528
7878,2.5138
7879,2.2902
7880,2.2788
7881,2.406
7882,2.2215
7883,2.1648
7884,2.5273
7885,2.192
7886,2.3511
7887,2.4268
7888,2.5084
7889,2.3328
7890,2.1372
7891,2.1019
7892,2.5413
7893,2.3341
7894,2.328
7895,2.4223
7896,2.4898
7897,2.4431
7898,2.346
7899,2.3982
7900,2.4361
7901,2.8065
7902,2.3648
7903,2.3037
7904,2.1291
7905,2.4887
7906,2.2388
7907,2.4928
7908,2.516
7909,2.4237
7910,2.3268
7911,2.1626
7912,2.2596
7913,2.1738
7914,2.3546
7915,2.4471
7916,2.3255
7917,2.5127
7918,2.5134
7919,2.3423
7920,2.3535
7921,2.3108
7922,2.4237
7923,2.3836
7924,2.4629
7925,2.5136
7926,2.3332
7927,2.2998
7928,2.4328
7929,2.3533
7930,2.1628
7931,2.5221
7932,2.4712
7933,2.4827
7934,2.4557
7935,2.3353
7936,2.3911
7937,2.2963
7938,2.2734
7939,2.3782
7940,2.4654
7941,2.4731
7942,2.3033
7943,2.181
7944,2.404
7945,2.3958
7946,2.4819
7947,2.5897
7948,2.4299
7949,2.2581
7950,2.4355
7951,2.333
7952,2.4289
7953,2.453
7954,2.3198
7955,2.3558
7956,2.2521
7957,2.1468
7958,2.1306
7959,2.1794
7960,2.3967
7961,2.4417
7962,2.6463
7963,2.5042
7964,2.5144
7965,2.5377
7966,2.4974
7967,2.243
7968,2.3142
7969,2.3015
7970,2.7375
7971,2.4282
7972,2.452
7973,2.415
7974,2.1471
7975,2.388
7976,2.3383
7977,2.3
7978,2.4673
7979,2.3739
7980,2.4861
7981,2.3086
7982,2.3518
7983,2.3932
7984,2.342
7985,2.3086
7986,2.3987
7987,2.3832
7988,2.3394
7989,2.2325
7990,2.1477
7991,2.1763
7992,2.3595
7993,2.6777
7994,2.3874
7995,2.2405
7996,2.1222
7997,2.3035
7998,2.3769
7999,2.3703
8000,2.2705
8001,2.3311
8002,2.5288
8003,2.3894
8004,2.355
8005,2.2296
8006,2.3094
8007,2.5442
8008,2.4785
8009,2.5222
8010,2.4563
8011,2.4517
8012,2.204
8013,2.3705
8014,2.4088
8015,2.2572
8016,2.2467
8017,2.3213
8018,2.2119
8019,2.3555
8020,2.3752
8021,2.3054
8022,2.1802
8023,2.174
8024,2.178
8025,2.3795
8026,2.278
8027,2.4629
8028,2.2945
8029,2.4476
8030,2.4456
8031,2.4571
8032,2.272
8033,2.4721
8034,2.4387
8035,2.4933
8036,2.3271
8037,2.44
8038,2.3693
8039,2.521
8040,2.4106
8041,2.309
8042,2.3433
8043,2.2879
8044,2.131
8045,2.401
8046,2.1868
8047,2.4096
8048,2.2058
8049,2.2087
8050,2.3288
8051,2.077
8052,2.2085
8053,2.2865
8054,2.4598
8055,2.3098
8056,2.344
8057,2.6375
8058,2.482
8059,2.3608
8060,2.2584
8061,2.5215
8062,2.6648
8063,2.3469
8064,2.2203
8065,2.3421
8066,2.36
8067,2.3611
8068,2.3458
8069,2.3485
8070,2.3604
8071,2.2473
8072,2.2316
8073,2.3786
8074,2.3006
8075,2.4451
8076,2.1588
8077,2.5014
8078,2.2749
8079,2.2515
8080,2.3164
8081,2.4431
8082,2.2829
8083,2.2547
8084,2.2986
8085,2.7116
8086,2.3482
8087,2.3905
8088,2.4029
8089,2.4669
8090,2.2332
8091,2.4471
8092,2.446
8093,2.2475
8094,2.2063
8095,2.1948
8096,2.4413
8097,2.4368
8098,2.5229
8099,2.4278
8100,2.4074
8101,2.2656
8102,2.3109
8103,2.5479
8104,2.5107
8105,2.4663
8106,2.4261
8107,2.322
8108,2.691
8109,2.4506
8110,2.2228
8111,2.486
8112,2.3696
8113,2.3874
8114,2.3299
8115,2.2868
8116,2.3664
8117,2.2523
8118,2.1993
8119,2.4025
8120,2.4348
8121,2.417
8122,2.3421
8123,2.4195
8124,2.1836
8125,2.4822
8126,2.1179
8127,2.197
8128,2.3376
8129,2.4566
8130,2.5207
8131,2.5522
8132,2.4564
8133,2.383
8134,2.4144
8135,2.2602
8136,2.3562
8137,2.35
8138,2.296
8139,2.4389
8140,2.4116
8141,2.2892
8142,2.3336
8143,2.2415
8144,2.3744
8145,2.2491
8146,2.1208
8147,2.2076
8148,2.4676
8149,2.3848
8150,2.4205
8151,2.242
8152,2.3965
8153,2.1046
8154,2.6571
8155,2.3161
8156,2.5338
8157,2.2164
8158,2.1085
8159,2.1323
8160,2.2422
8161,2.2977
8162,2.3778
8163,2.1698
8164,2.3326
8165,2.3861
8166,2.5166
8167,2.4832
8168,2.3791
8169,2.486
8170,2.5237
8171,2.4014
8172,2.4556
8173,2.4327
8174,2.3728
8175,2.4
8176,2.4471
8177,2.5
8178,2.2859
8179,2.1962
8180,2.2158
8181,2.2677
8182,2.5436
8183,2.4089
8184,2.2312
8185,2.1668
8186,2.2981
8187,2.1802
8188,2.1902
8189,2.3275
8190,2.2477
8191,2.2997
8192,2.2235
8193,2.1283
8194,2.1323
8195,2.2536
8196,2.3625
8197,2.0595
8198,2.1116
8199,2.3703
8200,2.3161
8201,2.3102
8202,2.371
8203,2.3262
8204,2.2851
8205,2.3215
8206,2.1157
8207,2.0311
8208,2.3215
8209,2.2408
8210,2.1958
8211,2.3496
8212,2.4849
8213,2.128
8214,2.2788
8215,2.3584
8216,2.2368
8217,2.4043
8218,2.2956
8219,2.4408
8220,2.4863
8221,2.3705
8222,2.5104
8223,2.5705
8224,2.3128
8225,2.2904
8226,2.4902
8227,2.3974
8228,2.5167
8229,2.472
8230,2.48
8231,2.3033
8232,2.3079
8233,2.3702
8234,2.3284
8235,2.344
8236,2.1124
8237,2.1976
8238,2.1933
8239,2.0833
8240,2.0996
8241,2.4146
8242,2.4252
8243,2.3245
8244,2.3611
8245,2.4822
8246,2.549
8247,2.4505
8248,2.4298
8249,2.5024
8250,2.2268
8251,2.332
8252,2.053
8253,2.2902
8254,2.5814
8255,2.4433
8256,2.3807
8257,2.3864
8258,2.3452
8259,2.517
8260,2.3526
8261,2.4564
8262,2.6346
8263,2.4679
8264,2.5653
8265,2.4091
8266,2.4628
8267,2.3169
8268,2.2291
8269,2.6634
8270,2.3599
8271,2.5204
8272,2.3702
8273,2.2562
8274,2.1305
8275,2.1262
8276,2.3686
8277,2.3846
8278,2.3566
8279,2.1839
8280,2.3803
8281,2.2746
8282,2.5126
8283,2.416
8284,2.3462
8285,2.3611
8286,2.2954
8287,2.2757
8288,2.4706
8289,2.3016
8290,2.3724
8291,2.2281
8292,2.5835
8293,2.3999
8294,2.3181
8295,2.1899
8296,2.4307
8297,2.2478
8298,2.468
8299,2.4085
8300,2.4498
8301,2.2117
8302,2.2903
8303,2.2409
8304,2.2834
8305,2.329
8306,2.1495
8307,2.1892
8308,2.1512
8309,2.2437
8310,2.1674
8311,2.3801
8312,2.3181
8313,2.4373
8314,2.2578
8315,2.5372
8316,2.3012
8317,2.384
8318,2.2154
8319,2.1904
8320,2.3483
8321,2.3283
8322,2.3095
8323,2.5006
8324,2.3343
8325,2.3102
8326,2.3013
8327,2.5114
8328,2.4051
8329,2.1792
8330,2.252
8331,2.2769
8332,2.3599
8333,2.2404
8334,2.381
8335,2.4663
8336,2.1984
8337,2.4099
8338,2.5916
8339,2.3541
8340,2.2595
8341,2.4149
8342,2.5834
8343,2.2623
8344,2.2396
8345,2.2953
8346,2.4493
8347,2.3668
8348,2.3097
8349,2.4854
8350,2.4029
8351,2.3406
8352,2.0557
8353,2.4033
8354,2.5017
8355,2.364
8356,2.4499
8357,2.4898
8358,2.3526
8359,2.4043
8360,2.4921
8361,2.6664
8362,2.3504
8363,2.5074
8364,2.2471
8365,2.353
8366,2.2033
8367,2.3224
8368,2.3101
8369,2.2893
8370,2.5295
8371,2.5612
8372,2.4768
8373,2.3841
8374,2.2762
8375,2.4557
8376,2.2804
8377,2.3753
8378,2.218
8379,2.4789
8380,2.3122
8381,2.4475
8382,2.266
8383,2.3615
8384,2.5497
8385,2.3457
8386,2.313
8387,2.5036
8388,2.2822
8389,2.4367
8390,2.3177
8391,2.1488
8392,2.1026
8393,2.4122
8394,2.2593
8395,2.2162
8396,2.1297
8397,2.5088
8398,2.5538
8399,2.5425
8400,2.3829
8401,2.4723
8402,2.3937
8403,2.3327
8404,2.1272
8405,2.0625
8406,2.1408
8407,2.3122
8408,2.2263
8409,2.4137
8410,2.4123
8411,2.5119
8412,2.3275
8413,2.316
8414,2.4877
8415,2.3297
8416,2.2179
8417,2.2993
8418,2.3314
8419,2.4141
8420,2.5584
8421,2.4323
8422,2.3651
8423,2.5172
8424,2.2855
8425,2.2921
8426,2.1045
8427,2.3941
8428,2.2868
8429,2.2115
8430,2.5784
8431,2.1986
8432,2.3029
8433,2.2318
8434,2.4278
8435,2.4228
8436,2.4234
8437,2.3677
8438,2.4319
8439,2.5998
8440,2.3749
8441,2.4715
8442,2.532
8443,2.2094
8444,2.2846
8445,2.3651
8446,2.3529
8447,2.2117
8448,2.4374
8449,2.386
8450,2.5576
8451,2.0057
8452,2.2382
8453,2.4038
8454,2.5158
8455,2.4475
8456,2.426
8457,2.4009
8458,2.3391
8459,2.4298
8460,2.5435
8461,2.4417
8462,2.1359
8463,2.4134
8464,2.5035
8465,2.4023
8466,2.3201
8467,2.4356
8468,2.4102
8469,2.3446
8470,2.3802
8471,2.3848
8472,2.2658
8473,2.3293
8474,2.46
8475,2.3293
8476,2.6944
8477,2.4258
8478,2.4274
8479,2.5775
8480,2.3236
8481,2.307
8482,2.4523
8483,2.3228
8484,2.4784
8485,2.3445
8486,2.2158
8487,2.1975
8488,2.3036
8489,2.2876
8490,2.4156
8491,2.3699
8492,2.4649
8493,2.372
8494,2.501
8495,2.35
8496,2.2014
8497,2.5059
8498,2.3929
8499,2.6177
8500,2.5175
8501,2.3999
8502,2.3646
8503,2.3196
8504,2.3101
8505,2.2287
8506,2.3053
8507,2.3745
8508,2.2857
8509,2.3001
8510,2.4616
8511,2.3988
8512,2.3424
8513,2.4283
8514,2.4891
8515,2.4304
8516,2.3346
8517,2.3777
8518,2.3657
8519,2.3165
8520,2.3328
8521,2.1903
8522,2.6675
8523,2.3801
8524,2.3815
8525,2.4894
8526,2.5206
8527,2.4791
8528,2.3688
8529,2.4893
8530,2.4775
8531,2.2945
8532,2.4672
8533,2.4369
8534,2.4985
8535,2.472
8536,2.2925
8537,2.2668
8538,2.3293
8539,2.3941
8540,2.4295
8541,2.4313
8542,2.4267
8543,2.3656
8544,2.3235
8545,2.6961
8546,2.5419
8547,2.6251
8548,2.3506
8549,2.264
8550,2.339
8551,2.5423
8552,2.2707
8553,2.4638
8554,2.2739
8555,2.2057
8556,2.152
8557,2.4516
8558,2.3804
8559,2.418
8560,2.3886
8561,2.3359
8562,2.2948
8563,2.2741
8564,2.2355
8565,2.3423
8566,2.3289
8567,2.242
8568,2.4901
8569,2.3884
8570,2.2028
8571,2.2828
8572,2.5011
8573,2.4273
8574,2.3183
8575,2.1922
8576,2.5746
8577,2.498
8578,2.3799
8579,2.4569
8580,2.3359
8581,2.2771
8582,2.4474
8583,2.3118
8584,2.4051
8585,2.4001
8586,2.4176
8587,2.188
8588,2.2612
8589,2.2901
8590,2.4058
8591,2.6902
8592,2.5154
8593,2.3754
8594,2.3071
8595,2.321
8596,2.2066
8597,2.359
8598,2.3574
8599,2.2019
8600,2.1688
8601,2.1707
8602,2.3543
8603,2.0873
8604,2.4826
8605,2.4027
8606,2.3601
8607,2.4017
8608,2.3871
8609,2.2897
8610,2.3639
8611,2.4285
8612,2.2189
8613,2.4451
8614,2.7092
8615,2.3189
8616,2.3201
8617,2.1933
8618,2.3274
8619,2.4048
8620,2.4344
8621,2.2116
8622,2.2943
8623,2.2533
8624,2.3864
8625,2.2518
8626,2.4999
8627,2.3144
8628,2.3525
8629,2.4714
8630,2.5495
8631,2.393
8632,2.2723
8633,2.3991
8634,2.4883
8635,2.2944
8636,2.405
8637,2.835
8638,2.4818
8639,2.5466
8640,2.4455
8641,2.3361
8642,2.4408
8643,2.3113
8644,2.4738
8645,2.3292
8646,2.4077
8647,2.109
8648,2.1435
8649,2.2254
8650,2.3206
8651,2.3754
8652,2.2741
8653,2.407
8654,2.4016
8655,2.5185
8656,2.3111
8657,2.4583
8658,2.3673
8659,2.3827
8660,2.6179
8661,2.5315
8662,2.3024
8663,2.4056
8664,2.3945
8665,2.3134
8666,2.3386
8667,2.2931
8668,2.1539
8669,2.3009
8670,2.3674
8671,2.402
8672,2.4665
8673,2.1954
8674,2.3227
8675,2.5786
8676,2.4137
8677,2.4381
8678,2.4954
8679,2.201
8680,2.4418
8681,2.5306
8682,2.3606
8683,2.4516
8684,2.4327
8685,2.3126
8686,2.3616
8687,2.2661
8688,2.2777
8689,2.1644
8690,2.2982
8691,2.3963
8692,2.3666
8693,2.2587
8694,2.4137
8695,2.5007
8696,2.4427
8697,2.3687
8698,2.386
8699,2.4423
8700,2.1437
8701,2.0875
8702,2.1345
8703,2.4365
8704,2.495
8705,2.3162
8706,2.5834
8707,2.3199
8708,2.4528
8709,2.4669
8710,2.3797
8711,2.5089
8712,2.3431
8713,2.4365
8714,2.5975
8715,2.4625
8716,2.3783
8717,2.256
8718,2.3204
8719,2.4207
8720,2.3613
8721,2.3029
8722,2.4162
8723,2.2346
8724,2.3056
8725,2.2315
8726,2.4114
8727,2.4079
8728,2.3162
8729,2.5925
8730,2.198
8731,2.3589
8732,2.2871
8733,2.3868
8734,2.3353
8735,2.3434
8736,2.1719
8737,2.4729
8738,2.1997
8739,2.3445
8740,2.4568
8741,2.1329
8742,2.3432
8743,2.2965
8744,2.3709
8745,2.355
8746,2.1665
8747,2.3155
8748,2.2663
8749,2.5506
8750,2.3799
8751,2.5188
8752,2.5569
8753,2.1995
8754,2.3603
8755,2.2628
8756,2.2224
8757,2.3391
8758,2.4304
8759,2.3343
8760,2.3689
8761,2.3052
8762,2.4241
8763,2.4318
8764,2.3088
8765,2.4147
8766,2.3615
8767,2.5215
8768,2.3342
8769,2.2592
8770,2.343
8771,2.4609
8772,2.4283
8773,2.2887
8774,2.2195
8775,2.5515
8776,2.3334
8777,2.2949
8778,2.3509
8779,2.2796
8780,2.2918
8781,2.2077
8782,2.4197
8783,2.4399
8784,2.1624
8785,2.383
8786,2.3188
8787,2.344
8788,2.1827
8789,2.4233
8790,2.3731
8791,2.3013
8792,2.5019
8793,2.3775
8794,2.5847
8795,2.3318
8796,2.3151
8797,2.3139
8798,2.896
8799,2.3499
8800,2.3236
8801,2.3029
8802,2.2359
8803,2.292
8804,2.3049
8805,2.3797
8806,2.3822
8807,2.4636
8808,2.3637
8809,2.5433
8810,2.4118
8811,2.3062
8812,2.2938
8813,2.2224
8814,2.3596
8815,2.4488
8816,2.2953
8817,2.3323
8818,2.5107
8819,2.3737
8820,2.4448
8821,2.6727
8822,2.4476
8823,2.435
8824,2.276
8825,2.2048
8826,2.1324
8827,2.3261
8828,2.3534
8829,2.3798
8830,2.3886
8831,2.44
8832,2.1642
8833,2.3897
8834,2.443
8835,2.33
8836,2.2918
8837,2.3105
8838,2.3897
8839,2.3092
8840,2.3871
8841,2.3202
8842,2.4558
8843,2.2593
8844,2.3936
8845,2.5275
8846,2.4456
8847,2.2951
8848,2.4117
8849,2.1534
8850,2.3921
8851,2.2938
8852,2.2443
8853,2.1649
8854,2.2104
8855,2.4898
8856,2.3658
8857,2.2951
8858,2.3562
8859,2.3744
8860,2.4231
8861,2.1419
8862,2.5253
8863,2.3733
8864,2.3173
8865,2.3393
8866,2.2891
8867,2.5799
8868,2.5716
8869,2.2232
8870,2.3702
8871,2.2772
8872,2.3663
8873,2.4254
8874,2.3802
8875,2.2744
8876,2.2056
8877,2.3347
8878,2.3573
8879,2.3015
8880,2.2754
8881,2.1681
8882,2.1904
8883,2.3166
8884,2.3227
8885,2.3611
8886,2.3758
8887,2.3509
8888,2.3948
8889,2.4832
8890,2.4994
8891,2.4201
8892,2.4635
8893,2.3437
8894,2.3706
8895,2.5073
8896,2.3291
8897,2.3791
8898,2.4064
8899,2.2781
8900,2.3625
8901,2.4015
8902,2.4304
8903,2.3865
8904,2.3543
8905,2.4522
8906,2.3862
8907,2.4881
8908,2.3206
8909,2.1369
8910,2.298
8911,2.3243
8912,2.4057
8913,2.6859
8914,2.1528
8915,2.2078
8916,2.2043
8917,2.3246
8918,2.3226
8919,2.3334
8920,2.493
8921,2.4871
8922,2.5728
8923,2.5082
8924,2.3014
8925,2.3781
8926,2.5159
8927,2.5123
8928,2.2667
8929,2.3741
8930,2.2578
8931,2.3811
8932,2.3922
8933,2.4209
8934,2.245
8935,2.2663
8936,2.472
8937,2.3777
8938,2.2197
8939,2.3362
8940,2.237
8941,2.2119
8942,2.2705
8943,2.2048
8944,2.3504
8945,2.5215
8946,2.4799
8947,2.4718
8948,2.44
8949,2.2605
8950,2.2428
8951,2.3581
8952,2.3341
8953,2.3075
8954,2.4105
8955,2.242
8956,2.239
8957,2.4345
8958,2.1237
8959,2.3803
8960,2.4486
8961,2.3585
8962,2.4221
8963,2.342
8964,2.281
8965,2.1928
8966,2.2672
8967,2.4364
8968,2.2653
8969,2.4617
8970,2.2052
8971,2.4503
8972,2.2729
8973,2.2913
8974,2.1782
8975,2.0983
8976,2.281
8977,2.3359
8978,2.227
8979,2.2744
8980,2.492
8981,2.3863
8982,2.2181
8983,2.3569
8984,2.4339
8985,2.5527
8986,2.5415
8987,2.4136
8988,2.5439
8989,2.3993
8990,2.4798
8991,2.4128
8992,2.4285
8993,2.2534
8994,2.0635
8995,2.5135
8996,2.3359
8997,2.4537
8998,2.3694
8999,2.1611
9000,2.4632
9001,2.19
9002,2.2471
9003,2.018
9004,2.351
9005,2.6086
9006,2.4454
9007,2.4177
9008,2.288
9009,2.4858
9010,2.4225
9011,2.3832
9012,2.3387
9013,2.2429
9014,2.2252
9015,2.3741
9016,2.4275
9017,2.5032
9018,2.4032
9019,2.1882
9020,2.4344
9021,2.4654
9022,2.5091
9023,2.3005
9024,2.14
9025,2.2189
9026,2.1345
9027,2.1504
9028,2.3918
9029,2.164
9030,2.0844
9031,2.2176
9032,2.2001
9033,2.2535
9034,2.1276
9035,2.1594
9036,2.1715
9037,2.1044
9038,2.1079
9039,2.2116
9040,2.1889
9041,2.1815
9042,2.1505
9043,2.1827
9044,2.2448
9045,2.1889
9046,2.2244
9047,2.1781
9048,2.1712
9049,2.1214
9050,2.2094
9051,2.3971
9052,2.0672
9053,2.1923
9054,2.2288
9055,2.2205
9056,2.0893
9057,2.1499
9058,2.1829
9059,2.124
9060,2.1586
9061,2.0397
9062,2.1763
9063,2.1899
9064,2.1648
9065,2.2232
9066,2.2211
9067,2.23
9068,2.1569
9069,2.1552
9070,2.1663
9071,2.0598
9072,2.203
9073,2.1766
9074,2.3206
9075,2.1343
9076,2.2183
9077,2.1064
9078,2.2369
9079,2.1895
9080,2.1786
9081,2.1228
9082,2.0483
9083,2.1362
9084,2.1785
9085,2.1644
9086,2.121
9087,2.126
9088,2.1679
9089,2.1508
9090,2.2733
9091,2.2041
9092,2.1835
9093,2.1642
9094,2.1018
9095,2.1523
9096,2.276
9097,2.5888
9098,2.5055
9099,2.5842
9100,2.3579
9101,2.5557
9102,2.436
9103,2.4253
9104,2.5104
9105,2.4521
9106,2.5272
9107,2.3638
9108,2.4224
9109,2.2417
9110,2.3746
9111,2.4226
9112,2.3502
9113,2.3696
9114,2.5386
9115,2.3964
9116,2.2941
9117,2.4364
9118,2.2816
9119,2.3737
9120,2.6027
9121,2.3705
9122,2.3496
9123,2.3132
9124,2.3314
9125,2.4261
9126,2.2492
9127,2.4591
9128,2.4084
9129,2.3381
9130,2.4221
9131,2.2857
9132,2.5269
9133,2.241
9134,2.4199
9135,2.3127
9136,2.2567
9137,2.265
9138,2.3748
9139,2.4602
9140,2.1828
9141,2.5164
9142,2.2576
9143,2.4383
9144,2.4555
9145,2.4637
9146,2.3759
9147,2.3995
9148,2.3228
9149,2.318
9150,2.2019
9151,2.4959
9152,2.3532
9153,2.2397
9154,2.3213
9155,2.4015
9156,2.2976
9157,2.3392
9158,2.2763
9159,2.3267
9160,2.4373
9161,2.4684
9162,2.3625
9163,2.357
9164,2.3281
9165,2.3429
9166,2.5575
9167,2.4619
9168,2.382
9169,2.4115
9170,2.3221
9171,2.4642
9172,2.4858
9173,2.2591
9174,2.2957
9175,2.3908
9176,2.3476
9177,2.4001
9178,2.4428
9179,2.2701
9180,2.1988
9181,2.2934
9182,2.315
9183,2.5033
9184,2.4622
9185,2.4339
9186,2.3749
9187,2.3259
9188,2.3269
9189,2.5257
9190,2.3043
9191,2.4309
9192,2.4806
9193,2.1624
9194,2.1087
9195,2.2589
9196,2.2602
9197,2.5114
9198,2.2688
9199,2.4115
9200,2.4015
9201,2.4993
9202,2.3645
9203,2.5169
9204,2.3582
9205,2.4617
9206,2.4805
9207,2.2436
9208,2.4989
9209,2.4984
9210,2.2391
9211,2.3954
9212,2.5544
9213,2.1781
9214,2.4839
9215,2.2879
9216,2.4632
9217,2.588
9218,2.3967
9219,2.4464
9220,2.4199
9221,2.3523
9222,2.4795
9223,2.4972
9224,2.648
9225,2.4432
9226,2.5092
9227,2.4528
9228,2.3556
9229,2.3074
9230,2.2049
9231,2.2755
9232,2.4196
9233,2.4391
9234,2.3327
9235,2.4477
9236,2.3794
9237,2.3786
9238,2.3897
9239,2.3304
9240,2.2755
9241,2.3362
9242,2.2993
9243,2.4685
9244,2.3086
9245,2.5765
9246,2.157
9247,2.4127
9248,2.5202
9249,2.274
9250,2.2105
9251,2.3749
9252,2.3594
9253,2.5182
9254,2.4229
9255,2.4464
9256,2.441
9257,2.2344
9258,2.5622
9259,2.3461
9260,2.2905
9261,2.3741
9262,2.4343
9263,2.5448
9264,2.3876
9265,2.3366
9266,2.487
9267,2.6777
9268,2.4289
9269,2.443
9270,2.3838
9271,2.368
9272,2.4903
9273,2.3233
9274,2.322
9275,2.4024
9276,2.1274
9277,2.3409
9278,2.408
9279,2.2622
9280,2.2607
9281,2.5644
9282,2.1398
9283,2.1973
9284,2.3337
9285,2.4037
9286,2.4384
9287,2.2979
9288,2.4246
9289,2.2564
9290,2.5814
9291,2.3909
9292,2.4522
9293,2.5161
9294,2.4775
9295,2.2836
9296,2.3698
9297,2.4624
9298,2.2527
9299,2.3315
9300,2.3226
9301,2.2763
9302,2.3713
9303,2.4328
9304,2.5685
9305,2.3408
9306,2.3142
9307,2.494
9308,2.4065
9309,2.3928
9310,2.3949
9311,2.328
9312,2.4001
9313,2.307
9314,2.4296
9315,2.356
9316,2.3666
9317,2.3995
9318,2.2928
9319,2.4599
9320,2.1959
9321,2.2664
9322,2.4203
9323,2.4128
9324,2.3869
9325,2.3281
9326,2.3475
9327,2.5527
9328,2.3753
9329,2.2922
9330,2.2398
9331,2.291
9332,2.5264
9333,2.2909
9334,2.4145
9335,2.372
9336,2.3444
9337,2.2221
9338,2.3706
9339,2.3335
9340,2.3808
9341,2.2494
9342,2.3121
9343,2.427
9344,2.4693
9345,2.5271
9346,2.3499
9347,2.4563
9348,2.2776
9349,2.249
9350,2.4297
9351,2.4879
9352,2.3495
9353,2.3606
9354,2.2955
9355,2.414
9356,2.3773
9357,2.2463
9358,2.2453
9359,2.3443
9360,2.3447
9361,2.4456
9362,2.2415
9363,2.2874
9364,2.147
9365,2.1332
9366,2.0396
9367,2.0995
9368,2.4742
9369,2.4523
9370,2.2828
9371,2.5997
9372,2.4927
9373,2.6529
9374,2.4236
9375,2.4393
9376,2.4161
9377,2.4433
9378,2.3747
9379,2.436
9380,2.411
9381,2.3579
9382,2.2034
9383,2.2665
9384,2.3735
9385,2.3621
9386,2.2838
9387,2.3693
9388,2.3477
9389,2.4353
9390,2.2414
9391,2.3527
9392,2.2917
9393,2.4446
9394,2.3144
9395,2.29
9396,2.5884
9397,2.4802
9398,2.3512
9399,2.2617
9400,2.3406
9401,2.4697
9402,2.4159
9403,2.2482
9404,2.3775
9405,2.3284
9406,2.3559
9407,2.3218
9408,2.3117
9409,2.305
9410,2.3985
9411,2.3204
9412,2.4204
9413,2.2907
9414,2.2958
9415,2.4713
9416,2.2139
9417,2.3967
9418,2.3647
9419,2.654
9420,2.4037
9421,2.3496
9422,2.3001
9423,2.1536
9424,2.5421
9425,2.3603
9426,2.3779
9427,2.4029
9428,2.1815
9429,2.2744
9430,2.3079
9431,2.2707
9432,2.4269
9433,2.3877
9434,2.4561
9435,2.4312
9436,2.5113
9437,2.1417
9438,2.4014
9439,2.3757
9440,2.2461
9441,2.3664
9442,2.7497
9443,2.4271
9444,2.3596
9445,2.4457
9446,2.4262
9447,2.3781
9448,2.4181
9449,2.2858
9450,2.3346
9451,2.2458
9452,2.1791
9453,2.6012
9454,2.5229
9455,2.2256
9456,2.3467
9457,2.3441
9458,2.4279
9459,2.4097
9460,2.362
9461,2.3021
9462,2.3817
9463,2.531
9464,2.4933
9465,2.7861
9466,2.1206
9467,2.4029
9468,2.4011
9469,2.501
9470,2.5357
9471,2.5602
9472,2.384
9473,2.3656
9474,2.5111
9475,2.4441
9476,2.3894
9477,2.2737
9478,2.3153
9479,2.3521
9480,2.1679
9481,2.363
9482,2.5395
9483,2.256
9484,2.1414
9485,2.4562
9486,2.5053
9487,2.406
9488,2.7728
9489,2.4981
9490,2.4187
9491,2.2975
9492,2.2895
9493,2.4678
9494,2.2239
9495,2.2067
9496,2.5243
9497,2.251
9498,2.5763
9499,2.3413
9500,2.4256
9501,2.3179
9502,2.5395
9503,2.3998
9504,2.4079
9505,2.4695
9506,2.4074
9507,2.3306
9508,2.3386
9509,2.2507
9510,2.5083
9511,2.7089
9512,2.3898
9513,2.2636
9514,2.4731
9515,2.3585
9516,2.3769
9517,2.3839
9518,2.3776
9519,2.5238
9520,2.3278
9521,2.3184
9522,2.2624
9523,2.1815
9524,2.284
9525,2.5252
9526,2.6
9527,2.35
9528,2.5603
9529,2.5031
9530,2.3336
9531,2.4767
9532,2.3342
9533,2.3015
9534,2.4854
9535,2.3719
9536,2.3259
9537,2.4752
9538,2.3248
9539,2.4187
9540,2.3925
9541,2.1751
9542,2.3398
9543,2.3139
9544,2.1148
9545,2.136
9546,2.4705
9547,2.5218
9548,2.3704
9549,2.4094
9550,2.3118
9551,2.2593
9552,2.3172
9553,2.3792
9554,2.5695
9555,2.377
9556,2.4683
9557,2.7366
9558,2.4325
9559,2.4437
9560,2.4411
9561,2.295
9562,2.3308
9563,2.2941
9564,2.392
9565,2.1622
9566,2.1219
9567,2.1841
9568,2.2158
9569,2.4307
9570,2.5113
9571,2.6225
9572,2.3545
9573,2.2118
9574,2.3785
9575,2.3451
9576,2.296
9577,2.3573
9578,2.2996
9579,2.2843
9580,2.6459
9581,2.2627
9582,2.2977
9583,2.3774
9584,2.361
9585,2.4486
9586,2.3302
9587,2.2444
9588,2.3718
9589,2.4636
9590,2.3723
9591,2.289
9592,2.4387
9593,2.1875
9594,2.4748
9595,2.5333
9596,2.3219
9597,2.2975
9598,2.2546
9599,2.2867
9600,2.3846
9601,2.381
9602,2.235
9603,2.2341
9604,2.2982
9605,2.5925
9606,2.4959
9607,2.2954
9608,2.4291
9609,2.3038
9610,2.3755
9611,2.463
9612,2.3145
9613,2.1433
9614,2.3635
9615,2.3784
9616,2.2977
9617,2.2745
9618,2.3002
9619,2.3837
9620,2.3663
9621,2.226
9622,2.4462
9623,2.2726
9624,2.4255
9625,2.3832
9626,2.3938
9627,2.2992
9628,2.1515
9629,2.1999
9630,2.4195
9631,2.1277
9632,2.1829
9633,2.2796
9634,2.4692
9635,2.3288
9636,2.4173
9637,2.5098
9638,2.4954
9639,2.4713
9640,2.2502
9641,2.2609
9642,2.4061
9643,2.4252
9644,2.5026
9645,2.2309
9646,2.3993
9647,2.1987
9648,2.4163
9649,2.5284
9650,2.5017
9651,2.3564
9652,2.356
9653,2.2686
9654,2.2858
9655,2.304
9656,2.4572
9657,2.1151
9658,2.3852
9659,2.2919
9660,2.3525
9661,2.2071
9662,2.2004
9663,2.2904
9664,2.3135
9665,2.3139
9666,2.3301
9667,2.3239
9668,2.3225
9669,2.3209
9670,2.332
9671,2.1915
9672,2.5348
9673,2.5405
9674,2.2344
9675,2.2183
9676,2.2614
9677,2.5286
9678,2.4337
9679,2.1782
9680,2.4964
9681,2.3196
9682,2.3775
9683,2.4495
9684,2.2543
9685,2.5147
9686,2.3331
9687,2.4003
9688,2.5756
9689,2.3603
9690,2.2223
9691,2.1502
9692,2.3116
9693,2.4476
9694,2.4746
9695,2.5698
9696,2.2277
9697,2.3505
9698,2.3462
9699,2.3527
9700,2.4757
9701,2.4773
9702,2.412
9703,2.1545
9704,2.3932
9705,2.2733
9706,2.1885
9707,2.4984
9708,2.3391
9709,2.385
9710,2.37
9711,2.4299
9712,2.235
9713,2.3445
9714,2.4842
9715,2.2642
9716,2.4057
9717,2.3774
9718,2.5309
9719,2.2626
9720,2.4393
9721,2.3519
9722,2.4166
9723,2.4943
9724,2.3005
9725,2.419
9726,2.3986
9727,2.3748
9728,2.5062
9729,2.4452
9730,2.5025
9731,2.2734
9732,2.4723
9733,2.335
9734,2.3431
9735,2.2714
9736,2.5355
9737,2.5113
9738,2.5076
9739,2.3382
9740,2.4611
9741,2.7227
9742,2.4761
9743,2.4208
9744,2.4499
9745,2.2602
9746,2.4252
9747,2.4203
9748,2.451
9749,2.2093
9750,2.1245
9751,2.3578
9752,2.2669
9753,2.3972
9754,2.4365
9755,2.5731
9756,2.3829
9757,2.4282
9758,2.3971
9759,2.2991
9760,2.3842
9761,2.2106
9762,2.1622
9763,2.4001
9764,2.6182
9765,2.2775
9766,2.3684
9767,2.2161
9768,2.0885
9769,2.3152
9770,2.0883
9771,2.4342
9772,2.4431
9773,2.3635
9774,2.474
9775,2.4946
9776,2.511
9777,2.4011
9778,2.4713
9779,2.3
9780,2.4225
9781,2.3217
9782,2.3744
9783,2.4201
9784,2.2828
9785,2.3535
9786,2.5564
9787,2.6154
9788,2.4714
9789,2.2639
9790,2.1956
9791,2.2173
9792,2.3221
9793,2.515
9794,2.2917
9795,2.434
9796,2.5379
9797,2.3608
9798,2.398
9799,2.3169
9800,2.3262
9801,2.4868
9802,2.4798
9803,2.4076
9804,2.3072
9805,2.349
9806,2.5279
9807,2.5019
9808,2.4216
9809,2.4684
9810,2.6202
9811,2.4543
9812,2.3762
9813,2.525
9814,2.3909
9815,2.3729
9816,2.4206
9817,2.2482
9818,2.2341
9819,2.212
9820,2.4431
9821,2.6908
9822,2.3589
9823,2.2978
9824,2.2494
9825,2.2809
9826,2.4863
9827,2.5528
9828,2.4213
9829,2.4868
9830,2.4019
9831,2.3651
9832,2.3689
9833,2.6409
9834,2.2592
9835,2.4716
9836,2.5233
9837,2.2427
9838,2.2602
9839,2.4319
9840,2.3221
9841,2.3335
9842,2.5356
9843,2.5275
9844,2.418
9845,2.2891
9846,2.2095
9847,2.3752
9848,2.5274
9849,2.496
9850,2.367
9851,2.3312
9852,2.3317
9853,2.2814
9854,2.2408
9855,2.2808
9856,2.4812
9857,2.3886
9858,2.1961
9859,2.2455
9860,2.3419
9861,2.3205
9862,2.3529
9863,2.3235
9864,2.4213
9865,2.3245
9866,2.4181
9867,2.2032
9868,2.3288
9869,2.2372
9870,2.0561
9871,2.2549
9872,2.2109
9873,2.5623
9874,2.4335
9875,2.37
9876,2.2919
9877,2.3453
9878,2.2762
9879,2.4719
9880,2.4206
9881,2.1844
9882,2.0763
9883,2.1453
9884,2.2246
9885,2.2295
9886,2.1019
9887,2.3086
9888,2.257
9889,2.209
9890,2.3388
9891,2.3954
9892,2.4876
9893,2.3439
9894,2.2649
9895,2.235
9896,2.0681
9897,2.144
9898,2.1902
9899,2.1898
9900,2.2134
9901,2.3028
9902,2.5643
9903,2.3136
9904,2.366
9905,2.3935
9906,2.4891
9907,2.4282
9908,2.3277
9909,2.3724
9910,2.3282
9911,2.186
9912,2.1467
9913,2.3426
9914,2.2284
9915,2.5212
9916,2.2499
9917,2.2926
9918,2.4166
9919,2.271
9920,2.4252
9921,2.4644
9922,2.4717
9923,2.3073
9924,2.3236
9925,2.4829
9926,2.2305
9927,2.1155
9928,2.2137
9929,2.0211
9930,2.2646
9931,2.2149
9932,2.164
9933,2.3625
9934,2.3377
9935,2.4957
9936,2.3333
9937,2.4744
9938,2.3988
9939,2.2951
9940,2.4013
9941,2.3031
9942,2.2651
9943,2.3722
9944,2.2493
9945,2.4276
9946,2.3027
9947,2.2093
9948,2.4417
9949,2.174
9950,2.3928
9951,2.5248
9952,2.3484
9953,2.1669
9954,2.5567
9955,2.3424
9956,2.3779
9957,2.2824
9958,2.1864
9959,2.2416
9960,2.4379
9961,2.5184
9962,2.192
9963,2.3258
9964,2.3531
9965,2.3631
9966,2.3651
9967,2.4319
9968,2.4578
9969,2.5272
9970,2.5248
9971,2.5334
9972,2.2756
9973,2.372
9974,2.2574
9975,2.1646
9976,2.4578
9977,2.3753
9978,2.5685
9979,2.3078
9980,2.2822
9981,2.4096
9982,2.4829
9983,2.335
9984,2.3388
9985,2.3654
9986,2.3528
9987,2.401
9988,2.2018
9989,2.2103
9990,2.3187
9991,2.4903
9992,2.1856
9993,2.3333
9994,2.8327
9995,2.3986
9996,2.4136
9997,2.3463
9998,2.3329
9999,2.3364
10000,2.2638
