Query_ID,Latency_ms
1,4.6832
2,4.8072
3,4.3777
4,2.7251
5,4.5105
6,4.7299
7,4.6301
8,3.0557
9,4.8018
10,3.4689
11,4.833
12,4.3044
13,4.1492
14,4.1522
15,4.9029
16,4.6022
17,4.277
18,4.6467
19,4.9767
20,3.8897
21,3.6279
22,4.2928
23,3.9041
24,4.4471
25,4.0339
26,4.2973
27,4.0307
28,3.8192
29,4.0337
30,3.0501
31,3.9006
32,4.701
33,3.6215
34,3.8146
35,3.9561
36,4.8879
37,4.6336
38,3.9031
39,4.1815
40,4.1181
41,4.4037
42,3.5792
43,4.4053
44,4.5385
45,3.8059
46,3.6598
47,3.8847
48,4.7419
49,3.8644
50,3.6814
51,3.8761
52,3.8821
53,4.4154
54,3.6424
55,2.658
56,2.795
57,4.4357
58,4.7366
59,4.2622
60,2.2586
61,4.6644
62,3.7892
63,2.4667
64,4.0076
65,2.7907
66,3.8015
67,2.8488
68,3.4325
69,3.7425
70,4.8296
71,2.7004
72,2.9742
73,5.2014
74,4.2208
75,4.2559
76,4.3546
77,4.1434
78,4.6181
79,4.4505
80,3.3119
81,3.9795
82,4.7787
83,4.9592
84,3.7512
85,4.4909
86,2.6132
87,3.1038
88,2.0559
89,2.5859
90,3.7924
91,2.5275
92,3.466
93,4.5376
94,4.2015
95,2.7571
96,4.2252
97,4.7688
98,3.8506
99,2.8192
100,3.8063
101,4.2642
102,3.3439
103,4.8631
104,3.7774
105,3.7931
106,4.2068
107,3.0082
108,2.8337
109,2.0408
110,3.8397
111,3.7271
112,4.546
113,2.3587
114,4.5076
115,3.1407
116,4.9898
117,2.0767
118,4.9146
119,4.6429
120,1.6905
121,4.1797
122,4.1441
123,4.2534
124,3.6841
125,3.882
126,4.2646
127,5.005
128,4.5288
129,4.2703
130,3.6198
131,5.084
132,3.9924
133,4.9595
134,4.8646
135,3.3416
136,4.7609
137,4.5499
138,4.7508
139,4.0984
140,4.5706
141,4.9819
142,2.9105
143,5.0009
144,3.4782
145,3.943
146,3.9682
147,4.6903
148,4.4458
149,4.1738
150,4.1854
151,4.9564
152,2.2931
153,3.7593
154,4.1043
155,4.777
156,4.8658
157,4.6684
158,5.3752
159,5.1376
160,4.7973
161,4.8009
162,4.6275
163,5.0135
164,4.4865
165,3.8125
166,3.4446
167,4.7183
168,4.3688
169,3.9919
170,4.4061
171,4.0884
172,4.6186
173,4.6687
174,4.9055
175,3.6555
176,4.2635
177,3.647
178,4.5999
179,4.7464
180,4.7704
181,4.4027
182,4.7606
183,4.3738
184,4.8801
185,4.1958
186,2.4313
187,3.8468
188,4.4646
189,4.3405
190,3.8655
191,3.3316
192,4.3286
193,5.6443
194,4.3146
195,4.7814
196,4.5769
197,4.9432
198,4.8103
199,2.7914
200,5.0816
201,4.1791
202,4.299
203,4.9373
204,4.0169
205,4.2487
206,4.2543
207,3.7831
208,4.252
209,3.1732
210,3.7788
211,6.0438
212,3.7474
213,3.2271
214,4.9519
215,5.3623
216,3.9587
217,5.1076
218,4.9419
219,5.2223
220,4.6684
221,4.5588
222,4.9023
223,5.1225
224,5.0193
225,4.4481
226,4.9861
227,5.0501
228,4.9154
229,4.8158
230,4.4133
231,3.901
232,3.995
233,3.261
234,4.6878
235,4.5388
236,3.8178
237,3.8664
238,4.1925
239,4.9088
240,4.6544
241,4.0457
242,4.6584
243,5.2286
244,4.6516
245,5.0309
246,4.7493
247,4.9425
248,4.0966
249,5.2122
250,4.7735
251,4.9172
252,5.103
253,4.5959
254,3.9275
255,5.6455
256,4.6957
257,4.651
258,4.3108
259,4.8194
260,4.684
261,4.6276
262,4.8675
263,5.0013
264,3.1716
265,4.32
266,2.7809
267,3.8646
268,4.3189
269,4.8927
270,3.3884
271,4.7947
272,4.5674
273,4.3343
274,4.1802
275,5.5401
276,3.9199
277,4.6689
278,4.9156
279,4.8174
280,4.6159
281,4.3685
282,4.4361
283,4.6853
284,4.8218
285,4.1496
286,5.0537
287,3.9917
288,4.5739
289,3.5604
290,4.6066
291,4.1322
292,4.348
293,4.5043
294,4.5365
295,4.3681
296,5.1713
297,4.9035
298,4.6048
299,5.298
300,4.272
301,5.0878
302,3.6102
303,4.4275
304,4.3923
305,5.0855
306,4.743
307,4.3049
308,5.0712
309,4.7286
310,4.8362
311,4.1301
312,4.7125
313,5.0162
314,4.7577
315,4.2054
316,4.8013
317,4.6524
318,4.9342
319,4.3748
320,5.0089
321,5.0638
322,4.7787
323,4.9616
324,5.1765
325,5.0862
326,5.3517
327,4.9505
328,4.1526
329,4.0835
330,4.7801
331,4.44
332,4.8102
333,4.8047
334,4.5308
335,4.8047
336,4.6147
337,4.5326
338,4.4913
339,4.9477
340,4.541
341,4.4529
342,4.5921
343,4.0437
344,4.6535
345,4.8131
346,4.4969
347,4.5096
348,4.5096
349,4.9647
350,4.5468
351,4.3644
352,4.1928
353,3.7458
354,3.5677
355,4.6789
356,4.6378
357,4.6928
358,4.4197
359,4.7583
360,4.6942
361,4.1544
362,4.7849
363,4.7256
364,4.0203
365,4.3265
366,4.1393
367,4.9882
368,4.5267
369,4.4979
370,4.749
371,4.6815
372,4.9226
373,4.168
374,4.4889
375,4.2719
376,5.0035
377,4.7204
378,3.9199
379,4.5158
380,4.9987
381,4.4445
382,5.1928
383,4.3679
384,4.6496
385,4.3874
386,4.9096
387,4.333
388,4.4863
389,4.9014
390,4.4519
391,5.2746
392,4.4817
393,5.1653
394,3.493
395,3.9816
396,4.5631
397,4.1517
398,5.309
399,4.4684
400,4.0614
401,4.2993
402,5.0595
403,4.9161
404,4.3892
405,4.1571
406,4.5769
407,4.6245
408,4.2898
409,4.5534
410,3.6442
411,4.2476
412,4.6334
413,4.6637
414,4.8634
415,4.5554
416,4.8415
417,4.2787
418,4.5786
419,5.3763
420,4.7108
421,4.4618
422,4.3052
423,4.3809
424,4.5465
425,4.7437
426,4.9256
427,4.1755
428,4.5989
429,4.6671
430,4.9491
431,4.5646
432,4.5156
433,4.5319
434,4.8887
435,5.1704
436,4.3973
437,4.36
438,4.3713
439,4.8275
440,4.7482
441,4.2676
442,4.4742
443,3.6188
444,4.4026
445,4.6156
446,4.4158
447,4.8351
448,3.9659
449,4.5226
450,3.3913
451,4.5874
452,4.7932
453,5.4309
454,5.0874
455,4.917
456,4.8254
457,4.642
458,4.4027
459,4.2888
460,5.0236
461,5.2518
462,4.5881
463,2.7686
464,3.0885
465,2.8317
466,4.2841
467,4.5769
468,4.6421
469,3.2382
470,4.531
471,4.2577
472,3.2847
473,3.5068
474,4.3907
475,4.6951
476,3.9902
477,3.1984
478,4.2845
479,2.0701
480,4.1551
481,1.5394
482,3.8322
483,3.7979
484,4.6156
485,3.5763
486,3.0383
487,4.0599
488,3.8487
489,4.6546
490,5.344
491,3.389
492,3.9451
493,3.676
494,2.3638
495,4.5255
496,3.9109
497,3.3471
498,5.4911
499,2.7859
500,4.7892
501,4.3558
502,5.1268
503,3.6487
504,4.6912
505,3.8027
506,4.2347
507,4.779
508,4.495
509,4.843
510,3.0544
511,3.6755
512,4.7281
513,5.5778
514,4.8727
515,2.3133
516,4.6622
517,4.5559
518,2.9555
519,3.2195
520,4.5867
521,4.1075
522,2.3292
523,3.9438
524,4.6438
525,3.563
526,4.2939
527,3.4047
528,2.2522
529,5.1909
530,4.9325
531,3.9419
532,4.3948
533,2.1183
534,4.2585
535,4.1148
536,3.9997
537,4.5676
538,4.7124
539,3.9282
540,4.9829
541,4.5652
542,4.4146
543,4.7687
544,3.729
545,4.9427
546,5.023
547,3.9386
548,4.3012
549,5.0397
550,3.9563
551,3.5593
552,5.1756
553,3.5246
554,4.2761
555,4.2819
556,4.2758
557,4.8343
558,3.3433
559,4.4704
560,4.2893
561,4.5723
562,4.1509
563,5.5409
564,5.029
565,3.7917
566,4.7929
567,4.7572
568,3.8086
569,5.1648
570,2.7097
571,3.6844
572,3.8795
573,4.5595
574,4.5562
575,4.7536
576,5.2231
577,4.2012
578,3.9866
579,4.6186
580,3.6542
581,4.7288
582,3.6844
583,4.299
584,4.6108
585,5.1474
586,3.598
587,4.7823
588,4.4231
589,5.1392
590,4.1825
591,4.6641
592,3.8788
593,2.9995
594,3.2893
595,3.5852
596,3.7462
597,4.7841
598,3.5425
599,4.1857
600,4.8555
601,2.8373
602,5.0295
603,4.8299
604,4.4305
605,5.1393
606,4.8273
607,4.9328
608,3.8013
609,3.7943
610,4.9086
611,4.8801
612,4.2092
613,4.8829
614,5.2235
615,4.609
616,4.3834
617,4.6109
618,4.8782
619,4.4031
620,4.2301
621,4.6905
622,3.5523
623,3.1675
624,2.553
625,2.7144
626,2.0952
627,2.2478
628,2.6947
629,1.1677
630,1.8476
631,2.193
632,1.6261
633,1.4948
634,1.0304
635,2.1049
636,1.0269
637,1.7632
638,3.5422
639,3.1661
640,2.6957
641,2.7352
642,4.0258
643,2.3736
644,3.6425
645,4.7215
646,4.1965
647,4.6368
648,5.1686
649,4.5028
650,4.5377
651,3.173
652,2.8814
653,1.8466
654,3.2835
655,2.4202
656,3.9933
657,3.1303
658,3.3672
659,1.5307
660,3.7195
661,2.04
662,4.7244
663,1.9772
664,2.0968
665,4.7864
666,4.2668
667,4.9643
668,3.5193
669,3.4295
670,3.8329
671,4.1232
672,3.2406
673,3.1037
674,4.1272
675,1.8922
676,3.616
677,4.2294
678,3.3028
679,2.6266
680,4.4317
681,4.6294
682,3.3877
683,4.1346
684,3.0787
685,2.8282
686,4.656
687,2.0852
688,3.9094
689,4.6334
690,2.7055
691,4.1773
692,3.0134
693,3.7422
694,4.8468
695,3.1679
696,2.7321
697,3.8703
698,2.1584
699,2.9707
700,1.0309
701,2.9571
702,4.9368
703,4.0676
704,4.9648
705,3.5446
706,4.2171
707,3.0837
708,3.6949
709,3.3093
710,3.0152
711,4.2461
712,5.0292
713,5.1921
714,4.3446
715,3.9661
716,4.6966
717,3.8159
718,5.3623
719,5.5484
720,4.3768
721,4.3958
722,3.5472
723,2.7398
724,4.1882
725,3.8094
726,3.3464
727,4.3688
728,4.5669
729,5.375
730,4.6893
731,5.1793
732,4.2607
733,2.99
734,2.3511
735,4.738
736,4.95
737,4.3978
738,4.7264
739,4.2471
740,4.6885
741,3.741
742,4.701
743,4.1281
744,4.1942
745,4.9051
746,3.5146
747,3.5371
748,5.2952
749,4.7443
750,3.2281
751,4.65
752,4.6023
753,4.1909
754,3.9978
755,4.4951
756,3.4296
757,4.3287
758,4.2143
759,3.4721
760,3.8489
761,4.6659
762,2.8806
763,3.8693
764,4.3421
765,3.2339
766,2.7682
767,3.5672
768,3.7578
769,3.2338
770,3.7985
771,4.7119
772,4.7201
773,5.3879
774,4.9394
775,1.9324
776,5.3151
777,2.6833
778,3.0931
779,4.6632
780,4.0241
781,4.2466
782,3.442
783,4.3277
784,3.9377
785,4.0699
786,2.9322
787,4.2983
788,4.6287
789,4.1787
790,4.5833
791,3.4312
792,5.2233
793,5.1012
794,5.0113
795,3.2784
796,4.6512
797,3.4418
798,2.5408
799,2.294
800,3.9945
801,3.5027
802,3.9047
803,4.4526
804,3.9222
805,4.2711
806,3.2306
807,1.9934
808,2.8391
809,3.713
810,2.8464
811,4.3993
812,3.7504
813,3.1744
814,5.0459
815,2.5196
816,3.2157
817,4.4749
818,3.6305
819,3.5749
820,4.2929
821,3.1354
822,3.1178
823,4.4755
824,4.2356
825,4.4309
826,3.2925
827,4.2392
828,4.6312
829,4.2081
830,4.1998
831,4.1496
832,3.476
833,4.3035
834,4.4947
835,4.216
836,4.0947
837,4.0503
838,3.5206
839,4.1726
840,4.4931
841,4.3458
842,4.9649
843,4.4082
844,3.6991
845,4.4246
846,4.494
847,5.2607
848,4.135
849,4.2273
850,4.7216
851,4.3372
852,3.7602
853,3.9754
854,3.8637
855,4.8333
856,4.146
857,3.5368
858,4.6336
859,4.8867
860,4.657
861,4.8934
862,4.6204
863,4.5226
864,4.1143
865,4.6552
866,4.2794
867,4.5613
868,4.4412
869,4.7003
870,4.1532
871,5.0456
872,4.8316
873,4.5562
874,4.6603
875,3.0401
876,4.407
877,4.3063
878,5.0416
879,3.8814
880,4.3278
881,4.599
882,4.517
883,3.284
884,4.2096
885,4.6215
886,4.2309
887,5.0906
888,5.1534
889,4.8666
890,4.6871
891,4.241
892,4.1484
893,4.3793
894,4.4182
895,4.7303
896,3.842
897,4.5359
898,4.4648
899,4.7194
900,4.8483
901,5.1025
902,4.7017
903,3.6585
904,4.5326
905,4.6168
906,4.7117
907,4.8103
908,4.3257
909,4.659
910,4.8177
911,4.8441
912,5.0558
913,4.723
914,4.4086
915,5.0815
916,4.3193
917,4.7913
918,3.3777
919,4.2175
920,4.3311
921,4.7351
922,4.886
923,3.9767
924,4.8893
925,4.6283
926,3.7995
927,3.6525
928,4.2042
929,4.4614
930,5.1469
931,5.1342
932,4.3349
933,4.1279
934,4.1435
935,5.1392
936,4.2578
937,4.5576
938,5.258
939,4.7759
940,4.0815
941,4.9931
942,4.9353
943,4.3428
944,4.5731
945,4.0543
946,2.7842
947,4.8116
948,4.3322
949,5.1087
950,4.9945
951,4.4989
952,4.3514
953,4.2401
954,5.2388
955,4.2532
956,4.2367
957,4.4969
958,4.6156
959,5.0332
960,4.8925
961,4.6888
962,4.3008
963,4.2954
964,4.7019
965,5.0857
966,4.343
967,4.1116
968,4.881
969,4.6837
970,4.423
971,4.2316
972,4.3104
973,3.7484
974,4.0709
975,3.2459
976,4.4995
977,3.9954
978,4.9486
979,3.4067
980,3.4202
981,4.4579
982,4.9301
983,4.8743
984,4.2398
985,4.9875
986,4.0405
987,4.5601
988,4.5055
989,3.9499
990,4.5279
991,4.269
992,5.4315
993,4.7995
994,4.7723
995,4.2038
996,4.2674
997,4.5861
998,3.6988
999,4.2285
1000,4.9516
1001,4.9934
1002,4.7167
1003,4.6272
1004,4.4135
1005,4.5621
1006,4.8011
1007,4.6637
1008,4.0138
1009,4.2185
1010,3.7185
1011,3.9892
1012,3.6332
1013,4.7966
1014,3.7085
1015,4.5149
1016,3.9963
1017,4.3812
1018,2.9736
1019,4.5783
1020,3.9216
1021,4.5195
1022,4.5673
1023,5.0035
1024,4.4881
1025,4.2621
1026,3.8249
1027,3.387
1028,4.4776
1029,4.7852
1030,4.4684
1031,3.7513
1032,3.8805
1033,2.9944
1034,4.6432
1035,4.4953
1036,5.0077
1037,4.99
1038,4.807
1039,2.9238
1040,3.3131
1041,4.5172
1042,4.1979
1043,4.7311
1044,4.6178
1045,4.5459
1046,4.945
1047,3.2115
1048,2.6269
1049,3.9959
1050,4.6431
1051,4.265
1052,4.3012
1053,4.6547
1054,4.6647
1055,4.8978
1056,3.3659
1057,4.6817
1058,4.4027
1059,4.8354
1060,3.76
1061,5.1746
1062,4.2025
1063,3.7667
1064,4.7856
1065,4.8334
1066,4.0627
1067,3.0205
1068,4.4526
1069,4.0138
1070,3.5445
1071,3.9824
1072,4.2153
1073,4.8568
1074,4.9598
1075,4.8842
1076,4.4964
1077,5.1417
1078,3.7126
1079,4.2127
1080,4.8274
1081,4.7565
1082,5.5546
1083,3.8319
1084,4.6001
1085,4.2394
1086,4.4734
1087,4.8585
1088,4.1383
1089,4.9679
1090,4.9015
1091,4.5292
1092,3.752
1093,4.2429
1094,3.7395
1095,4.7478
1096,4.6545
1097,4.8826
1098,3.6658
1099,3.99
1100,4.2399
1101,4.9752
1102,4.2182
1103,3.9947
1104,3.9627
1105,4.1595
1106,4.2839
1107,5.0015
1108,4.4069
1109,5.1526
1110,3.7982
1111,4.9255
1112,3.1747
1113,4.2208
1114,4.051
1115,4.7348
1116,4.9582
1117,4.9559
1118,3.4962
1119,4.786
1120,5.0115
1121,4.5703
1122,4.1058
1123,4.456
1124,4.3002
1125,4.0283
1126,4.4957
1127,4.208
1128,4.5125
1129,4.9533
1130,4.0256
1131,4.4799
1132,3.9199
1133,4.8141
1134,3.6914
1135,4.6698
1136,5.3405
1137,4.0632
1138,4.4937
1139,3.8247
1140,3.404
1141,5.0528
1142,4.8788
1143,4.93
1144,3.6675
1145,4.9335
1146,4.9625
1147,4.5104
1148,4.8371
1149,4.2904
1150,4.4593
1151,3.4573
1152,4.7626
1153,4.2583
1154,3.8617
1155,4.1751
1156,4.242
1157,4.326
1158,4.5819
1159,3.9449
1160,4.6864
1161,4.0646
1162,4.0445
1163,4.2421
1164,5.2927
1165,3.9962
1166,4.3206
1167,4.507
1168,3.8614
1169,4.7508
1170,4.6168
1171,4.6196
1172,4.4945
1173,4.2899
1174,4.2958
1175,5.0713
1176,4.4434
1177,4.0496
1178,4.3753
1179,4.4269
1180,4.8174
1181,4.6375
1182,4.2493
1183,4.5804
1184,4.7603
1185,4.5849
1186,4.1845
1187,4.5533
1188,4.6597
1189,4.5557
1190,4.8036
1191,4.5165
1192,5.4069
1193,4.938
1194,3.985
1195,3.3108
1196,3.6307
1197,4.0846
1198,4.0195
1199,4.96
1200,3.3566
1201,3.9642
1202,4.3508
1203,4.3634
1204,4.8338
1205,3.0932
1206,5.1136
1207,3.9921
1208,5.0507
1209,2.7707
1210,4.286
1211,4.4603
1212,4.4991
1213,4.8462
1214,4.4381
1215,3.9572
1216,4.4019
1217,3.8972
1218,4.0619
1219,4.8992
1220,4.5063
1221,3.6864
1222,3.755
1223,5.0055
1224,4.65
1225,4.6127
1226,4.9248
1227,4.1823
1228,4.2358
1229,4.5941
1230,4.4374
1231,2.6789
1232,4.3071
1233,4.6729
1234,4.3762
1235,5.2111
1236,4.7145
1237,4.9491
1238,5.272
1239,4.6571
1240,4.7526
1241,4.3257
1242,3.4081
1243,4.6053
1244,4.9694
1245,3.6186
1246,3.5662
1247,4.8957
1248,4.3368
1249,4.1371
1250,5.0001
1251,4.6271
1252,4.2832
1253,3.3041
1254,3.9411
1255,4.807
1256,4.5129
1257,4.3832
1258,5.3549
1259,3.439
1260,4.7866
1261,3.034
1262,4.2625
1263,3.0616
1264,3.7038
1265,3.7228
1266,4.1052
1267,4.3453
1268,3.6146
1269,2.6336
1270,5.0264
1271,3.7749
1272,4.1474
1273,3.6875
1274,4.32
1275,4.3995
1276,3.2968
1277,4.6141
1278,3.2687
1279,4.9543
1280,4.2063
1281,4.5217
1282,3.8633
1283,4.4425
1284,3.4045
1285,4.4801
1286,4.6405
1287,4.3756
1288,4.5207
1289,4.6849
1290,5.1004
1291,4.785
1292,3.5608
1293,4.1268
1294,4.4915
1295,3.9588
1296,4.3145
1297,4.8261
1298,4.4448
1299,4.3614
1300,5.0687
1301,5.0673
1302,5.1594
1303,4.7632
1304,5.1253
1305,4.5816
1306,4.2992
1307,4.2333
1308,4.3965
1309,3.7306
1310,5.0329
1311,3.609
1312,4.6232
1313,4.0273
1314,4.9384
1315,4.7018
1316,4.5203
1317,3.1337
1318,5.0619
1319,4.1413
1320,3.8617
1321,4.7468
1322,4.544
1323,4.6735
1324,4.31
1325,5.0258
1326,4.3526
1327,4.7742
1328,4.538
1329,4.169
1330,4.3983
1331,5.1766
1332,4.2895
1333,3.7515
1334,4.3823
1335,4.3063
1336,4.4728
1337,4.0753
1338,3.7438
1339,3.3324
1340,4.4495
1341,3.0018
1342,3.8695
1343,4.9912
1344,4.2671
1345,4.3588
1346,4.2077
1347,4.1694
1348,4.3835
1349,3.0564
1350,4.0878
1351,4.0915
1352,4.2235
1353,4.6337
1354,4.0207
1355,4.4346
1356,5.0211
1357,4.8135
1358,3.9775
1359,4.3569
1360,4.6301
1361,4.9562
1362,3.7722
1363,4.3659
1364,3.6902
1365,5.3453
1366,4.0874
1367,3.655
1368,4.4991
1369,4.9419
1370,5.189
1371,4.9644
1372,3.6944
1373,3.6308
1374,2.891
1375,4.8987
1376,4.5303
1377,3.9409
1378,4.2287
1379,4.4838
1380,4.634
1381,4.4849
1382,3.0238
1383,4.6536
1384,4.4803
1385,4.782
1386,4.954
1387,4.5976
1388,4.8677
1389,4.4215
1390,3.5684
1391,5.4218
1392,4.708
1393,4.3718
1394,4.4169
1395,4.3571
1396,2.9913
1397,3.6103
1398,3.93
1399,1.8264
1400,3.3438
1401,3.2615
1402,3.8317
1403,3.1755
1404,3.6865
1405,3.7831
1406,4.0101
1407,4.8808
1408,4.1083
1409,5.6712
1410,4.0077
1411,3.8183
1412,4.4248
1413,3.7713
1414,3.8354
1415,2.9389
1416,4.0444
1417,4.1554
1418,5.2512
1419,3.7008
1420,4.2495
1421,3.4109
1422,4.3702
1423,3.733
1424,4.3333
1425,3.438
1426,4.0816
1427,3.2129
1428,2.6922
1429,2.7895
1430,5.1276
1431,4.8391
1432,4.6212
1433,4.5472
1434,3.8573
1435,4.6808
1436,1.9651
1437,3.02
1438,3.2322
1439,4.7204
1440,3.191
1441,4.6705
1442,5.027
1443,4.5293
1444,2.9654
1445,4.7308
1446,3.969
1447,4.088
1448,2.8076
1449,3.2634
1450,3.3075
1451,3.4845
1452,4.0892
1453,5.3671
1454,3.8608
1455,4.5184
1456,3.7014
1457,4.8109
1458,3.8152
1459,3.4362
1460,4.745
1461,4.256
1462,4.8506
1463,3.5507
1464,4.7574
1465,5.0232
1466,4.6841
1467,3.7892
1468,6.001
1469,3.5755
1470,4.3278
1471,4.3638
1472,3.2
1473,4.4302
1474,4.77
1475,4.2287
1476,2.8486
1477,2.8685
1478,4.8851
1479,2.7759
1480,4.5634
1481,4.8148
1482,4.073
1483,4.3847
1484,4.8919
1485,4.6618
1486,2.8161
1487,2.8607
1488,5.154
1489,4.6369
1490,4.8939
1491,4.77
1492,4.665
1493,4.6547
1494,2.4109
1495,3.8266
1496,4.7102
1497,4.1177
1498,5.1619
1499,3.6079
1500,4.5675
1501,3.9185
1502,2.8085
1503,4.721
1504,4.7465
1505,4.5783
1506,4.9988
1507,4.6034
1508,4.7459
1509,4.6564
1510,4.1904
1511,3.1108
1512,4.6029
1513,4.4784
1514,3.5784
1515,3.6258
1516,4.5871
1517,3.96
1518,3.9857
1519,4.8714
1520,4.5581
1521,4.2239
1522,4.4967
1523,3.4762
1524,3.7739
1525,4.2024
1526,4.4825
1527,2.9786
1528,4.3746
1529,5.0983
1530,5.0135
1531,4.8295
1532,2.6566
1533,5.2436
1534,4.7619
1535,3.9784
1536,4.7486
1537,4.5333
1538,5.1563
1539,4.1391
1540,4.6232
1541,4.5138
1542,4.761
1543,4.2591
1544,5.0634
1545,4.456
1546,4.0416
1547,4.9078
1548,4.3398
1549,4.9073
1550,4.8369
1551,4.1018
1552,5.4942
1553,4.9909
1554,3.8209
1555,3.4598
1556,5.1743
1557,4.2529
1558,4.3461
1559,4.383
1560,4.9863
1561,5.0378
1562,4.6812
1563,3.8608
1564,3.7364
1565,4.2494
1566,4.3402
1567,4.6363
1568,4.3757
1569,4.4352
1570,4.5049
1571,5.1892
1572,4.7796
1573,4.96
1574,4.3366
1575,3.8337
1576,4.8446
1577,3.744
1578,4.0166
1579,4.4366
1580,4.5438
1581,5.0102
1582,5.0215
1583,4.8169
1584,5.2968
1585,4.5627
1586,4.9922
1587,4.5699
1588,4.4058
1589,4.3297
1590,4.4733
1591,4.5475
1592,4.6555
1593,2.9119
1594,5.1035
1595,3.4498
1596,3.942
1597,4.4146
1598,4.6247
1599,4.5463
1600,3.4966
1601,3.9601
1602,3.5029
1603,3.474
1604,2.6732
1605,4.3756
1606,5.1403
1607,3.4627
1608,4.7392
1609,2.8847
1610,3.9074
1611,3.581
1612,4.7786
1613,4.6572
1614,4.3944
1615,3.5141
1616,3.2937
1617,4.6546
1618,3.4434
1619,4.9429
1620,4.5436
1621,4.8826
1622,4.2065
1623,4.6503
1624,5.2819
1625,3.8074
1626,4.3647
1627,4.6609
1628,4.5081
1629,3.3269
1630,4.7399
1631,4.0404
1632,4.9845
1633,4.8419
1634,4.5912
1635,4.3354
1636,4.5651
1637,4.227
1638,3.4406
1639,5.0418
1640,3.9889
1641,4.8724
1642,4.0481
1643,4.9478
1644,3.7586
1645,4.7123
1646,4.5559
1647,4.4665
1648,5.1111
1649,4.6968
1650,5.1884
1651,4.5029
1652,4.7078
1653,4.6775
1654,4.1434
1655,4.6755
1656,3.7664
1657,1.9592
1658,5.7731
1659,4.4578
1660,4.773
1661,3.8093
1662,5.0144
1663,4.8145
1664,4.6175
1665,4.9815
1666,4.8727
1667,5.1982
1668,4.9145
1669,4.4905
1670,3.5875
1671,4.3668
1672,4.3951
1673,5.6749
1674,4.2
1675,4.8393
1676,3.7242
1677,4.4273
1678,4.7227
1679,4.9149
1680,4.5011
1681,4.2527
1682,4.0935
1683,4.5126
1684,4.7658
1685,5.6889
1686,4.7088
1687,3.8373
1688,3.7997
1689,4.7675
1690,5.155
1691,4.7148
1692,5.2721
1693,4.7978
1694,4.9351
1695,4.8596
1696,4.9963
1697,4.9916
1698,4.4623
1699,4.6862
1700,4.4687
1701,4.8685
1702,4.1994
1703,4.7149
1704,4.8006
1705,3.8935
1706,3.8998
1707,4.3594
1708,4.0216
1709,4.3174
1710,4.731
1711,5.6477
1712,4.8639
1713,3.7839
1714,4.5557
1715,4.5398
1716,5.621
1717,4.7575
1718,5.0713
1719,5.2841
1720,5.1277
1721,4.5898
1722,4.8699
1723,4.9439
1724,4.7243
1725,4.5448
1726,5.0451
1727,4.3475
1728,4.2879
1729,4.5151
1730,4.2422
1731,4.8806
1732,4.6433
1733,5.5835
1734,4.5281
1735,4.6828
1736,3.513
1737,3.5176
1738,4.4676
1739,4.616
1740,4.8529
1741,4.5381
1742,5.0158
1743,5.4013
1744,4.6299
1745,4.7818
1746,4.8521
1747,4.365
1748,5.1372
1749,4.6628
1750,4.4181
1751,4.5515
1752,4.6469
1753,4.4347
1754,5.0109
1755,4.375
1756,4.9746
1757,2.4753
1758,4.6381
1759,5.0304
1760,4.0674
1761,5.1499
1762,4.6084
1763,4.1091
1764,4.446
1765,4.7221
1766,4.3542
1767,4.8363
1768,4.587
1769,4.1283
1770,4.5263
1771,4.5347
1772,5.1323
1773,4.6762
1774,4.666
1775,4.7878
1776,4.2677
1777,3.8665
1778,4.4315
1779,4.1091
1780,3.7223
1781,4.5892
1782,4.695
1783,4.3267
1784,4.3195
1785,4.3235
1786,2.8601
1787,4.1932
1788,4.6964
1789,3.9862
1790,4.3184
1791,4.4368
1792,4.8569
1793,5.0369
1794,4.282
1795,3.2983
1796,4.6995
1797,4.6354
1798,4.3896
1799,3.4165
1800,4.7064
1801,4.2365
1802,4.0508
1803,4.6177
1804,4.3566
1805,4.8233
1806,5.0657
1807,4.3304
1808,4.6656
1809,4.5571
1810,2.5766
1811,5.2057
1812,4.3567
1813,4.238
1814,5.068
1815,4.5537
1816,3.8905
1817,4.6921
1818,5.2165
1819,5.4265
1820,4.9177
1821,4.8512
1822,4.7928
1823,5.1481
1824,4.7909
1825,4.723
1826,4.3478
1827,4.5385
1828,4.7181
1829,5.6629
1830,4.8609
1831,4.7722
1832,4.4483
1833,4.5733
1834,4.8316
1835,4.3023
1836,4.6902
1837,4.6469
1838,4.7118
1839,4.9865
1840,2.3395
1841,4.2201
1842,5.0264
1843,4.6084
1844,4.7968
1845,4.3896
1846,4.5905
1847,3.1168
1848,4.5321
1849,5.0516
1850,4.8172
1851,4.9752
1852,4.6795
1853,3.8846
1854,4.6395
1855,5.1486
1856,5.2664
1857,4.5892
1858,4.9539
1859,4.3595
1860,4.1754
1861,4.79
1862,4.3114
1863,2.8787
1864,4.7756
1865,3.3246
1866,3.1384
1867,4.1708
1868,4.3599
1869,4.3913
1870,4.1451
1871,4.5812
1872,3.2055
1873,3.6443
1874,4.1794
1875,2.3512
1876,2.6996
1877,2.9304
1878,3.6496
1879,3.225
1880,3.1195
1881,3.7598
1882,4.8358
1883,4.9758
1884,2.6858
1885,4.8943
1886,3.1084
1887,4.5706
1888,3.8752
1889,5.007
1890,4.7308
1891,5.0347
1892,4.3114
1893,4.7712
1894,4.6989
1895,4.383
1896,4.2907
1897,4.879
1898,4.7631
1899,4.8857
1900,4.8059
1901,4.7205
1902,2.6819
1903,3.3582
1904,5.3077
1905,4.5384
1906,4.356
1907,4.3581
1908,2.4459
1909,3.4127
1910,5.1213
1911,4.8049
1912,2.7606
1913,4.6056
1914,3.4185
1915,4.381
1916,4.7234
1917,4.4243
1918,2.1155
1919,2.8917
1920,3.2031
1921,5.2472
1922,2.8326
1923,3.1941
1924,2.8203
1925,2.4416
1926,3.7444
1927,3.3129
1928,4.0785
1929,4.8184
1930,4.9598
1931,2.7654
1932,4.2022
1933,5.4668
1934,4.1368
1935,4.2543
1936,4.5294
1937,4.5733
1938,4.4971
1939,3.0442
1940,4.615
1941,3.9441
1942,4.6828
1943,3.5711
1944,4.9515
1945,4.5391
1946,4.0656
1947,3.0549
1948,3.4896
1949,2.469
1950,4.8125
1951,2.9062
1952,2.4708
1953,3.7317
1954,4.7564
1955,2.1024
1956,1.6854
1957,4.6441
1958,4.42
1959,4.7465
1960,3.8296
1961,3.3577
1962,2.6303
1963,1.7897
1964,2.158
1965,1.9906
1966,4.691
1967,4.411
1968,4.8835
1969,4.8822
1970,3.3659
1971,2.7379
1972,2.747
1973,4.665
1974,4.0508
1975,4.4017
1976,1.8719
1977,4.7159
1978,3.1172
1979,3.2927
1980,2.5492
1981,4.1877
1982,4.4287
1983,3.7458
1984,5.0909
1985,4.2332
1986,5.1208
1987,4.1421
1988,4.5692
1989,4.8291
1990,4.6732
1991,4.5358
1992,3.8805
1993,4.1826
1994,3.9462
1995,4.0851
1996,4.6071
1997,4.6474
1998,4.2069
1999,4.0727
2000,4.1256
2001,4.6494
2002,3.2249
2003,4.1411
2004,5.1516
2005,4.1438
2006,4.6915
2007,4.8273
2008,4.4395
2009,4.1689
2010,4.7001
2011,3.8629
2012,4.3428
2013,4.7827
2014,3.9435
2015,3.7607
2016,4.2504
2017,3.8241
2018,5.0997
2019,4.5053
2020,3.7825
2021,4.3002
2022,4.8028
2023,4.8407
2024,4.5263
2025,4.6059
2026,4.9729
2027,3.0469
2028,3.6543
2029,4.5184
2030,4.9444
2031,4.4164
2032,4.926
2033,4.5605
2034,3.8785
2035,4.097
2036,4.1717
2037,4.0795
2038,4.7018
2039,4.8244
2040,4.8223
2041,4.8222
2042,4.4519
2043,5.2766
2044,4.8845
2045,4.0505
2046,4.9645
2047,4.5658
2048,3.0977
2049,4.4134
2050,4.8477
2051,4.2424
2052,4.6413
2053,4.3798
2054,4.0485
2055,4.3076
2056,3.7758
2057,4.8963
2058,4.7569
2059,4.6311
2060,4.2702
2061,3.1548
2062,4.1131
2063,4.9346
2064,2.8917
2065,4.4133
2066,4.4477
2067,4.1773
2068,4.4779
2069,4.3134
2070,4.2448
2071,4.5367
2072,4.101
2073,4.6792
2074,5.1012
2075,4.9044
2076,5.4326
2077,4.5617
2078,4.8522
2079,4.8447
2080,4.3846
2081,5.3548
2082,3.8473
2083,3.9994
2084,4.2739
2085,4.2297
2086,5.0265
2087,3.7814
2088,5.1712
2089,4.6941
2090,3.8434
2091,4.5711
2092,2.7883
2093,4.2308
2094,3.6438
2095,4.4455
2096,4.8935
2097,4.4509
2098,4.6726
2099,4.7156
2100,4.6688
2101,5.2535
2102,4.5035
2103,4.7687
2104,4.9513
2105,3.0294
2106,5.1183
2107,2.6416
2108,4.4106
2109,5.0096
2110,5.0899
2111,4.8911
2112,4.2199
2113,4.7365
2114,3.9099
2115,4.3433
2116,3.4402
2117,3.8465
2118,2.462
2119,4.7508
2120,2.2047
2121,3.5394
2122,2.8768
2123,4.5186
2124,3.2242
2125,2.8173
2126,2.8623
2127,4.0719
2128,3.8929
2129,4.6293
2130,4.0284
2131,4.6851
2132,4.3773
2133,4.9257
2134,4.1933
2135,4.5523
2136,4.8584
2137,4.6416
2138,4.7261
2139,4.5619
2140,4.5636
2141,4.6936
2142,4.7661
2143,4.6456
2144,4.662
2145,4.5036
2146,4.6042
2147,4.2591
2148,3.8725
2149,3.7796
2150,3.8259
2151,4.0244
2152,5.0957
2153,4.8499
2154,3.6964
2155,4.4542
2156,2.9475
2157,4.6771
2158,5.2712
2159,4.8972
2160,5.148
2161,4.3711
2162,2.9646
2163,4.4894
2164,1.4337
2165,4.1814
2166,4.7102
2167,3.8349
2168,4.5288
2169,4.1303
2170,4.5026
2171,4.7724
2172,4.1938
2173,2.1094
2174,5.0053
2175,3.8579
2176,3.954
2177,4.9465
2178,4.2761
2179,4.076
2180,4.3037
2181,4.7929
2182,5.1729
2183,4.4789
2184,4.2852
2185,4.3215
2186,4.5451
2187,4.5312
2188,3.5056
2189,4.9134
2190,2.939
2191,4.6862
2192,4.9705
2193,3.4689
2194,4.6186
2195,4.5855
2196,4.2916
2197,4.6348
2198,4.423
2199,4.534
2200,4.4961
2201,4.6724
2202,4.6065
2203,3.9748
2204,3.9199
2205,3.4064
2206,5.0139
2207,3.9315
2208,4.7698
2209,4.3633
2210,4.4364
2211,5.0797
2212,4.228
2213,4.3513
2214,4.3227
2215,3.6548
2216,4.6131
2217,3.3724
2218,4.914
2219,4.3677
2220,4.2067
2221,4.5018
2222,4.0945
2223,3.8243
2224,4.8734
2225,4.4837
2226,4.8175
2227,4.6564
2228,3.7254
2229,3.6063
2230,3.8991
2231,4.4636
2232,4.0635
2233,4.7065
2234,3.1956
2235,4.5219
2236,5.3045
2237,4.7148
2238,4.9506
2239,4.424
2240,4.4913
2241,4.1748
2242,4.9686
2243,4.7943
2244,3.7897
2245,5.058
2246,4.3155
2247,3.6986
2248,3.4404
2249,4.8378
2250,4.0477
2251,4.6609
2252,3.2305
2253,3.4862
2254,2.7358
2255,4.5146
2256,4.7357
2257,4.9627
2258,4.6102
2259,4.3466
2260,4.5007
2261,4.5402
2262,3.9686
2263,4.5869
2264,4.8346
2265,4.1902
2266,4.8065
2267,4.3185
2268,4.8113
2269,4.9258
2270,5.1339
2271,5.2703
2272,4.932
2273,3.5128
2274,3.9251
2275,4.2656
2276,4.6176
2277,4.051
2278,4.9052
2279,3.5938
2280,4.2003
2281,4.9909
2282,4.8865
2283,5.2211
2284,4.7618
2285,4.8646
2286,4.6912
2287,3.9419
2288,4.3297
2289,4.4154
2290,5.4683
2291,4.4766
2292,4.6099
2293,3.7678
2294,4.084
2295,3.9157
2296,5.3681
2297,4.325
2298,5.0998
2299,5.2516
2300,4.4871
2301,4.948
2302,4.8622
2303,3.1632
2304,4.3107
2305,5.1727
2306,4.3705
2307,4.3622
2308,4.3059
2309,4.9116
2310,4.384
2311,4.2737
2312,5.6565
2313,4.5104
2314,3.7701
2315,4.0184
2316,3.3004
2317,5.1034
2318,4.3683
2319,4.3074
2320,4.9202
2321,3.9922
2322,4.824
2323,3.6608
2324,5.199
2325,4.6821
2326,5.1139
2327,4.3655
2328,4.3568
2329,4.4847
2330,4.0884
2331,4.9289
2332,4.5326
2333,4.7382
2334,4.9394
2335,4.8247
2336,4.3123
2337,3.8057
2338,3.6521
2339,4.1571
2340,3.1772
2341,3.9746
2342,4.1925
2343,3.7343
2344,4.2927
2345,4.1778
2346,3.1715
2347,4.0445
2348,3.9465
2349,4.3814
2350,3.6296
2351,4.5923
2352,4.1062
2353,5.0609
2354,4.9567
2355,4.8469
2356,4.3916
2357,4.2049
2358,4.2459
2359,4.525
2360,4.634
2361,4.3858
2362,4.3352
2363,3.8721
2364,4.2645
2365,4.3053
2366,4.3885
2367,4.064
2368,3.7404
2369,4.6229
2370,4.5344
2371,4.6539
2372,5.0403
2373,4.5503
2374,4.3331
2375,4.2269
2376,4.1402
2377,5.2206
2378,5.0081
2379,3.9466
2380,4.6707
2381,3.5612
2382,4.8277
2383,4.5087
2384,4.2467
2385,4.5631
2386,4.4307
2387,4.8059
2388,4.2794
2389,3.5383
2390,4.7325
2391,4.4325
2392,4.8174
2393,4.3052
2394,2.9335
2395,2.3006
2396,5.0069
2397,4.9597
2398,5.7308
2399,4.7025
2400,4.044
2401,4.2608
2402,4.1293
2403,4.4955
2404,5.1819
2405,5.0867
2406,5.0252
2407,4.3348
2408,4.3433
2409,3.3133
2410,4.6317
2411,5.7529
2412,5.2224
2413,4.1923
2414,4.4382
2415,2.5356
2416,4.6309
2417,5.2179
2418,4.9033
2419,3.9197
2420,4.4013
2421,4.8712
2422,5.0798
2423,4.6826
2424,4.5734
2425,4.4159
2426,5.0276
2427,5.2557
2428,4.7408
2429,5.0523
2430,4.1387
2431,3.966
2432,4.6885
2433,4.1859
2434,4.6895
2435,4.1227
2436,4.0977
2437,4.652
2438,4.4821
2439,3.8871
2440,4.4309
2441,4.3789
2442,4.7523
2443,4.1507
2444,4.577
2445,4.1366
2446,4.4386
2447,4.4941
2448,3.8271
2449,4.419
2450,4.7697
2451,5.5423
2452,3.9317
2453,4.4715
2454,4.555
2455,4.1904
2456,4.5449
2457,4.3012
2458,5.5739
2459,4.56
2460,4.4146
2461,3.9175
2462,5.0817
2463,4.421
2464,5.6941
2465,4.994
2466,3.6998
2467,2.18
2468,4.5216
2469,4.7568
2470,4.5608
2471,3.9543
2472,4.5326
2473,4.9729
2474,3.7906
2475,4.255
2476,3.2527
2477,5.3711
2478,4.0312
2479,4.4912
2480,5.0543
2481,4.514
2482,3.8094
2483,4.11
2484,5.3474
2485,4.2715
2486,4.9068
2487,4.0159
2488,2.6029
2489,5.4099
2490,5.179
2491,5.3667
2492,4.4858
2493,4.6465
2494,4.3192
2495,4.23
2496,5.0279
2497,4.2925
2498,4.1165
2499,4.5223
2500,3.196
2501,4.8452
2502,4.9292
2503,4.9156
2504,4.8047
2505,3.9039
2506,4.5354
2507,3.8729
2508,5.5043
2509,4.5154
2510,3.4618
2511,4.2025
2512,4.6441
2513,3.9282
2514,4.6257
2515,5.0345
2516,3.5219
2517,4.1821
2518,4.9923
2519,4.4563
2520,3.1025
2521,5.0754
2522,4.9579
2523,3.3878
2524,4.9897
2525,3.1172
2526,4.6093
2527,4.588
2528,4.4637
2529,4.8027
2530,4.846
2531,5.0589
2532,3.7677
2533,4.3095
2534,4.3953
2535,5.0037
2536,3.4201
2537,4.3674
2538,4.125
2539,3.7075
2540,4.9075
2541,3.7553
2542,4.0443
2543,3.6287
2544,4.2117
2545,3.7407
2546,3.8855
2547,4.5075
2548,3.7543
2549,3.8789
2550,2.5082
2551,3.9289
2552,3.9034
2553,3.7592
2554,4.918
2555,3.8907
2556,3.209
2557,3.6494
2558,4.0124
2559,3.8479
2560,4.4508
2561,3.4724
2562,4.0401
2563,3.4759
2564,3.5395
2565,4.4203
2566,3.7268
2567,4.2482
2568,3.8399
2569,4.2624
2570,3.687
2571,4.3908
2572,4.1228
2573,4.2109
2574,4.4287
2575,4.2208
2576,3.3045
2577,4.4897
2578,4.3244
2579,4.1374
2580,4.6272
2581,4.4002
2582,3.3785
2583,4.0656
2584,4.346
2585,4.728
2586,3.8885
2587,4.1045
2588,2.9426
2589,3.7162
2590,5.3295
2591,4.5056
2592,3.6372
2593,4.4077
2594,5.2181
2595,3.1657
2596,4.6035
2597,4.3586
2598,4.3843
2599,4.6528
2600,4.0026
2601,4.3417
2602,4.4727
2603,3.3888
2604,4.3093
2605,4.0305
2606,4.6364
2607,4.1723
2608,4.8242
2609,4.059
2610,3.9737
2611,5.3296
2612,4.5587
2613,4.1004
2614,3.2099
2615,3.8651
2616,4.6675
2617,3.628
2618,4.228
2619,5.0198
2620,4.2461
2621,4.648
2622,4.3713
2623,4.1824
2624,3.6095
2625,5.0283
2626,4.6702
2627,3.8183
2628,4.2045
2629,4.7781
2630,4.4859
2631,5.0702
2632,4.5698
2633,4.2259
2634,4.9275
2635,4.1053
2636,4.7445
2637,4.0122
2638,4.5067
2639,4.5262
2640,4.5017
2641,4.0585
2642,4.7364
2643,4.5014
2644,4.536
2645,4.5531
2646,4.2953
2647,3.4353
2648,4.1973
2649,4.6589
2650,4.7474
2651,4.3701
2652,4.024
2653,4.3042
2654,3.8896
2655,4.4548
2656,3.5999
2657,4.3022
2658,4.6254
2659,4.9549
2660,4.4721
2661,2.904
2662,4.0893
2663,3.4989
2664,4.556
2665,3.4333
2666,4.3681
2667,4.689
2668,4.1587
2669,4.8889
2670,4.2209
2671,4.0623
2672,4.9709
2673,4.4814
2674,4.7968
2675,4.432
2676,4.2614
2677,4.2371
2678,4.5781
2679,3.8446
2680,4.3574
2681,4.4105
2682,4.3355
2683,5.1864
2684,4.5332
2685,4.807
2686,4.0724
2687,4.3649
2688,4.6246
2689,5.1566
2690,4.7491
2691,4.4058
2692,4.2961
2693,4.9569
2694,4.6663
2695,3.8742
2696,4.453
2697,3.843
2698,4.9482
2699,4.4012
2700,5.3284
2701,4.9187
2702,4.225
2703,4.8073
2704,5.085
2705,3.9771
2706,5.1583
2707,4.7997
2708,3.966
2709,4.2548
2710,4.5798
2711,4.5191
2712,5.1576
2713,4.9978
2714,3.9961
2715,3.6665
2716,4.328
2717,4.5565
2718,3.7553
2719,4.3958
2720,4.5731
2721,5.0483
2722,4.6668
2723,4.7551
2724,3.4724
2725,4.3307
2726,4.2156
2727,3.5447
2728,4.4181
2729,4.7855
2730,4.4112
2731,5.1694
2732,4.2405
2733,4.0168
2734,4.9357
2735,4.113
2736,4.9212
2737,4.5367
2738,4.4257
2739,4.4637
2740,5.1333
2741,4.7018
2742,4.831
2743,3.7757
2744,3.887
2745,4.0762
2746,4.7594
2747,4.8873
2748,4.5662
2749,3.4795
2750,4.4607
2751,4.9091
2752,5.4632
2753,4.173
2754,4.9784
2755,5.2106
2756,4.913
2757,3.89
2758,4.4199
2759,4.6734
2760,4.5083
2761,3.8608
2762,4.4598
2763,4.4011
2764,4.4378
2765,3.5291
2766,4.2717
2767,4.7814
2768,4.0783
2769,4.8592
2770,4.1799
2771,3.7727
2772,4.3386
2773,4.0229
2774,4.9796
2775,4.834
2776,3.5961
2777,4.5524
2778,4.3085
2779,5.4048
2780,3.2172
2781,4.2805
2782,4.2532
2783,4.9722
2784,4.6083
2785,4.3654
2786,4.7391
2787,4.9143
2788,4.6894
2789,4.9303
2790,4.9744
2791,4.4225
2792,4.1903
2793,4.5341
2794,3.8211
2795,3.3008
2796,3.3962
2797,3.3545
2798,2.2692
2799,4.6095
2800,3.6023
2801,1.5145
2802,2.7339
2803,4.4802
2804,2.8965
2805,4.1567
2806,3.3131
2807,4.1454
2808,2.8661
2809,3.0276
2810,3.9159
2811,5.0761
2812,4.649
2813,2.7826
2814,4.6329
2815,3.0248
2816,4.1285
2817,4.5878
2818,5.1685
2819,3.7319
2820,4.847
2821,4.0634
2822,3.1877
2823,4.2629
2824,2.5715
2825,4.4133
2826,3.839
2827,3.8012
2828,4.6229
2829,4.4979
2830,4.0421
2831,3.8563
2832,3.5381
2833,3.8533
2834,5.1063
2835,3.9733
2836,3.0844
2837,4.085
2838,4.9136
2839,4.2104
2840,4.0025
2841,3.4815
2842,4.5734
2843,3.6843
2844,2.9622
2845,4.7069
2846,4.3898
2847,3.6256
2848,4.2763
2849,3.1163
2850,4.2539
2851,4.3676
2852,4.6501
2853,5.0238
2854,4.4435
2855,4.1816
2856,4.6311
2857,4.3627
2858,4.7905
2859,4.2694
2860,4.5446
2861,4.6749
2862,4.7526
2863,4.0192
2864,3.8753
2865,3.6804
2866,4.3257
2867,4.1666
2868,4.3987
2869,4.7302
2870,4.3831
2871,4.4681
2872,4.2951
2873,3.9353
2874,3.743
2875,4.1981
2876,3.8344
2877,4.2803
2878,4.1305
2879,4.7336
2880,5.0688
2881,4.9164
2882,5.0381
2883,5.1594
2884,3.6392
2885,4.0206
2886,2.5811
2887,4.4929
2888,3.5357
2889,4.3415
2890,5.1303
2891,2.571
2892,4.8988
2893,3.2771
2894,4.1801
2895,4.251
2896,4.7571
2897,4.7554
2898,3.7821
2899,4.7583
2900,4.4004
2901,4.0392
2902,4.6183
2903,3.6209
2904,4.9417
2905,5.1747
2906,4.3898
2907,4.6719
2908,2.9696
2909,4.7843
2910,3.7892
2911,4.5031
2912,4.5991
2913,4.3065
2914,4.6609
2915,4.4411
2916,4.9316
2917,4.7551
2918,3.5973
2919,4.701
2920,4.9545
2921,4.6045
2922,5.8773
2923,4.1331
2924,3.8024
2925,2.6013
2926,3.7697
2927,4.4735
2928,4.2463
2929,5.037
2930,4.0053
2931,4.4281
2932,4.872
2933,3.9929
2934,4.9246
2935,3.8027
2936,5.1586
2937,4.8284
2938,4.3161
2939,4.6465
2940,4.4801
2941,4.0641
2942,4.2762
2943,3.8669
2944,4.8104
2945,4.7852
2946,3.9604
2947,4.0688
2948,4.2581
2949,4.5308
2950,4.4316
2951,3.5459
2952,3.4408
2953,5.0814
2954,5.0922
2955,5.3441
2956,4.9303
2957,4.277
2958,4.5573
2959,4.7164
2960,3.3621
2961,5.0865
2962,3.8692
2963,5.1341
2964,5.2432
2965,4.5824
2966,4.7894
2967,4.8461
2968,4.8181
2969,5.5092
2970,5.1755
2971,4.4353
2972,4.0175
2973,5.1977
2974,4.3047
2975,3.9926
2976,3.6019
2977,4.5938
2978,5.1159
2979,4.4702
2980,4.2775
2981,4.6901
2982,4.423
2983,5.8533
2984,4.4707
2985,4.9925
2986,4.018
2987,4.6488
2988,3.4979
2989,5.2645
2990,3.6132
2991,3.23
2992,3.9064
2993,3.5602
2994,3.6617
2995,3.9637
2996,4.7214
2997,3.7381
2998,3.9356
2999,4.3667
3000,5.0006
3001,5.2698
3002,4.5396
3003,4.1657
3004,3.351
3005,4.2797
3006,3.5777
3007,4.9645
3008,4.4685
3009,3.119
3010,4.7062
3011,4.5247
3012,3.5093
3013,5.1275
3014,4.651
3015,4.6767
3016,3.7401
3017,4.5326
3018,5.4404
3019,5.2858
3020,3.762
3021,3.8979
3022,4.3728
3023,3.1251
3024,4.289
3025,4.0767
3026,4.8255
3027,3.2549
3028,3.0488
3029,2.8894
3030,3.935
3031,5.1183
3032,4.0175
3033,3.5326
3034,3.3092
3035,2.6502
3036,4.5311
3037,3.4391
3038,1.8691
3039,2.2797
3040,4.6276
3041,2.5148
3042,4.5973
3043,3.3264
3044,3.9185
3045,4.2135
3046,4.7559
3047,4.324
3048,4.9302
3049,4.2656
3050,4.7157
3051,4.3456
3052,5.4751
3053,4.1683
3054,4.0892
3055,4.8599
3056,4.1138
3057,4.6652
3058,4.1423
3059,4.3974
3060,4.9167
3061,4.4042
3062,4.4893
3063,5.0018
3064,5.1959
3065,3.8263
3066,4.2694
3067,4.4652
3068,3.8095
3069,4.1625
3070,4.8113
3071,4.3047
3072,4.9136
3073,4.4779
3074,4.3321
3075,4.2153
3076,5.2444
3077,3.6342
3078,4.4032
3079,4.4016
3080,3.2251
3081,4.6914
3082,4.8498
3083,4.2243
3084,3.9559
3085,4.1115
3086,4.0928
3087,4.4708
3088,4.1839
3089,5.3008
3090,4.8533
3091,4.4492
3092,4.7086
3093,4.5039
3094,5.0169
3095,4.1818
3096,4.5969
3097,5.3741
3098,4.093
3099,4.5681
3100,4.8756
3101,3.9753
3102,4.4541
3103,2.9757
3104,4.1106
3105,4.8478
3106,5.0893
3107,4.0787
3108,4.163
3109,5.1687
3110,4.5782
3111,3.5756
3112,5.4508
3113,3.9023
3114,3.9431
3115,4.261
3116,3.1974
3117,3.7635
3118,4.2732
3119,4.5208
3120,4.1656
3121,4.7802
3122,4.9563
3123,5.1805
3124,5.1224
3125,4.5669
3126,4.4926
3127,4.7162
3128,3.9243
3129,4.5929
3130,5.5829
3131,4.7803
3132,3.7479
3133,4.4534
3134,3.3308
3135,4.5827
3136,4.6841
3137,4.7784
3138,4.2237
3139,4.5929
3140,4.5969
3141,3.5844
3142,4.4565
3143,4.9278
3144,5.0786
3145,5.1908
3146,4.5295
3147,5.1719
3148,4.5678
3149,4.8212
3150,4.6477
3151,4.2928
3152,5.3479
3153,4.5364
3154,4.1095
3155,4.9946
3156,4.2442
3157,4.3378
3158,4.6486
3159,4.6468
3160,3.576
3161,4.0688
3162,4.1373
3163,4.5563
3164,3.5255
3165,5.0092
3166,4.6556
3167,4.7052
3168,4.2545
3169,4.6616
3170,3.724
3171,2.9506
3172,3.4962
3173,4.1797
3174,5.0868
3175,5.1455
3176,4.5219
3177,4.0491
3178,3.9287
3179,4.791
3180,4.1481
3181,4.3535
3182,4.685
3183,4.4593
3184,4.5098
3185,3.7022
3186,5.3345
3187,4.1944
3188,4.0748
3189,4.1496
3190,3.6536
3191,4.9846
3192,3.6345
3193,3.9344
3194,4.8069
3195,4.7904
3196,4.5736
3197,4.7189
3198,5.0899
3199,4.6713
3200,3.3546
3201,4.3261
3202,3.9653
3203,2.9493
3204,2.3241
3205,2.7322
3206,3.0355
3207,3.3765
3208,2.3522
3209,2.5987
3210,2.5996
3211,4.0
3212,3.0923
3213,3.3582
3214,2.7692
3215,4.3769
3216,2.6077
3217,1.7994
3218,3.1021
3219,2.4957
3220,2.6337
3221,2.7773
3222,2.5592
3223,4.0318
3224,3.6702
3225,2.0348
3226,2.9151
3227,4.9992
3228,3.6683
3229,3.9246
3230,3.6932
3231,4.1213
3232,3.8705
3233,2.5794
3234,3.1525
3235,4.2474
3236,3.378
3237,3.3597
3238,3.8264
3239,1.7735
3240,4.3514
3241,3.8805
3242,3.8089
3243,4.353
3244,4.3587
3245,3.1164
3246,2.6223
3247,4.8814
3248,3.3773
3249,3.1551
3250,2.5726
3251,4.2577
3252,3.1196
3253,3.451
3254,5.3264
3255,3.9929
3256,4.3404
3257,3.3565
3258,3.8465
3259,4.0626
3260,4.5087
3261,4.7203
3262,4.6555
3263,5.4565
3264,3.4813
3265,3.5024
3266,3.8637
3267,3.2326
3268,4.654
3269,4.6687
3270,4.1756
3271,5.1131
3272,2.9406
3273,4.327
3274,4.0298
3275,4.5655
3276,5.0398
3277,4.3581
3278,3.3933
3279,4.4834
3280,4.2524
3281,4.3478
3282,4.5894
3283,4.2677
3284,4.4347
3285,4.8333
3286,3.3985
3287,5.0746
3288,3.6285
3289,4.9495
3290,2.2314
3291,3.3828
3292,3.6288
3293,2.9114
3294,3.0004
3295,4.0942
3296,4.1356
3297,3.6331
3298,2.2631
3299,4.8266
3300,4.4796
3301,5.3746
3302,4.3558
3303,4.9742
3304,4.9355
3305,3.4533
3306,3.7163
3307,4.39
3308,4.7035
3309,4.1375
3310,2.4608
3311,2.7708
3312,3.2829
3313,3.3158
3314,5.0168
3315,4.266
3316,4.7368
3317,5.0272
3318,4.3265
3319,4.6467
3320,4.3437
3321,2.3639
3322,5.0105
3323,4.6469
3324,5.235
3325,4.6383
3326,4.0928
3327,4.6496
3328,4.0683
3329,4.5153
3330,3.1698
3331,4.8034
3332,4.4328
3333,3.5292
3334,3.6511
3335,2.8121
3336,4.4031
3337,3.8666
3338,4.5709
3339,4.5199
3340,3.7663
3341,4.3221
3342,5.0793
3343,4.7209
3344,4.6404
3345,2.4618
3346,5.0232
3347,3.9362
3348,4.2278
3349,4.8275
3350,4.6458
3351,3.7779
3352,4.3914
3353,4.838
3354,3.6848
3355,3.6281
3356,4.141
3357,4.7846
3358,4.243
3359,5.0691
3360,4.1073
3361,4.6619
3362,4.6258
3363,4.2877
3364,5.0805
3365,3.899
3366,5.0972
3367,4.8544
3368,4.534
3369,4.4676
3370,5.0055
3371,5.2193
3372,4.3677
3373,4.1012
3374,4.7287
3375,4.5774
3376,4.622
3377,4.5669
3378,4.4667
3379,4.1764
3380,3.9941
3381,4.3942
3382,3.9197
3383,4.9427
3384,4.632
3385,5.4753
3386,4.7442
3387,4.8279
3388,4.7771
3389,4.1848
3390,4.4951
3391,4.3153
3392,3.8349
3393,4.3734
3394,5.3945
3395,4.4128
3396,4.2475
3397,5.1675
3398,4.1421
3399,4.9106
3400,4.6813
3401,4.2206
3402,4.9188
3403,4.8198
3404,4.4478
3405,5.2216
3406,4.4863
3407,4.4235
3408,4.5958
3409,4.628
3410,4.6805
3411,5.232
3412,4.4202
3413,4.7395
3414,4.2545
3415,4.345
3416,3.0962
3417,4.46
3418,4.4803
3419,4.4087
3420,4.5729
3421,5.077
3422,3.3194
3423,3.8524
3424,4.441
3425,4.6346
3426,3.1242
3427,3.4142
3428,3.7435
3429,4.6185
3430,3.2771
3431,4.577
3432,4.9411
3433,4.4313
3434,4.383
3435,4.2136
3436,4.4634
3437,4.7158
3438,3.7953
3439,4.116
3440,3.5369
3441,4.473
3442,4.2787
3443,4.4257
3444,4.2958
3445,5.0189
3446,4.5537
3447,5.014
3448,4.9935
3449,4.4205
3450,4.242
3451,4.4261
3452,4.3525
3453,3.7571
3454,4.2959
3455,5.0716
3456,4.4972
3457,4.504
3458,4.2535
3459,4.8752
3460,4.9657
3461,4.6152
3462,4.4278
3463,3.9823
3464,4.8033
3465,5.1043
3466,4.7239
3467,4.7135
3468,4.7446
3469,4.3408
3470,4.4402
3471,4.5113
3472,4.7078
3473,4.5313
3474,4.72
3475,4.2935
3476,4.6243
3477,4.8101
3478,5.1145
3479,4.4939
3480,4.7445
3481,4.3089
3482,4.7221
3483,4.0053
3484,5.2569
3485,2.9015
3486,4.9686
3487,4.7147
3488,4.4803
3489,4.618
3490,4.5218
3491,5.2463
3492,4.7794
3493,4.8725
3494,4.5954
3495,4.5218
3496,5.1543
3497,4.7466
3498,4.3324
3499,5.0245
3500,4.4197
3501,4.1748
3502,4.295
3503,5.0417
3504,4.897
3505,4.8737
3506,3.7973
3507,3.4041
3508,4.5775
3509,4.2905
3510,2.3424
3511,4.6142
3512,4.592
3513,3.6896
3514,4.7714
3515,4.0466
3516,4.7348
3517,4.3541
3518,4.046
3519,4.6145
3520,3.8706
3521,4.5473
3522,3.9299
3523,4.9465
3524,4.07
3525,3.5803
3526,3.6511
3527,3.6531
3528,3.9961
3529,3.4512
3530,5.2079
3531,3.6699
3532,3.951
3533,4.0405
3534,4.1801
3535,4.4505
3536,5.0291
3537,3.487
3538,4.1062
3539,1.9193
3540,4.894
3541,4.8226
3542,3.4704
3543,4.7408
3544,5.1002
3545,5.2386
3546,4.4676
3547,4.5361
3548,4.9272
3549,4.7845
3550,5.3275
3551,3.5254
3552,4.7706
3553,3.2996
3554,4.8062
3555,4.5503
3556,3.6515
3557,4.3077
3558,4.0289
3559,4.7758
3560,5.5213
3561,3.7764
3562,3.5003
3563,3.8562
3564,3.0699
3565,4.6671
3566,3.2454
3567,4.2446
3568,4.578
3569,4.8302
3570,4.3524
3571,5.0006
3572,2.7565
3573,3.6343
3574,3.7268
3575,3.0587
3576,4.4732
3577,4.4086
3578,3.5698
3579,3.6479
3580,3.9057
3581,3.9052
3582,4.563
3583,4.0708
3584,4.6223
3585,3.4591
3586,3.4958
3587,5.0264
3588,3.9133
3589,5.3705
3590,4.3984
3591,4.5265
3592,4.4655
3593,4.7966
3594,3.6831
3595,3.6275
3596,4.6648
3597,4.1709
3598,3.8858
3599,2.4557
3600,3.9304
3601,4.5043
3602,4.4067
3603,5.0073
3604,3.7358
3605,4.9879
3606,4.5537
3607,3.4712
3608,4.6365
3609,4.3072
3610,4.2071
3611,4.3252
3612,5.1438
3613,4.8634
3614,4.3349
3615,4.0751
3616,3.0787
3617,3.1229
3618,4.7327
3619,2.8844
3620,4.3275
3621,3.6209
3622,3.7101
3623,4.829
3624,3.2662
3625,4.4578
3626,4.4917
3627,4.9521
3628,4.3455
3629,4.0682
3630,3.3363
3631,4.495
3632,3.4992
3633,4.5494
3634,2.8507
3635,5.0025
3636,2.9085
3637,3.5255
3638,4.4121
3639,3.8208
3640,4.5116
3641,4.5374
3642,4.8577
3643,4.6046
3644,3.4503
3645,4.296
3646,3.866
3647,3.6666
3648,4.9054
3649,4.1814
3650,4.706
3651,4.7589
3652,4.524
3653,4.8727
3654,3.5649
3655,4.4899
3656,4.4627
3657,5.1577
3658,3.3082
3659,3.0673
3660,4.4739
3661,4.8061
3662,3.7209
3663,4.4291
3664,4.5838
3665,2.9932
3666,3.8028
3667,3.0681
3668,3.911
3669,4.3831
3670,4.0284
3671,5.0243
3672,4.1462
3673,3.8034
3674,3.2274
3675,2.8131
3676,4.2873
3677,2.4061
3678,3.178
3679,3.8583
3680,4.1985
3681,4.7793
3682,4.093
3683,3.4842
3684,4.1851
3685,3.249
3686,4.8624
3687,4.6594
3688,3.7804
3689,4.3587
3690,3.6855
3691,4.8718
3692,4.6777
3693,4.7691
3694,4.569
3695,5.0284
3696,4.3866
3697,4.2427
3698,4.378
3699,5.0495
3700,4.1201
3701,3.3214
3702,3.189
3703,1.875
3704,4.7055
3705,2.9216
3706,4.6203
3707,4.7018
3708,3.8329
3709,4.693
3710,3.4699
3711,4.414
3712,4.3845
3713,4.3275
3714,2.9194
3715,4.5522
3716,4.65
3717,4.2853
3718,3.4897
3719,1.9853
3720,4.9123
3721,4.7254
3722,3.8687
3723,2.5333
3724,4.4895
3725,5.4543
3726,2.5459
3727,3.0174
3728,4.4385
3729,4.626
3730,4.4504
3731,5.1798
3732,4.1712
3733,4.414
3734,4.7474
3735,4.9951
3736,5.245
3737,4.1589
3738,4.3027
3739,4.6363
3740,4.7341
3741,4.0574
3742,5.1335
3743,4.2788
3744,4.5123
3745,4.9729
3746,3.9437
3747,3.6536
3748,4.9473
3749,5.2888
3750,3.3701
3751,4.5778
3752,4.2287
3753,4.5981
3754,4.9368
3755,4.6989
3756,4.7414
3757,3.8343
3758,3.6585
3759,5.1068
3760,3.3016
3761,5.2114
3762,5.3744
3763,4.3079
3764,3.5005
3765,4.4499
3766,4.0033
3767,4.3649
3768,5.3199
3769,4.8677
3770,3.4108
3771,3.3182
3772,3.8951
3773,4.8244
3774,4.5984
3775,5.089
3776,5.4685
3777,3.3693
3778,5.0585
3779,4.7009
3780,4.8087
3781,4.9449
3782,4.748
3783,4.6102
3784,4.8137
3785,4.358
3786,4.6937
3787,4.5616
3788,5.2613
3789,4.5337
3790,5.2483
3791,3.9249
3792,4.6252
3793,4.834
3794,4.4758
3795,4.3103
3796,5.1502
3797,4.6478
3798,4.0202
3799,3.8444
3800,3.1897
3801,4.8621
3802,2.6721
3803,4.8675
3804,1.9279
3805,1.8943
3806,4.306
3807,3.5972
3808,3.4587
3809,4.003
3810,4.4235
3811,4.1838
3812,4.016
3813,4.0734
3814,4.3747
3815,5.1633
3816,4.3489
3817,3.714
3818,3.5947
3819,3.8969
3820,2.4411
3821,3.5568
3822,2.8934
3823,4.0254
3824,2.0293
3825,3.616
3826,4.325
3827,4.1256
3828,3.8665
3829,3.8027
3830,5.0151
3831,3.3194
3832,2.7642
3833,5.1628
3834,3.1647
3835,2.2991
3836,3.0165
3837,3.7597
3838,2.5174
3839,5.2798
3840,1.9674
3841,4.6473
3842,3.525
3843,2.5389
3844,2.9136
3845,2.9759
3846,4.2753
3847,2.3487
3848,4.741
3849,3.45
3850,2.772
3851,2.3256
3852,4.7717
3853,2.25
3854,1.8969
3855,2.9423
3856,4.4684
3857,2.3534
3858,5.2997
3859,5.2142
3860,2.8955
3861,1.6074
3862,4.1197
3863,4.2707
3864,4.9305
3865,2.469
3866,4.9144
3867,3.1909
3868,2.8777
3869,4.5781
3870,5.3096
3871,4.5085
3872,5.1553
3873,3.9297
3874,3.6643
3875,4.7938
3876,4.0079
3877,3.0742
3878,1.972
3879,4.3551
3880,4.2697
3881,4.1586
3882,3.6987
3883,3.1945
3884,3.6486
3885,3.5817
3886,3.5122
3887,5.0365
3888,4.6011
3889,4.3777
3890,4.1984
3891,4.8532
3892,4.36
3893,4.1741
3894,4.0154
3895,3.8881
3896,4.429
3897,4.125
3898,4.2802
3899,3.6466
3900,4.5818
3901,3.8876
3902,4.0772
3903,4.4928
3904,2.8113
3905,4.3921
3906,4.4869
3907,4.4631
3908,3.5162
3909,3.9538
3910,3.39
3911,2.9599
3912,3.6022
3913,4.5123
3914,3.4368
3915,3.4022
3916,3.6285
3917,4.4305
3918,4.1983
3919,2.8096
3920,4.3119
3921,3.6225
3922,4.2609
3923,2.8099
3924,4.6086
3925,2.8672
3926,3.3373
3927,4.7111
3928,2.1451
3929,4.4597
3930,3.5387
3931,4.3592
3932,4.574
3933,2.4597
3934,4.939
3935,4.7714
3936,4.3731
3937,4.7288
3938,4.731
3939,4.4576
3940,4.8995
3941,4.7543
3942,4.7385
3943,4.594
3944,4.3271
3945,4.1953
3946,4.4735
3947,4.1434
3948,4.1537
3949,3.6603
3950,3.5488
3951,3.249
3952,3.9748
3953,4.0135
3954,4.5795
3955,4.6302
3956,4.1841
3957,3.6463
3958,4.5689
3959,4.393
3960,3.6449
3961,4.5781
3962,5.0377
3963,4.4258
3964,4.0106
3965,4.5613
3966,4.3868
3967,4.4933
3968,4.3435
3969,4.5352
3970,4.8289
3971,4.8745
3972,4.9562
3973,4.9749
3974,4.6134
3975,4.0604
3976,5.247
3977,4.2928
3978,4.8225
3979,4.0434
3980,4.4774
3981,4.491
3982,4.4957
3983,3.8971
3984,5.0096
3985,4.2882
3986,4.4466
3987,3.3471
3988,4.345
3989,5.2163
3990,4.6983
3991,5.0474
3992,4.4686
3993,5.4447
3994,5.1382
3995,5.6722
3996,3.6087
3997,3.9922
3998,4.689
3999,4.5664
4000,4.7392
4001,4.0239
4002,5.2628
4003,3.3704
4004,4.0363
4005,4.4705
4006,4.1718
4007,3.8844
4008,4.4726
4009,3.0452
4010,3.6962
4011,2.9883
4012,3.6866
4013,3.8863
4014,4.805
4015,3.1021
4016,3.8147
4017,2.6241
4018,2.2555
4019,3.332
4020,2.712
4021,3.6939
4022,3.7877
4023,4.6217
4024,4.3575
4025,4.8665
4026,3.7542
4027,1.9144
4028,1.8644
4029,2.0895
4030,5.0935
4031,4.5499
4032,5.2058
4033,1.9926
4034,2.6002
4035,3.1631
4036,3.3833
4037,2.4332
4038,4.3937
4039,4.5718
4040,3.8193
4041,3.742
4042,4.8918
4043,4.1402
4044,5.0427
4045,4.0679
4046,3.6956
4047,1.9123
4048,4.2311
4049,3.3352
4050,4.5061
4051,4.8761
4052,4.0491
4053,4.0705
4054,3.8482
4055,3.4878
4056,3.9045
4057,3.4404
4058,4.0188
4059,4.6293
4060,2.2818
4061,4.655
4062,3.0235
4063,3.7341
4064,3.689
4065,5.1654
4066,3.8719
4067,3.8865
4068,4.4185
4069,4.7172
4070,4.9262
4071,4.0483
4072,4.8716
4073,4.771
4074,4.2156
4075,3.8443
4076,3.8003
4077,3.5167
4078,3.5197
4079,5.3975
4080,3.4654
4081,3.3052
4082,3.1581
4083,4.9349
4084,3.7323
4085,4.4381
4086,3.0037
4087,3.5887
4088,4.3928
4089,3.3901
4090,4.9117
4091,5.0828
4092,2.0062
4093,3.8674
4094,3.9555
4095,3.2011
4096,2.7974
4097,5.2994
4098,4.9585
4099,4.3623
4100,3.6989
4101,4.2903
4102,4.854
4103,3.4479
4104,3.9632
4105,4.68
4106,3.7721
4107,4.294
4108,4.099
4109,4.5632
4110,3.9907
4111,4.5936
4112,4.3998
4113,4.967
4114,3.3289
4115,4.1264
4116,4.8734
4117,3.9062
4118,4.7455
4119,4.7385
4120,3.8108
4121,4.6176
4122,4.3187
4123,4.7444
4124,3.7116
4125,4.3402
4126,4.8624
4127,4.742
4128,4.7016
4129,3.4939
4130,4.8061
4131,3.797
4132,4.7366
4133,4.8359
4134,4.2235
4135,5.3616
4136,5.2801
4137,4.5645
4138,4.5837
4139,3.8807
4140,4.9835
4141,5.1749
4142,4.0344
4143,4.8796
4144,4.213
4145,5.1586
4146,5.0252
4147,2.9847
4148,3.6848
4149,4.8402
4150,4.3747
4151,5.227
4152,4.4492
4153,4.9039
4154,4.2912
4155,4.54
4156,4.4836
4157,4.733
4158,4.47
4159,5.3868
4160,4.1452
4161,5.0924
4162,5.3433
4163,4.7631
4164,4.2974
4165,4.779
4166,4.7744
4167,4.1732
4168,4.4897
4169,5.1309
4170,3.1123
4171,4.0455
4172,4.6095
4173,4.7964
4174,5.0987
4175,5.4101
4176,5.1104
4177,4.6649
4178,4.8465
4179,4.8212
4180,5.0127
4181,5.1405
4182,4.3698
4183,4.3454
4184,4.5376
4185,4.8386
4186,4.4039
4187,4.8293
4188,4.7376
4189,4.8099
4190,5.3939
4191,4.4556
4192,4.6128
4193,5.2991
4194,4.6215
4195,4.7609
4196,4.9203
4197,5.1037
4198,4.8685
4199,4.5748
4200,4.4817
4201,4.8268
4202,4.4022
4203,3.9044
4204,4.7196
4205,2.7933
4206,4.784
4207,3.8557
4208,4.3052
4209,2.7002
4210,3.5047
4211,4.516
4212,3.5302
4213,4.6423
4214,4.8581
4215,4.2649
4216,5.4048
4217,4.012
4218,4.614
4219,4.7111
4220,2.9752
4221,4.317
4222,4.7122
4223,3.8338
4224,3.154
4225,3.7475
4226,3.6221
4227,5.2272
4228,4.4983
4229,3.7867
4230,3.6278
4231,2.6961
4232,4.3155
4233,4.8108
4234,4.4691
4235,4.727
4236,4.0424
4237,4.5928
4238,3.6572
4239,4.7049
4240,4.2828
4241,3.9083
4242,3.6022
4243,4.2801
4244,4.2205
4245,4.6723
4246,3.5921
4247,4.696
4248,3.7638
4249,4.1339
4250,4.5883
4251,4.366
4252,4.9177
4253,4.6491
4254,5.0701
4255,4.4375
4256,4.7355
4257,4.5484
4258,3.9012
4259,4.8799
4260,4.1845
4261,4.7117
4262,4.0982
4263,4.2572
4264,3.8521
4265,4.0461
4266,4.2929
4267,3.1412
4268,4.4286
4269,4.9666
4270,3.9016
4271,4.5261
4272,4.2281
4273,4.1016
4274,2.6461
4275,4.5216
4276,3.4945
4277,4.8317
4278,3.966
4279,4.4831
4280,1.9328
4281,4.0458
4282,3.452
4283,3.976
4284,3.5927
4285,2.881
4286,3.1859
4287,4.6695
4288,2.0592
4289,1.3491
4290,4.8542
4291,4.5118
4292,4.3468
4293,4.4896
4294,4.2134
4295,2.6296
4296,4.2497
4297,4.5916
4298,4.7876
4299,4.7886
4300,2.7087
4301,4.8649
4302,4.7697
4303,2.8476
4304,4.3294
4305,3.7225
4306,3.1578
4307,2.9033
4308,4.0937
4309,4.4123
4310,2.4102
4311,3.4671
4312,3.9899
4313,3.7665
4314,4.0776
4315,4.7212
4316,4.2026
4317,3.6074
4318,3.5776
4319,4.7242
4320,4.3135
4321,4.817
4322,4.5731
4323,4.1913
4324,4.4754
4325,4.44
4326,2.9435
4327,4.5584
4328,3.6722
4329,3.9485
4330,4.7553
4331,4.5244
4332,4.4613
4333,3.7353
4334,4.0128
4335,4.8041
4336,4.5092
4337,4.8198
4338,3.8365
4339,4.7626
4340,3.2722
4341,4.7115
4342,4.2287
4343,4.5433
4344,4.8883
4345,3.8821
4346,4.6852
4347,4.474
4348,4.4615
4349,3.2248
4350,4.7198
4351,4.3154
4352,4.6195
4353,5.0267
4354,4.2372
4355,4.0546
4356,4.6303
4357,4.7601
4358,4.3692
4359,5.1502
4360,4.3086
4361,4.3991
4362,4.5966
4363,3.5445
4364,4.0458
4365,3.7448
4366,3.6192
4367,4.2536
4368,4.8926
4369,4.436
4370,2.9009
4371,4.9145
4372,4.3368
4373,5.026
4374,4.9161
4375,4.5079
4376,4.1812
4377,3.9698
4378,4.5062
4379,5.0443
4380,4.0381
4381,5.0811
4382,3.7404
4383,4.6242
4384,4.6418
4385,4.1261
4386,3.9779
4387,4.7741
4388,4.7417
4389,4.6576
4390,5.0017
4391,4.6644
4392,4.0656
4393,5.2936
4394,4.9061
4395,5.0319
4396,3.4665
4397,4.3107
4398,4.8024
4399,5.4122
4400,4.5165
4401,4.4471
4402,4.6539
4403,4.7314
4404,3.0404
4405,4.6725
4406,4.0595
4407,4.2743
4408,4.453
4409,4.0461
4410,4.5467
4411,4.1063
4412,4.4044
4413,4.5681
4414,4.5591
4415,5.1067
4416,4.7714
4417,4.8567
4418,4.6779
4419,3.4251
4420,4.5156
4421,4.5383
4422,4.599
4423,4.5123
4424,4.7536
4425,3.8968
4426,3.7163
4427,3.8194
4428,4.4216
4429,4.7952
4430,4.7825
4431,4.4413
4432,4.6534
4433,4.1879
4434,4.7311
4435,4.4065
4436,4.6649
4437,4.9137
4438,3.9461
4439,4.5788
4440,3.3959
4441,4.242
4442,3.3685
4443,3.8155
4444,5.0808
4445,5.1823
4446,4.8829
4447,3.9765
4448,4.0811
4449,3.4433
4450,5.338
4451,3.7201
4452,5.1717
4453,4.8493
4454,4.8386
4455,4.2859
4456,4.9352
4457,5.1074
4458,4.6683
4459,4.6392
4460,3.637
4461,4.2008
4462,4.4491
4463,4.5728
4464,5.1664
4465,4.9597
4466,4.8923
4467,4.0009
4468,4.3744
4469,4.396
4470,4.4849
4471,4.9631
4472,3.668
4473,4.14
4474,4.4346
4475,4.802
4476,3.9379
4477,3.8626
4478,3.6096
4479,4.3589
4480,2.8173
4481,4.3139
4482,4.6819
4483,4.0403
4484,2.6051
4485,4.1806
4486,2.7989
4487,3.5756
4488,3.3406
4489,4.3978
4490,3.9078
4491,4.7635
4492,4.2146
4493,4.6272
4494,4.6561
4495,4.1601
4496,3.7254
4497,4.2219
4498,3.286
4499,3.5693
4500,4.8144
4501,3.5056
4502,3.194
4503,4.4245
4504,4.5879
4505,4.1082
4506,2.7692
4507,4.3068
4508,4.8606
4509,4.1223
4510,4.6279
4511,3.9463
4512,4.0682
4513,4.1
4514,4.517
4515,4.3921
4516,5.1015
4517,4.24
4518,4.0923
4519,5.0113
4520,5.0445
4521,4.4074
4522,4.575
4523,4.8565
4524,5.0774
4525,3.4632
4526,3.6391
4527,4.029
4528,4.0711
4529,2.6439
4530,4.6894
4531,3.8388
4532,4.5612
4533,4.7629
4534,4.2344
4535,4.5705
4536,4.5364
4537,3.6376
4538,4.1634
4539,3.2502
4540,4.4971
4541,5.4172
4542,3.6296
4543,4.5218
4544,4.4628
4545,4.35
4546,4.287
4547,4.4488
4548,4.7126
4549,4.5151
4550,4.534
4551,4.4514
4552,4.1542
4553,4.6288
4554,3.6633
4555,5.0027
4556,4.8529
4557,4.956
4558,4.7518
4559,3.8374
4560,4.9979
4561,4.3268
4562,4.4734
4563,4.0129
4564,3.9184
4565,3.9302
4566,4.6045
4567,4.2804
4568,4.62
4569,4.2863
4570,4.1334
4571,4.999
4572,4.609
4573,4.1802
4574,3.6262
4575,3.9183
4576,4.5905
4577,4.7888
4578,4.983
4579,3.9762
4580,3.5677
4581,4.6613
4582,3.9211
4583,4.1063
4584,4.0071
4585,4.527
4586,4.6596
4587,4.316
4588,5.2557
4589,4.2995
4590,4.1318
4591,3.986
4592,3.3522
4593,4.9547
4594,4.1791
4595,4.7599
4596,4.0715
4597,4.4874
4598,4.327
4599,3.7254
4600,4.2312
4601,4.6054
4602,5.5837
4603,4.8486
4604,3.8263
4605,4.3033
4606,4.3596
4607,4.7872
4608,3.8441
4609,4.5017
4610,4.3048
4611,4.4112
4612,4.7463
4613,4.7677
4614,4.2671
4615,4.8013
4616,3.8532
4617,4.7927
4618,4.65
4619,4.8483
4620,3.9482
4621,3.6958
4622,4.6283
4623,4.3731
4624,3.7729
4625,4.9062
4626,4.0602
4627,4.4115
4628,5.4169
4629,3.7147
4630,4.5957
4631,4.5803
4632,3.4073
4633,4.5993
4634,4.7709
4635,3.6827
4636,4.0174
4637,4.5953
4638,4.8611
4639,5.0366
4640,4.9684
4641,4.3751
4642,4.4279
4643,4.0614
4644,4.2872
4645,4.9435
4646,4.5401
4647,4.1198
4648,4.206
4649,3.3434
4650,5.1832
4651,4.6128
4652,4.9056
4653,3.0305
4654,4.356
4655,3.9702
4656,4.3818
4657,4.2892
4658,4.1365
4659,4.2229
4660,3.1181
4661,3.9249
4662,4.4806
4663,4.9117
4664,4.4001
4665,4.8496
4666,4.5273
4667,4.2991
4668,4.6045
4669,5.0547
4670,4.5958
4671,4.4828
4672,3.7534
4673,4.102
4674,4.3693
4675,4.5341
4676,3.8964
4677,3.2565
4678,3.2382
4679,4.6962
4680,4.8572
4681,3.5895
4682,4.2557
4683,4.383
4684,2.2677
4685,4.2769
4686,4.193
4687,4.7311
4688,4.133
4689,3.4417
4690,4.213
4691,4.1112
4692,3.5557
4693,3.365
4694,2.6789
4695,4.2561
4696,4.3352
4697,4.092
4698,4.8582
4699,4.2936
4700,4.5963
4701,3.8608
4702,4.8724
4703,5.1578
4704,5.1775
4705,4.5633
4706,4.7589
4707,4.7628
4708,4.4506
4709,3.4535
4710,5.1751
4711,4.3274
4712,4.8566
4713,3.8566
4714,4.8495
4715,4.7522
4716,4.416
4717,4.4694
4718,4.4481
4719,4.9736
4720,4.6929
4721,4.0975
4722,4.6813
4723,4.6996
4724,4.5523
4725,4.9419
4726,4.9087
4727,4.2389
4728,3.5624
4729,5.4304
4730,4.988
4731,4.4613
4732,4.0822
4733,5.005
4734,5.0705
4735,4.4909
4736,4.5739
4737,4.2042
4738,4.5952
4739,4.3954
4740,4.28
4741,4.4235
4742,4.3819
4743,5.6092
4744,4.0348
4745,4.4615
4746,4.1191
4747,4.191
4748,4.5883
4749,3.2809
4750,4.9127
4751,3.7306
4752,4.8969
4753,2.8391
4754,4.3249
4755,3.2699
4756,2.1209
4757,4.2523
4758,4.7205
4759,4.7272
4760,4.4422
4761,3.999
4762,4.4302
4763,3.7228
4764,5.205
4765,4.7855
4766,4.7832
4767,4.8392
4768,4.8802
4769,4.7084
4770,4.8091
4771,4.4402
4772,4.869
4773,5.1314
4774,4.3319
4775,4.4425
4776,4.9381
4777,5.1377
4778,2.3305
4779,4.9499
4780,5.3412
4781,4.6625
4782,4.772
4783,1.9447
4784,3.2401
4785,4.7674
4786,3.9644
4787,4.8163
4788,3.7738
4789,4.4068
4790,4.0197
4791,4.8154
4792,4.5083
4793,4.9279
4794,4.4581
4795,4.9247
4796,4.5897
4797,4.2956
4798,4.2456
4799,3.3314
4800,3.9968
4801,4.8502
4802,4.8107
4803,3.9946
4804,4.2366
4805,4.4286
4806,3.5643
4807,3.6509
4808,4.6797
4809,3.6539
4810,4.7617
4811,4.8954
4812,4.1354
4813,4.1393
4814,4.8316
4815,4.9764
4816,4.4942
4817,3.9692
4818,4.1528
4819,5.139
4820,3.6765
4821,5.0708
4822,4.244
4823,5.1032
4824,4.4111
4825,4.4285
4826,4.6292
4827,4.4082
4828,4.5592
4829,3.7422
4830,4.6728
4831,4.218
4832,3.827
4833,3.5232
4834,3.5454
4835,4.1346
4836,3.1251
4837,2.8273
4838,4.6173
4839,4.2511
4840,3.5179
4841,4.7333
4842,4.6479
4843,5.2875
4844,3.64
4845,4.2726
4846,4.6995
4847,3.5472
4848,3.9024
4849,4.9343
4850,4.9848
4851,4.9258
4852,4.1237
4853,4.7834
4854,3.5386
4855,4.6744
4856,4.2789
4857,3.8245
4858,4.6774
4859,4.5383
4860,4.9706
4861,4.0119
4862,4.2735
4863,5.0383
4864,5.0204
4865,4.8498
4866,4.6637
4867,4.892
4868,4.3558
4869,4.8056
4870,4.7521
4871,5.5933
4872,4.7668
4873,4.556
4874,4.3985
4875,4.9645
4876,4.3454
4877,4.8248
4878,4.2423
4879,5.1247
4880,4.9882
4881,4.4841
4882,4.1843
4883,4.693
4884,4.4081
4885,4.7061
4886,4.4836
4887,4.5261
4888,3.5001
4889,4.716
4890,3.3457
4891,4.2507
4892,3.9158
4893,4.2613
4894,4.0806
4895,3.735
4896,4.3191
4897,3.9017
4898,4.1726
4899,4.241
4900,2.9613
4901,3.638
4902,3.5901
4903,4.6554
4904,4.3959
4905,5.1001
4906,3.4341
4907,4.9768
4908,4.7897
4909,3.6848
4910,4.5667
4911,4.3138
4912,4.327
4913,4.9511
4914,4.4514
4915,4.4544
4916,3.459
4917,4.8151
4918,3.7418
4919,4.6379
4920,5.0958
4921,4.1901
4922,4.1104
4923,4.1804
4924,3.754
4925,5.1558
4926,4.4687
4927,3.7153
4928,4.5734
4929,4.3033
4930,4.092
4931,4.8905
4932,3.4494
4933,3.567
4934,4.0236
4935,4.5219
4936,4.2932
4937,5.1751
4938,4.384
4939,4.6563
4940,3.9635
4941,3.9893
4942,4.4521
4943,4.5019
4944,3.0945
4945,3.24
4946,3.8692
4947,3.1957
4948,2.8142
4949,3.1254
4950,3.1019
4951,3.6071
4952,4.2763
4953,3.9475
4954,3.4023
4955,4.2624
4956,3.8171
4957,3.795
4958,2.9086
4959,3.9839
4960,2.9158
4961,3.3318
4962,3.5353
4963,2.7126
4964,5.296
4965,5.2752
4966,3.7975
4967,4.3165
4968,4.2037
4969,4.4526
4970,4.8643
4971,4.5165
4972,2.4273
4973,3.8357
4974,4.7163
4975,3.533
4976,3.6257
4977,4.2392
4978,3.9723
4979,4.002
4980,2.6386
4981,2.3445
4982,3.2954
4983,3.9885
4984,2.3829
4985,4.2364
4986,4.9559
4987,2.6451
4988,4.3933
4989,4.3437
4990,2.6107
4991,4.2328
4992,4.103
4993,1.5751
4994,4.5865
4995,4.8045
4996,3.8812
4997,4.3543
4998,4.6972
4999,4.4911
5000,2.5998
5001,3.1423
5002,2.7026
5003,4.7215
5004,4.6681
5005,5.2036
5006,3.8793
5007,4.4414
5008,4.1866
5009,4.0908
5010,4.924
5011,3.9842
5012,4.8784
5013,4.5131
5014,3.711
5015,4.1813
5016,4.6414
5017,4.0402
5018,4.1697
5019,4.2315
5020,4.1974
5021,4.8363
5022,3.9866
5023,2.9981
5024,3.7322
5025,4.1358
5026,3.4799
5027,4.6784
5028,2.7521
5029,4.15
5030,2.4091
5031,4.5741
5032,4.0328
5033,4.6489
5034,4.6406
5035,4.4603
5036,4.472
5037,3.6459
5038,4.6913
5039,4.5852
5040,4.5538
5041,3.5827
5042,3.7498
5043,3.1151
5044,3.8857
5045,5.0265
5046,4.5692
5047,4.4496
5048,4.9838
5049,3.4358
5050,3.3993
5051,4.1342
5052,3.9108
5053,5.0799
5054,3.2683
5055,4.1981
5056,5.0213
5057,4.2081
5058,4.0191
5059,4.1463
5060,4.1778
5061,5.7405
5062,4.6558
5063,4.9932
5064,4.5561
5065,4.8153
5066,5.3846
5067,5.0768
5068,4.842
5069,4.6871
5070,3.5986
5071,5.6038
5072,4.4621
5073,3.6975
5074,4.4052
5075,3.2726
5076,4.8342
5077,4.5317
5078,4.0921
5079,2.078
5080,2.618
5081,4.9675
5082,2.5467
5083,2.6918
5084,4.2191
5085,4.1458
5086,5.0634
5087,2.9363
5088,2.4275
5089,4.1551
5090,2.912
5091,3.7369
5092,2.8805
5093,5.5044
5094,4.8257
5095,4.5298
5096,3.8009
5097,2.1714
5098,4.1553
5099,3.7514
5100,3.655
5101,2.2247
5102,2.6027
5103,5.2444
5104,4.3912
5105,4.6572
5106,3.898
5107,4.3031
5108,2.1893
5109,4.2678
5110,3.2569
5111,3.6098
5112,3.7942
5113,3.5559
5114,2.8723
5115,3.4486
5116,3.9645
5117,2.2196
5118,1.9355
5119,3.0631
5120,4.5685
5121,4.6895
5122,4.3514
5123,3.5496
5124,4.6439
5125,3.4209
5126,3.0033
5127,4.6239
5128,4.0223
5129,4.267
5130,4.2545
5131,4.1935
5132,4.2333
5133,3.3938
5134,4.1646
5135,4.3494
5136,3.138
5137,2.7471
5138,2.2147
5139,3.5911
5140,3.3176
5141,1.9396
5142,4.566
5143,3.759
5144,3.8784
5145,3.9312
5146,3.5244
5147,3.3893
5148,2.7796
5149,3.4711
5150,3.1752
5151,4.1678
5152,4.9377
5153,3.8307
5154,4.1628
5155,4.1372
5156,3.3661
5157,2.1742
5158,3.0261
5159,4.6812
5160,2.5069
5161,4.4806
5162,4.5713
5163,2.8937
5164,3.144
5165,3.1589
5166,2.9945
5167,1.6245
5168,2.0702
5169,1.8068
5170,3.0113
5171,2.1912
5172,4.3971
5173,3.7028
5174,4.2465
5175,4.0428
5176,1.1958
5177,2.9063
5178,2.2977
5179,3.739
5180,3.0687
5181,2.7362
5182,1.7919
5183,4.4558
5184,2.3212
5185,1.7539
5186,1.3541
5187,4.3721
5188,4.2679
5189,1.0424
5190,3.8788
5191,1.3443
5192,3.8448
5193,3.76
5194,3.97
5195,4.6242
5196,3.0836
5197,2.8977
5198,2.5001
5199,3.3541
5200,3.0207
5201,4.428
5202,3.2761
5203,3.0351
5204,3.1098
5205,4.932
5206,3.8984
5207,4.2486
5208,2.3122
5209,4.2279
5210,2.4726
5211,1.9371
5212,2.4065
5213,2.9967
5214,2.6428
5215,4.2919
5216,4.4705
5217,4.0857
5218,3.8855
5219,4.0362
5220,4.2622
5221,3.3349
5222,3.9604
5223,4.2431
5224,3.4338
5225,3.2285
5226,4.6403
5227,2.9108
5228,2.9341
5229,3.3575
5230,3.175
5231,3.2241
5232,4.3509
5233,2.4952
5234,4.117
5235,4.6097
5236,4.3511
5237,2.1516
5238,4.3495
5239,4.097
5240,2.3798
5241,3.8158
5242,3.0719
5243,5.0059
5244,2.0065
5245,3.3113
5246,3.6852
5247,2.187
5248,4.5249
5249,1.7888
5250,4.5355
5251,2.5946
5252,4.0537
5253,1.7415
5254,5.0363
5255,2.8102
5256,2.4807
5257,3.7244
5258,3.7189
5259,3.1601
5260,4.4264
5261,4.3168
5262,2.4387
5263,2.128
5264,4.2858
5265,4.2898
5266,4.6102
5267,3.4835
5268,4.0433
5269,3.3276
5270,4.8532
5271,4.4146
5272,4.4825
5273,4.7257
5274,3.8698
5275,4.8524
5276,3.881
5277,4.1596
5278,5.2592
5279,4.1183
5280,4.2435
5281,4.8408
5282,5.1938
5283,3.2595
5284,3.1716
5285,4.709
5286,5.0939
5287,3.0398
5288,3.0571
5289,4.2621
5290,3.5581
5291,3.9149
5292,4.2098
5293,4.1628
5294,4.6645
5295,3.4381
5296,3.2989
5297,3.9762
5298,2.6446
5299,4.0855
5300,5.3089
5301,4.7304
5302,3.8537
5303,3.5123
5304,4.7708
5305,4.503
5306,3.8467
5307,2.7159
5308,4.0231
5309,3.228
5310,4.9244
5311,2.3767
5312,2.2079
5313,2.19
5314,4.9727
5315,3.5361
5316,1.8636
5317,3.6552
5318,3.8089
5319,3.949
5320,1.9721
5321,1.9669
5322,4.9404
5323,1.7279
5324,1.2316
5325,1.6545
5326,4.2106
5327,3.4492
5328,5.0383
5329,1.6627
5330,2.733
5331,4.1454
5332,3.4575
5333,3.0615
5334,4.6387
5335,4.5556
5336,3.5829
5337,4.137
5338,3.06
5339,2.4696
5340,2.7152
5341,2.2405
5342,4.479
5343,3.1363
5344,3.7025
5345,3.2052
5346,4.7352
5347,3.7532
5348,4.7339
5349,4.5906
5350,4.9175
5351,2.6663
5352,4.0518
5353,3.9267
5354,4.397
5355,5.212
5356,4.1964
5357,4.571
5358,2.2561
5359,2.2299
5360,4.7009
5361,4.0653
5362,4.5236
5363,2.6179
5364,3.2551
5365,2.7635
5366,3.5946
5367,2.1953
5368,2.2085
5369,1.6165
5370,4.1215
5371,3.6488
5372,5.0116
5373,2.74
5374,4.1274
5375,4.1698
5376,4.7579
5377,3.7726
5378,3.1919
5379,3.6898
5380,5.4278
5381,4.5451
5382,3.2991
5383,4.1734
5384,3.8532
5385,4.8395
5386,4.9368
5387,4.6588
5388,4.5488
5389,3.6096
5390,4.3527
5391,5.0008
5392,5.0862
5393,5.0904
5394,5.3852
5395,4.7109
5396,2.742
5397,3.6092
5398,4.5972
5399,4.6589
5400,3.2908
5401,4.7124
5402,4.4103
5403,4.8533
5404,3.7771
5405,4.3156
5406,3.9219
5407,4.5267
5408,4.5045
5409,4.596
5410,4.2812
5411,4.1905
5412,4.7369
5413,3.405
5414,4.2961
5415,5.5491
5416,4.6331
5417,5.2361
5418,5.2567
5419,4.5981
5420,5.3841
5421,4.7312
5422,4.6677
5423,4.9663
5424,3.4346
5425,4.7347
5426,4.4127
5427,4.1485
5428,5.3064
5429,4.3394
5430,4.581
5431,4.7182
5432,3.9169
5433,4.4152
5434,3.9067
5435,4.4324
5436,4.2546
5437,4.9369
5438,4.4713
5439,3.9964
5440,4.5642
5441,3.4193
5442,4.3369
5443,4.1117
5444,4.2554
5445,4.8916
5446,4.7118
5447,3.7628
5448,4.8159
5449,5.457
5450,4.7209
5451,5.017
5452,4.513
5453,4.5584
5454,4.5999
5455,3.9926
5456,4.2844
5457,2.171
5458,3.3797
5459,3.7816
5460,5.6211
5461,3.9677
5462,4.5284
5463,4.3038
5464,4.3742
5465,5.3454
5466,5.2269
5467,5.0234
5468,5.0078
5469,3.5805
5470,4.3807
5471,4.1699
5472,4.3351
5473,4.8678
5474,4.307
5475,3.548
5476,3.594
5477,4.785
5478,5.5271
5479,4.7435
5480,2.676
5481,3.933
5482,1.9755
5483,4.7171
5484,3.8598
5485,3.5125
5486,4.684
5487,3.6792
5488,5.1842
5489,3.9396
5490,4.3689
5491,3.282
5492,5.5175
5493,4.3679
5494,4.7916
5495,3.8977
5496,4.3484
5497,4.1497
5498,5.3699
5499,4.8937
5500,4.96
5501,5.4604
5502,4.8453
5503,4.8655
5504,5.059
5505,3.9338
5506,4.3638
5507,5.049
5508,4.5068
5509,3.0251
5510,4.8825
5511,4.372
5512,3.8386
5513,4.8991
5514,3.9469
5515,4.3553
5516,4.4395
5517,4.808
5518,5.1657
5519,4.7782
5520,4.0599
5521,5.3347
5522,4.7321
5523,3.4454
5524,3.6409
5525,5.0535
5526,5.0034
5527,5.0126
5528,4.8948
5529,4.6055
5530,4.7919
5531,4.5747
5532,4.3347
5533,3.7322
5534,5.0396
5535,5.3845
5536,3.8732
5537,4.8494
5538,3.4067
5539,4.5225
5540,4.8614
5541,2.8137
5542,5.2255
5543,4.7978
5544,4.7123
5545,4.1814
5546,5.0517
5547,4.7591
5548,4.9934
5549,5.1095
5550,4.3693
5551,4.3866
5552,5.187
5553,4.3147
5554,5.0632
5555,4.6098
5556,3.8754
5557,3.5099
5558,5.1513
5559,3.0397
5560,2.4792
5561,3.7115
5562,4.4162
5563,5.2796
5564,5.0428
5565,5.1231
5566,4.4261
5567,4.1506
5568,2.5497
5569,5.215
5570,4.7729
5571,4.8526
5572,4.6929
5573,2.8051
5574,4.4065
5575,2.6552
5576,3.6191
5577,5.4349
5578,3.9925
5579,2.7287
5580,4.8213
5581,2.1415
5582,4.7999
5583,4.4884
5584,4.2856
5585,4.2097
5586,1.416
5587,2.0435
5588,5.2059
5589,5.5094
5590,3.05
5591,5.2607
5592,5.1706
5593,3.2269
5594,4.4612
5595,4.197
5596,4.6182
5597,4.6761
5598,5.2024
5599,3.5989
5600,2.8734
5601,3.8814
5602,4.1183
5603,4.4734
5604,5.4763
5605,3.7254
5606,2.7404
5607,4.5139
5608,4.1204
5609,2.6445
5610,4.7264
5611,4.3933
5612,5.3653
5613,4.3828
5614,4.5903
5615,3.3117
5616,4.7765
5617,4.2895
5618,5.3771
5619,5.1371
5620,5.3188
5621,5.124
5622,2.8618
5623,4.9869
5624,2.563
5625,3.1484
5626,1.6961
5627,4.8596
5628,4.1995
5629,4.7699
5630,5.1689
5631,4.0988
5632,4.8774
5633,3.9332
5634,4.9411
5635,4.9381
5636,5.0142
5637,4.6406
5638,4.5089
5639,4.2536
5640,4.1867
5641,3.0313
5642,4.9358
5643,4.4674
5644,4.1385
5645,4.8149
5646,5.4552
5647,4.4031
5648,2.4353
5649,2.2644
5650,4.5954
5651,3.8603
5652,4.9421
5653,4.4341
5654,3.9638
5655,5.2331
5656,3.4617
5657,4.977
5658,4.4778
5659,4.448
5660,4.8047
5661,4.4909
5662,4.9001
5663,4.609
5664,4.8063
5665,4.7001
5666,3.5918
5667,2.328
5668,4.2762
5669,3.9267
5670,4.2276
5671,3.7307
5672,4.4797
5673,4.1088
5674,4.6214
5675,4.7404
5676,4.3085
5677,4.3479
5678,3.9034
5679,4.6922
5680,5.1839
5681,4.2657
5682,4.792
5683,4.2407
5684,2.5344
5685,5.0078
5686,2.8813
5687,4.3682
5688,3.8963
5689,4.0107
5690,5.4423
5691,4.6458
5692,4.7688
5693,3.8932
5694,4.822
5695,3.7956
5696,3.8684
5697,3.1211
5698,4.2629
5699,3.8481
5700,4.8066
5701,4.2305
5702,4.4879
5703,3.9027
5704,4.3211
5705,3.9067
5706,4.9659
5707,4.5727
5708,4.7511
5709,4.5744
5710,3.0434
5711,3.4954
5712,3.6929
5713,4.4891
5714,3.14
5715,3.8928
5716,3.3403
5717,3.4416
5718,5.5917
5719,3.0494
5720,3.6325
5721,4.157
5722,4.5778
5723,3.9763
5724,2.5409
5725,4.195
5726,3.6043
5727,4.4162
5728,3.567
5729,3.7243
5730,3.5445
5731,3.7228
5732,3.6578
5733,3.9714
5734,4.4283
5735,5.1973
5736,3.505
5737,4.8438
5738,4.3359
5739,3.2372
5740,6.2369
5741,4.5271
5742,4.9967
5743,4.5162
5744,4.6516
5745,4.7541
5746,4.844
5747,4.357
5748,4.8646
5749,4.207
5750,5.4242
5751,4.6342
5752,4.3258
5753,4.9537
5754,2.6233
5755,4.1427
5756,5.0693
5757,3.6915
5758,3.7475
5759,4.7881
5760,3.8055
5761,4.3401
5762,3.1154
5763,4.7178
5764,4.5597
5765,4.4594
5766,3.5833
5767,4.1853
5768,4.4257
5769,4.2623
5770,2.7414
5771,2.9785
5772,4.7939
5773,4.0493
5774,4.4734
5775,3.742
5776,4.8081
5777,3.7668
5778,3.8923
5779,3.6313
5780,4.6844
5781,4.563
5782,4.8808
5783,4.0362
5784,2.6205
5785,3.9416
5786,2.4137
5787,4.3061
5788,4.4288
5789,3.2998
5790,4.5393
5791,3.6863
5792,4.6632
5793,2.8681
5794,3.5673
5795,2.607
5796,4.0977
5797,2.4883
5798,4.8002
5799,3.2687
5800,2.8011
5801,2.6868
5802,4.4977
5803,4.1975
5804,4.9271
5805,1.9736
5806,3.4418
5807,4.9628
5808,1.8541
5809,4.0553
5810,4.0044
5811,2.8661
5812,3.9073
5813,3.162
5814,3.944
5815,3.3642
5816,2.4225
5817,4.448
5818,2.2626
5819,4.0106
5820,3.7396
5821,3.9624
5822,4.86
5823,2.8318
5824,3.5669
5825,4.5264
5826,2.9792
5827,3.2411
5828,3.4211
5829,4.7266
5830,2.6417
5831,4.4439
5832,3.4091
5833,4.0322
5834,3.9118
5835,3.8686
5836,1.9026
5837,4.6334
5838,5.0288
5839,4.5159
5840,4.5848
5841,5.1035
5842,3.9992
5843,4.6057
5844,5.2878
5845,2.5142
5846,4.9374
5847,3.7671
5848,4.3276
5849,3.2684
5850,4.8994
5851,5.1082
5852,3.0299
5853,4.5463
5854,4.3719
5855,3.5789
5856,5.4224
5857,5.1642
5858,5.522
5859,2.9777
5860,3.7439
5861,4.8015
5862,4.8202
5863,5.1222
5864,5.1429
5865,3.0942
5866,4.8829
5867,3.8265
5868,4.6924
5869,4.152
5870,4.8908
5871,4.7323
5872,4.7795
5873,4.2094
5874,4.8947
5875,4.2936
5876,5.3389
5877,3.9101
5878,2.6836
5879,1.7518
5880,4.242
5881,4.3736
5882,4.4494
5883,3.8583
5884,4.3707
5885,3.828
5886,4.0214
5887,3.267
5888,1.9753
5889,3.9296
5890,3.5499
5891,3.4546
5892,3.2808
5893,4.2761
5894,4.6352
5895,4.5668
5896,4.8125
5897,3.2745
5898,4.0096
5899,3.1718
5900,5.2445
5901,2.5574
5902,3.6483
5903,4.1807
5904,4.3261
5905,3.4432
5906,3.338
5907,4.62
5908,3.4871
5909,4.3285
5910,4.2145
5911,3.7614
5912,4.2481
5913,4.4288
5914,4.7157
5915,2.9287
5916,3.3181
5917,3.4705
5918,2.4619
5919,3.4606
5920,4.611
5921,4.822
5922,2.9186
5923,4.4265
5924,4.4325
5925,4.2614
5926,4.2319
5927,4.964
5928,2.9769
5929,4.517
5930,4.1617
5931,3.1995
5932,4.1172
5933,4.9923
5934,3.7423
5935,3.894
5936,4.2209
5937,4.5664
5938,4.5776
5939,3.7186
5940,4.6305
5941,4.5197
5942,4.9014
5943,4.2785
5944,4.9057
5945,4.2202
5946,4.286
5947,3.9978
5948,4.7318
5949,4.237
5950,4.2862
5951,4.207
5952,5.1794
5953,4.3313
5954,3.9377
5955,4.6674
5956,4.5891
5957,5.1604
5958,4.3797
5959,3.4934
5960,4.598
5961,3.9051
5962,4.0322
5963,3.8249
5964,4.4414
5965,3.5881
5966,4.6519
5967,4.2289
5968,4.4864
5969,4.2335
5970,4.0885
5971,4.605
5972,2.3661
5973,4.4554
5974,5.1858
5975,4.4188
5976,4.3563
5977,3.9828
5978,3.8458
5979,3.3353
5980,4.3092
5981,4.7142
5982,2.6314
5983,3.6015
5984,4.5622
5985,4.4328
5986,3.871
5987,3.984
5988,4.9696
5989,3.1199
5990,4.0795
5991,4.7075
5992,4.2513
5993,5.261
5994,4.7502
5995,3.2634
5996,4.1571
5997,4.2409
5998,5.2376
5999,4.2253
6000,4.1587
6001,3.8832
6002,4.5016
6003,3.9103
6004,2.8424
6005,4.9062
6006,3.9746
6007,3.8142
6008,5.0739
6009,4.8652
6010,4.8145
6011,4.2572
6012,5.2652
6013,2.8837
6014,5.0829
6015,4.7746
6016,5.0424
6017,4.9484
6018,3.1365
6019,4.1289
6020,4.6259
6021,4.6327
6022,2.5125
6023,3.6579
6024,4.4141
6025,4.4633
6026,4.9049
6027,4.2032
6028,4.9818
6029,5.3345
6030,4.7886
6031,3.3651
6032,2.8817
6033,4.4935
6034,3.1914
6035,4.7598
6036,4.5099
6037,4.1444
6038,4.645
6039,3.6619
6040,3.7689
6041,4.2361
6042,2.8591
6043,5.2217
6044,4.5535
6045,4.323
6046,4.7762
6047,4.5642
6048,4.7174
6049,4.7186
6050,5.0714
6051,4.686
6052,4.8214
6053,4.1797
6054,4.0031
6055,4.5249
6056,2.9303
6057,4.8391
6058,5.1105
6059,4.6045
6060,5.2602
6061,4.532
6062,4.3448
6063,4.2693
6064,5.0407
6065,3.552
6066,3.7001
6067,4.168
6068,4.7568
6069,5.3252
6070,5.2074
6071,4.4198
6072,5.2275
6073,4.1255
6074,4.9911
6075,4.6022
6076,5.0172
6077,4.835
6078,5.135
6079,3.7535
6080,3.5423
6081,4.1981
6082,3.7932
6083,3.3069
6084,4.8596
6085,4.8798
6086,4.9669
6087,5.0398
6088,4.5793
6089,4.7963
6090,4.5478
6091,2.9843
6092,5.0379
6093,4.4116
6094,4.6517
6095,2.942
6096,3.7955
6097,5.1264
6098,4.4674
6099,4.8694
6100,4.2435
6101,4.4942
6102,5.0338
6103,4.0031
6104,4.1843
6105,4.7906
6106,5.0017
6107,5.0255
6108,4.6667
6109,4.5696
6110,4.7251
6111,4.3277
6112,3.8903
6113,5.025
6114,4.6891
6115,5.4685
6116,5.187
6117,4.0534
6118,3.7637
6119,5.1187
6120,3.783
6121,4.9798
6122,4.9169
6123,4.8597
6124,4.9496
6125,2.6617
6126,5.1336
6127,4.5681
6128,3.6982
6129,4.4261
6130,5.0097
6131,4.5209
6132,4.3381
6133,4.2851
6134,4.863
6135,3.1735
6136,4.6135
6137,4.0987
6138,4.6944
6139,5.0096
6140,5.0434
6141,4.8794
6142,4.3859
6143,4.3178
6144,4.432
6145,4.7613
6146,3.9218
6147,4.405
6148,4.8661
6149,4.1686
6150,4.5584
6151,4.6815
6152,4.6573
6153,4.4886
6154,4.5863
6155,3.8644
6156,4.9562
6157,4.2886
6158,4.348
6159,5.0049
6160,4.4692
6161,3.8661
6162,4.7329
6163,5.0453
6164,4.8099
6165,3.7624
6166,4.6649
6167,4.2651
6168,3.4739
6169,4.9376
6170,5.0395
6171,4.4012
6172,5.1558
6173,4.6259
6174,4.8428
6175,4.9498
6176,4.4319
6177,3.6874
6178,4.7657
6179,4.4438
6180,5.0525
6181,4.3541
6182,4.4109
6183,4.4251
6184,4.4294
6185,4.4794
6186,4.7596
6187,4.7772
6188,4.7913
6189,4.6193
6190,4.3851
6191,4.4695
6192,4.0213
6193,4.148
6194,4.8619
6195,5.2248
6196,4.9983
6197,4.2599
6198,4.0823
6199,3.6486
6200,2.3005
6201,4.1124
6202,3.721
6203,2.2314
6204,3.1734
6205,2.7331
6206,2.7705
6207,1.7889
6208,2.449
6209,4.2285
6210,4.0765
6211,3.3353
6212,2.5986
6213,2.2504
6214,1.9109
6215,4.8786
6216,1.5812
6217,2.8987
6218,4.6324
6219,3.9098
6220,4.5561
6221,3.0131
6222,3.1495
6223,4.5287
6224,4.332
6225,3.8396
6226,4.2726
6227,2.5957
6228,3.6975
6229,4.5116
6230,3.157
6231,4.3197
6232,2.8997
6233,3.5221
6234,3.0241
6235,3.7071
6236,2.625
6237,4.2022
6238,2.8071
6239,3.5429
6240,5.0544
6241,4.1761
6242,4.2445
6243,4.3758
6244,2.53
6245,2.0731
6246,3.9947
6247,4.9003
6248,3.5436
6249,3.743
6250,4.0683
6251,3.1569
6252,4.6191
6253,3.8722
6254,2.8707
6255,3.2183
6256,4.1241
6257,3.1833
6258,4.4592
6259,4.1806
6260,4.7116
6261,4.5484
6262,4.6828
6263,4.1694
6264,4.5529
6265,3.1014
6266,3.5014
6267,2.4115
6268,3.5423
6269,3.8168
6270,4.6391
6271,4.1998
6272,2.1311
6273,3.4583
6274,1.5635
6275,2.3715
6276,1.8773
6277,2.9671
6278,1.2731
6279,2.6082
6280,4.1503
6281,1.6567
6282,2.5053
6283,1.6776
6284,3.2932
6285,2.5325
6286,1.3815
6287,2.9106
6288,2.5508
6289,2.4417
6290,2.1509
6291,2.0337
6292,2.2656
6293,3.4559
6294,2.9973
6295,2.5426
6296,2.7076
6297,3.4857
6298,1.4266
6299,1.1996
6300,1.0341
6301,1.6069
6302,2.3356
6303,1.5414
6304,2.2612
6305,1.7924
6306,1.3316
6307,3.7016
6308,3.1871
6309,1.8973
6310,1.2466
6311,1.2258
6312,2.5565
6313,2.0709
6314,4.1306
6315,3.1305
6316,3.761
6317,3.6412
6318,3.1894
6319,1.467
6320,1.3062
6321,1.0551
6322,2.2095
6323,2.5906
6324,4.5044
6325,1.9552
6326,3.4691
6327,1.5284
6328,2.3032
6329,1.5557
6330,0.8986
6331,3.8615
6332,1.6529
6333,1.2394
6334,5.063
6335,1.9409
6336,2.2225
6337,3.5013
6338,4.9945
6339,4.4966
6340,3.4848
6341,3.0808
6342,4.11
6343,3.6986
6344,1.8386
6345,3.1471
6346,1.561
6347,3.5755
6348,1.7774
6349,4.4024
6350,3.3838
6351,2.9354
6352,2.4234
6353,1.8257
6354,2.3862
6355,2.3403
6356,3.2304
6357,3.4747
6358,2.0485
6359,1.0429
6360,4.517
6361,3.535
6362,1.9522
6363,1.4223
6364,4.3235
6365,2.2377
6366,1.1273
6367,1.0802
6368,3.1485
6369,3.9172
6370,3.3034
6371,1.7857
6372,1.9429
6373,5.0196
6374,1.5747
6375,1.2774
6376,1.6914
6377,4.4973
6378,2.2009
6379,2.5649
6380,4.1682
6381,3.8032
6382,4.1545
6383,2.479
6384,1.5503
6385,5.3311
6386,2.9883
6387,2.9272
6388,4.0457
6389,5.3893
6390,5.1902
6391,4.4266
6392,4.3162
6393,3.6134
6394,4.2775
6395,3.5766
6396,3.5455
6397,1.9982
6398,1.807
6399,1.9109
6400,2.0484
6401,1.7792
6402,1.7581
6403,1.7611
6404,3.1272
6405,3.4214
6406,1.928
6407,1.5287
6408,4.9584
6409,5.2335
6410,2.4469
6411,1.4744
6412,4.3811
6413,1.8208
6414,1.2394
6415,1.0239
6416,4.8921
6417,2.6402
6418,4.5326
6419,4.1535
6420,4.8355
6421,4.2332
6422,2.7527
6423,2.3269
6424,1.6165
6425,4.7076
6426,2.6331
6427,3.4953
6428,3.6546
6429,3.8976
6430,2.4603
6431,2.6574
6432,4.6536
6433,3.8841
6434,2.005
6435,3.0782
6436,2.8409
6437,4.488
6438,2.1367
6439,4.1871
6440,1.7055
6441,2.9063
6442,3.7033
6443,3.1217
6444,1.9205
6445,2.9212
6446,4.0846
6447,2.5191
6448,1.8296
6449,4.0216
6450,5.3612
6451,3.908
6452,3.7708
6453,3.193
6454,1.6405
6455,3.0819
6456,2.9491
6457,4.767
6458,4.1547
6459,2.8109
6460,4.9687
6461,2.4104
6462,2.9067
6463,2.8481
6464,5.1353
6465,4.3323
6466,2.2351
6467,4.564
6468,4.254
6469,2.085
6470,1.9308
6471,3.4647
6472,1.8721
6473,4.4397
6474,4.6838
6475,4.5567
6476,4.174
6477,4.6864
6478,3.9967
6479,3.9026
6480,3.4357
6481,5.0752
6482,4.286
6483,3.8592
6484,3.8642
6485,2.8778
6486,3.7115
6487,4.8059
6488,3.834
6489,3.4699
6490,3.5878
6491,4.8902
6492,4.3337
6493,3.0249
6494,3.0127
6495,4.3861
6496,3.824
6497,3.9985
6498,4.722
6499,5.1745
6500,2.6939
6501,4.518
6502,4.0527
6503,4.0462
6504,4.0391
6505,3.7064
6506,3.8351
6507,3.4206
6508,3.1485
6509,4.0364
6510,4.6873
6511,3.016
6512,4.584
6513,4.7886
6514,4.3541
6515,4.8116
6516,5.1051
6517,2.4627
6518,4.4464
6519,4.7933
6520,4.8351
6521,4.7865
6522,4.7039
6523,4.7369
6524,5.0902
6525,4.2419
6526,4.0306
6527,4.4796
6528,4.4467
6529,4.8063
6530,3.9454
6531,4.113
6532,3.2865
6533,4.8151
6534,3.0395
6535,1.8457
6536,2.1119
6537,1.8175
6538,2.98
6539,2.4175
6540,2.8726
6541,2.5629
6542,2.6508
6543,1.5016
6544,2.9472
6545,1.4413
6546,1.7065
6547,4.5355
6548,3.8271
6549,2.3757
6550,2.3111
6551,1.8397
6552,1.898
6553,2.5749
6554,1.4407
6555,3.3135
6556,2.1024
6557,1.3158
6558,1.3726
6559,3.1758
6560,1.4446
6561,1.79
6562,4.4245
6563,5.1401
6564,5.2563
6565,4.7211
6566,4.4757
6567,4.9883
6568,4.4557
6569,3.4534
6570,3.8092
6571,4.0308
6572,2.5791
6573,4.1024
6574,4.1001
6575,4.3897
6576,4.1957
6577,4.3779
6578,4.9182
6579,5.0505
6580,3.0513
6581,3.5054
6582,3.7517
6583,3.9229
6584,4.3488
6585,3.8386
6586,2.9972
6587,4.0278
6588,4.1957
6589,4.3477
6590,4.1447
6591,3.772
6592,1.7258
6593,3.4469
6594,4.2318
6595,4.728
6596,2.3437
6597,2.9087
6598,3.1434
6599,3.3114
6600,3.3585
6601,5.1136
6602,5.0126
6603,3.801
6604,2.8216
6605,3.1078
6606,5.1012
6607,3.7124
6608,3.5301
6609,4.6706
6610,2.2804
6611,4.0634
6612,4.1175
6613,1.9725
6614,2.2912
6615,4.5716
6616,2.3324
6617,5.2579
6618,4.9919
6619,1.9025
6620,6.0527
6621,4.4899
6622,4.8671
6623,2.5236
6624,4.8983
6625,4.5021
6626,2.2558
6627,1.4839
6628,4.2798
6629,3.543
6630,3.9479
6631,3.5415
6632,3.6466
6633,3.3118
6634,3.3218
6635,4.0606
6636,2.5029
6637,2.8116
6638,3.085
6639,4.6044
6640,4.7478
6641,4.5452
6642,4.5524
6643,3.248
6644,4.9321
6645,1.7262
6646,3.8461
6647,1.7234
6648,5.0951
6649,4.9227
6650,2.5412
6651,2.6279
6652,4.6469
6653,4.182
6654,2.2113
6655,5.0574
6656,5.3605
6657,4.5561
6658,3.4767
6659,5.5668
6660,4.5422
6661,3.6773
6662,3.457
6663,5.0644
6664,1.6569
6665,2.4385
6666,3.0046
6667,4.4429
6668,4.9476
6669,5.0536
6670,4.5587
6671,3.0531
6672,2.5963
6673,5.2282
6674,4.7861
6675,4.7801
6676,4.0889
6677,3.8371
6678,1.7914
6679,2.485
6680,3.1348
6681,4.5214
6682,5.3357
6683,3.2389
6684,4.9371
6685,4.5423
6686,4.2694
6687,4.3173
6688,1.6741
6689,4.6465
6690,2.0657
6691,2.211
6692,2.5057
6693,4.6753
6694,3.5551
6695,4.6761
6696,4.1263
6697,3.3697
6698,4.2159
6699,2.2277
6700,3.1962
6701,2.1481
6702,4.6526
6703,4.0221
6704,4.956
6705,4.3669
6706,4.211
6707,2.4888
6708,1.5716
6709,3.0647
6710,1.7846
6711,1.8733
6712,1.2298
6713,1.432
6714,3.574
6715,4.1389
6716,0.7982
6717,3.391
6718,2.2899
6719,5.6675
6720,2.3452
6721,2.6579
6722,2.4767
6723,1.1914
6724,3.0351
6725,2.6306
6726,1.5747
6727,1.2657
6728,4.691
6729,4.4401
6730,3.8036
6731,4.5876
6732,4.263
6733,3.577
6734,4.0557
6735,4.9058
6736,4.0901
6737,4.0979
6738,2.254
6739,4.2088
6740,4.7722
6741,5.4514
6742,4.695
6743,4.3591
6744,4.685
6745,4.915
6746,4.1909
6747,4.4321
6748,4.4715
6749,3.3453
6750,3.3739
6751,4.6221
6752,4.6685
6753,4.797
6754,5.493
6755,4.2128
6756,4.3019
6757,4.6825
6758,3.3861
6759,4.9496
6760,4.5987
6761,5.0844
6762,4.5252
6763,4.3202
6764,4.0731
6765,5.1338
6766,5.3359
6767,3.3211
6768,4.0721
6769,4.1947
6770,4.4814
6771,4.7394
6772,4.3722
6773,3.916
6774,3.2646
6775,4.4922
6776,4.6563
6777,2.7793
6778,4.1749
6779,5.6235
6780,4.9713
6781,4.3274
6782,4.5862
6783,3.8344
6784,2.7604
6785,3.1451
6786,4.2647
6787,4.4591
6788,3.8634
6789,2.9223
6790,3.5518
6791,4.647
6792,4.9755
6793,4.2496
6794,2.2847
6795,4.2994
6796,3.1952
6797,4.2086
6798,3.8438
6799,2.5828
6800,4.5954
6801,4.7944
6802,5.0281
6803,4.9547
6804,3.0556
6805,2.5553
6806,4.2498
6807,2.9295
6808,3.9745
6809,4.8127
6810,4.1684
6811,2.6465
6812,4.5307
6813,4.4927
6814,4.474
6815,4.0306
6816,5.0488
6817,3.4758
6818,4.2211
6819,2.9614
6820,4.4887
6821,5.116
6822,5.0918
6823,4.5841
6824,4.6838
6825,4.9508
6826,4.4964
6827,2.7554
6828,4.6525
6829,4.3842
6830,3.7358
6831,4.5416
6832,4.3822
6833,2.9275
6834,4.8169
6835,4.7738
6836,4.784
6837,4.4091
6838,2.5049
6839,3.6928
6840,3.2716
6841,3.7983
6842,5.435
6843,4.0368
6844,4.2461
6845,4.5875
6846,4.2478
6847,4.8922
6848,5.0457
6849,4.5065
6850,5.2308
6851,2.8593
6852,4.2958
6853,4.3461
6854,4.0732
6855,4.3206
6856,4.7849
6857,4.6846
6858,4.1415
6859,4.6199
6860,4.5086
6861,3.8222
6862,5.2959
6863,3.4336
6864,4.6605
6865,3.2245
6866,4.7545
6867,4.4726
6868,4.3997
6869,3.8406
6870,3.028
6871,4.0694
6872,4.6948
6873,4.1534
6874,3.8363
6875,4.6157
6876,4.4529
6877,4.1123
6878,3.9299
6879,4.8016
6880,4.2792
6881,3.3692
6882,3.2983
6883,4.377
6884,5.0353
6885,5.0367
6886,4.7276
6887,4.532
6888,4.8281
6889,4.766
6890,3.889
6891,3.6609
6892,5.6324
6893,4.3751
6894,4.8092
6895,4.9711
6896,4.2945
6897,5.0833
6898,4.1281
6899,3.8067
6900,4.182
6901,4.5672
6902,4.0441
6903,4.1657
6904,3.9828
6905,5.1908
6906,4.6065
6907,4.7554
6908,4.616
6909,4.8776
6910,5.2857
6911,4.5392
6912,3.8058
6913,4.3999
6914,4.2561
6915,4.4433
6916,3.8249
6917,4.1872
6918,4.6029
6919,4.4909
6920,4.5729
6921,4.4323
6922,3.8141
6923,3.32
6924,3.4927
6925,4.8858
6926,4.498
6927,5.2714
6928,5.201
6929,4.519
6930,5.2422
6931,3.4246
6932,4.9463
6933,4.4253
6934,4.7297
6935,4.6292
6936,4.6708
6937,3.7129
6938,4.2271
6939,4.2317
6940,3.9426
6941,4.2375
6942,4.1344
6943,4.7264
6944,3.6095
6945,4.5585
6946,4.0676
6947,4.7324
6948,4.5931
6949,3.8396
6950,3.5818
6951,4.7508
6952,4.0183
6953,4.4091
6954,4.4186
6955,3.5834
6956,4.3754
6957,4.7281
6958,3.6234
6959,4.2327
6960,5.2242
6961,4.9074
6962,3.2984
6963,4.5962
6964,4.7956
6965,4.9275
6966,4.2828
6967,4.2223
6968,4.7989
6969,4.8018
6970,4.5559
6971,3.3618
6972,4.208
6973,4.7396
6974,4.4492
6975,4.9124
6976,4.8724
6977,3.4895
6978,4.1518
6979,4.6558
6980,5.167
6981,4.3251
6982,4.1278
6983,4.0584
6984,3.0593
6985,3.5953
6986,5.4606
6987,4.6756
6988,4.7712
6989,5.1559
6990,5.0843
6991,4.5427
6992,5.0901
6993,4.8346
6994,4.1939
6995,4.3232
6996,5.1944
6997,3.985
6998,4.1801
6999,4.8339
7000,4.5608
7001,4.6763
7002,4.4197
7003,4.8047
7004,4.7718
7005,5.019
7006,4.6249
7007,4.7925
7008,4.9505
7009,4.9825
7010,4.8903
7011,4.9612
7012,4.2506
7013,3.8322
7014,5.0533
7015,4.6701
7016,4.9053
7017,4.1453
7018,4.569
7019,4.9202
7020,4.7331
7021,4.1911
7022,4.7836
7023,6.579
7024,4.3811
7025,4.904
7026,3.487
7027,5.0824
7028,5.0213
7029,4.9017
7030,3.8515
7031,4.6721
7032,4.7033
7033,3.3507
7034,5.1077
7035,3.3842
7036,5.0972
7037,5.0653
7038,4.4303
7039,4.9179
7040,4.6902
7041,5.1388
7042,4.6339
7043,4.6965
7044,4.1888
7045,4.6135
7046,3.5909
7047,4.4939
7048,4.7984
7049,4.6604
7050,4.1859
7051,4.8778
7052,2.5582
7053,4.081
7054,4.7477
7055,4.616
7056,4.4385
7057,4.1154
7058,4.4874
7059,4.8585
7060,4.8541
7061,4.2414
7062,4.4958
7063,4.673
7064,3.5696
7065,3.9331
7066,4.9039
7067,4.4138
7068,4.1188
7069,2.8619
7070,4.7293
7071,4.7765
7072,4.9736
7073,3.9744
7074,5.3035
7075,4.5132
7076,4.7542
7077,5.1356
7078,4.5077
7079,5.3704
7080,4.6244
7081,4.7927
7082,4.0688
7083,4.8536
7084,4.24
7085,4.5195
7086,4.3304
7087,3.1103
7088,2.0362
7089,3.9326
7090,4.3801
7091,2.6901
7092,3.6741
7093,4.2758
7094,4.2422
7095,4.9811
7096,5.549
7097,5.2145
7098,4.8737
7099,4.7821
7100,3.9465
7101,4.2908
7102,4.0525
7103,4.0426
7104,4.3634
7105,4.8839
7106,4.5656
7107,3.2699
7108,4.7539
7109,4.67
7110,5.096
7111,4.95
7112,4.4216
7113,4.3735
7114,4.8277
7115,4.0172
7116,4.9519
7117,5.0182
7118,4.9834
7119,4.6432
7120,4.9185
7121,4.9717
7122,4.2344
7123,3.6878
7124,4.5074
7125,3.4043
7126,4.568
7127,4.2974
7128,3.7297
7129,3.9519
7130,2.6143
7131,4.2104
7132,4.5165
7133,4.9128
7134,5.1449
7135,3.0747
7136,4.8565
7137,4.126
7138,3.5149
7139,4.3229
7140,4.4277
7141,4.62
7142,4.0164
7143,4.845
7144,3.6345
7145,4.524
7146,2.1446
7147,3.4706
7148,4.6789
7149,4.9302
7150,2.9514
7151,4.8229
7152,4.6692
7153,4.1053
7154,5.0238
7155,3.0439
7156,3.2705
7157,4.5142
7158,4.8682
7159,3.9366
7160,4.582
7161,4.3513
7162,3.9253
7163,5.4527
7164,4.5069
7165,3.949
7166,3.4622
7167,4.8555
7168,5.2035
7169,4.1752
7170,3.092
7171,3.635
7172,4.5762
7173,4.4744
7174,4.4351
7175,3.6664
7176,4.4841
7177,3.9945
7178,4.3875
7179,4.5938
7180,5.2783
7181,3.5339
7182,5.2767
7183,4.8384
7184,4.7257
7185,4.8941
7186,4.6924
7187,4.1503
7188,2.6214
7189,4.6283
7190,5.3381
7191,5.2209
7192,4.6962
7193,4.574
7194,4.0308
7195,5.0861
7196,4.7361
7197,4.7564
7198,4.7803
7199,3.5438
7200,3.7879
7201,3.5102
7202,4.9079
7203,3.8861
7204,4.766
7205,4.529
7206,4.7437
7207,4.9145
7208,4.4635
7209,4.3399
7210,4.8539
7211,4.361
7212,3.8074
7213,4.4934
7214,3.0077
7215,4.8305
7216,5.1974
7217,4.0908
7218,4.2844
7219,4.309
7220,4.2022
7221,5.1478
7222,4.8845
7223,5.3886
7224,4.7207
7225,4.8184
7226,4.6554
7227,4.0535
7228,3.9089
7229,4.1537
7230,4.9672
7231,4.6659
7232,4.7212
7233,4.6068
7234,4.7363
7235,4.2904
7236,3.0895
7237,4.3646
7238,3.3403
7239,4.1516
7240,4.8742
7241,4.2442
7242,4.515
7243,4.092
7244,4.0942
7245,3.8027
7246,5.4745
7247,4.3668
7248,4.0558
7249,4.2858
7250,4.6692
7251,4.5808
7252,3.984
7253,4.5448
7254,4.414
7255,4.3586
7256,4.7872
7257,4.5822
7258,4.3651
7259,4.9762
7260,4.8918
7261,4.0262
7262,4.8327
7263,5.0848
7264,4.9841
7265,4.2538
7266,4.669
7267,4.7979
7268,4.4427
7269,4.7047
7270,5.0061
7271,4.1299
7272,4.9315
7273,5.0305
7274,5.3101
7275,5.0493
7276,5.5191
7277,4.7772
7278,4.9657
7279,5.18
7280,4.8895
7281,4.6029
7282,4.5319
7283,4.8548
7284,5.1626
7285,4.5018
7286,4.7674
7287,4.3217
7288,4.832
7289,4.1521
7290,4.6133
7291,4.3553
7292,4.3
7293,4.8062
7294,4.4317
7295,5.0029
7296,4.1098
7297,4.7098
7298,4.43
7299,4.2835
7300,4.3627
7301,4.4741
7302,4.4326
7303,4.579
7304,4.7699
7305,4.6907
7306,4.797
7307,4.6341
7308,4.6047
7309,4.4875
7310,4.9409
7311,5.0453
7312,4.7184
7313,4.5087
7314,4.7249
7315,4.4447
7316,5.0926
7317,5.2797
7318,4.6263
7319,4.3729
7320,5.1415
7321,4.8106
7322,4.4588
7323,4.918
7324,4.5454
7325,4.5028
7326,4.5198
7327,4.9094
7328,4.313
7329,4.5174
7330,4.0772
7331,4.7328
7332,4.1769
7333,4.7655
7334,5.1035
7335,4.6772
7336,4.7569
7337,5.4563
7338,4.4266
7339,4.3751
7340,5.1511
7341,4.5305
7342,5.1461
7343,5.0137
7344,5.3408
7345,4.2088
7346,4.9608
7347,5.0886
7348,4.8507
7349,5.2595
7350,3.1449
7351,4.6429
7352,4.3138
7353,3.9862
7354,4.5426
7355,4.8813
7356,5.1929
7357,4.1712
7358,4.3435
7359,4.9783
7360,5.2011
7361,4.6957
7362,4.4526
7363,5.038
7364,4.9831
7365,4.6
7366,4.0902
7367,5.321
7368,4.3305
7369,4.4096
7370,5.0461
7371,4.8621
7372,4.8347
7373,4.8444
7374,4.2036
7375,4.8533
7376,4.7571
7377,4.735
7378,4.4025
7379,2.6364
7380,4.2333
7381,4.4703
7382,3.8524
7383,3.3455
7384,3.0136
7385,4.014
7386,4.3762
7387,5.3819
7388,4.5572
7389,4.405
7390,4.2219
7391,3.4475
7392,3.0433
7393,1.8737
7394,4.3362
7395,4.9742
7396,4.7335
7397,5.2443
7398,4.9765
7399,4.7021
7400,4.8964
7401,4.895
7402,3.5402
7403,4.5362
7404,3.1326
7405,3.4958
7406,4.8592
7407,3.2909
7408,4.4308
7409,3.3814
7410,3.198
7411,4.2027
7412,3.6681
7413,4.444
7414,5.2952
7415,4.9311
7416,5.0856
7417,4.3415
7418,4.1613
7419,4.0489
7420,4.0977
7421,3.5261
7422,4.3032
7423,4.7765
7424,4.7079
7425,4.7024
7426,3.9571
7427,3.5522
7428,4.9479
7429,4.8248
7430,2.7703
7431,5.0048
7432,3.2788
7433,3.5779
7434,4.9469
7435,3.6007
7436,4.0799
7437,4.7065
7438,3.549
7439,4.4624
7440,3.9009
7441,4.8425
7442,4.3526
7443,4.2654
7444,4.0863
7445,4.1056
7446,5.0142
7447,4.1866
7448,4.9264
7449,3.889
7450,4.5072
7451,3.3233
7452,3.9025
7453,2.9452
7454,3.1012
7455,4.317
7456,2.9956
7457,4.4292
7458,4.6851
7459,4.5907
7460,4.6141
7461,3.2369
7462,4.2057
7463,3.3987
7464,4.2678
7465,4.6688
7466,4.9412
7467,4.7616
7468,2.8902
7469,3.2437
7470,4.1163
7471,4.709
7472,4.8
7473,3.5742
7474,2.705
7475,3.7852
7476,3.691
7477,2.8439
7478,3.8021
7479,3.0324
7480,4.1532
7481,3.5727
7482,3.1002
7483,4.1797
7484,3.4428
7485,3.8213
7486,4.0629
7487,4.4851
7488,4.3487
7489,2.7781
7490,3.5282
7491,2.8575
7492,2.4963
7493,3.7601
7494,2.5354
7495,4.2698
7496,2.7669
7497,4.3464
7498,3.5185
7499,2.177
7500,2.1447
7501,3.4821
7502,2.4367
7503,1.7384
7504,4.6493
7505,2.4259
7506,3.9342
7507,4.0877
7508,2.231
7509,4.1266
7510,2.9936
7511,3.3178
7512,4.5904
7513,4.7725
7514,2.6067
7515,1.5659
7516,2.1551
7517,5.3472
7518,3.2775
7519,3.7586
7520,2.438
7521,4.2803
7522,4.0184
7523,4.6014
7524,2.46
7525,4.1155
7526,4.3525
7527,2.8675
7528,1.6377
7529,2.1565
7530,3.109
7531,3.2618
7532,2.4263
7533,2.1404
7534,3.8019
7535,4.5263
7536,2.1958
7537,4.285
7538,2.8025
7539,1.2766
7540,3.1893
7541,3.8428
7542,3.7162
7543,3.3818
7544,4.8046
7545,2.7525
7546,4.7429
7547,4.1749
7548,3.2851
7549,2.6179
7550,4.9671
7551,4.917
7552,4.6733
7553,3.1965
7554,2.6535
7555,2.7561
7556,1.6659
7557,4.1473
7558,4.5803
7559,4.1876
7560,3.763
7561,4.857
7562,4.2857
7563,4.0313
7564,5.0037
7565,3.2303
7566,4.8699
7567,2.2639
7568,3.3031
7569,4.8937
7570,4.0964
7571,4.1819
7572,3.745
7573,4.5022
7574,2.5111
7575,4.0015
7576,5.258
7577,4.5528
7578,4.2122
7579,2.9021
7580,4.4379
7581,3.8077
7582,2.386
7583,3.3181
7584,3.1492
7585,3.4023
7586,4.1307
7587,3.6654
7588,4.0552
7589,2.6479
7590,3.2329
7591,3.0046
7592,2.5963
7593,4.7759
7594,2.8599
7595,1.9295
7596,2.933
7597,5.047
7598,3.1709
7599,4.246
7600,4.6376
7601,3.6402
7602,4.6033
7603,2.6953
7604,3.7066
7605,3.3148
7606,3.5464
7607,2.2921
7608,1.8456
7609,2.3213
7610,4.9453
7611,4.3871
7612,5.038
7613,4.5317
7614,2.9164
7615,4.7796
7616,3.932
7617,3.611
7618,2.4561
7619,4.5412
7620,4.629
7621,3.7227
7622,2.9789
7623,3.329
7624,3.1719
7625,3.7546
7626,4.4594
7627,2.9163
7628,3.0841
7629,2.9973
7630,3.5017
7631,4.8448
7632,4.2815
7633,3.4574
7634,2.5817
7635,2.9395
7636,3.3622
7637,4.997
7638,5.1724
7639,4.7287
7640,2.916
7641,3.5842
7642,4.6317
7643,2.7971
7644,3.2946
7645,3.6955
7646,4.8641
7647,4.8008
7648,4.565
7649,4.6125
7650,5.3906
7651,3.3238
7652,2.8151
7653,4.3563
7654,3.9165
7655,5.0812
7656,3.8071
7657,4.4502
7658,4.9617
7659,3.8279
7660,4.9528
7661,3.1414
7662,3.8792
7663,4.114
7664,4.0327
7665,4.7436
7666,2.3576
7667,3.918
7668,3.9474
7669,4.1716
7670,3.5088
7671,2.335
7672,4.6766
7673,3.5648
7674,2.6807
7675,4.593
7676,4.4483
7677,3.5085
7678,4.0171
7679,4.1063
7680,2.2724
7681,3.8614
7682,2.6236
7683,3.3537
7684,4.6434
7685,4.7151
7686,3.4654
7687,3.9268
7688,3.3184
7689,4.0555
7690,3.5502
7691,4.9426
7692,3.2518
7693,4.6865
7694,3.2448
7695,2.9316
7696,2.6128
7697,3.7249
7698,4.6524
7699,1.7128
7700,2.9009
7701,1.7231
7702,3.4828
7703,4.5673
7704,4.7529
7705,3.1832
7706,3.9417
7707,2.3715
7708,4.3429
7709,4.9227
7710,4.0413
7711,3.006
7712,3.6474
7713,1.823
7714,5.5248
7715,2.5265
7716,2.3364
7717,4.4266
7718,4.3319
7719,3.1484
7720,5.1364
7721,5.2451
7722,3.4162
7723,3.7305
7724,4.4247
7725,4.0255
7726,3.0742
7727,5.0871
7728,3.8424
7729,5.0099
7730,2.6321
7731,3.1907
7732,4.6312
7733,3.6029
7734,4.9154
7735,4.3847
7736,2.739
7737,2.2481
7738,2.3762
7739,2.6812
7740,4.1689
7741,4.8732
7742,4.7083
7743,4.2922
7744,4.1593
7745,3.6023
7746,4.1601
7747,3.7829
7748,4.0558
7749,4.1942
7750,4.849
7751,4.3728
7752,4.7516
7753,5.0348
7754,3.1197
7755,2.1134
7756,3.8237
7757,2.9165
7758,5.3654
7759,4.3568
7760,2.8238
7761,2.4953
7762,4.3065
7763,4.0607
7764,4.3678
7765,3.3467
7766,4.2632
7767,4.1522
7768,3.29
7769,5.0345
7770,3.5381
7771,4.015
7772,4.4207
7773,4.1706
7774,2.2246
7775,2.0161
7776,2.2443
7777,3.4952
7778,3.557
7779,3.8753
7780,3.0492
7781,4.5213
7782,5.2057
7783,5.007
7784,4.1294
7785,4.0374
7786,4.0943
7787,4.4372
7788,5.3773
7789,4.9085
7790,4.2028
7791,4.5119
7792,4.4751
7793,4.6292
7794,3.8771
7795,5.0992
7796,2.8828
7797,4.2491
7798,3.0417
7799,5.1116
7800,1.8438
7801,4.2761
7802,4.7133
7803,4.2875
7804,3.7733
7805,3.9647
7806,4.3103
7807,4.1425
7808,3.6867
7809,4.255
7810,4.5322
7811,5.0139
7812,4.5904
7813,4.8327
7814,2.202
7815,3.0103
7816,4.5017
7817,4.413
7818,3.0441
7819,5.6715
7820,2.4728
7821,4.8121
7822,3.4455
7823,2.7773
7824,4.7317
7825,4.5649
7826,1.9971
7827,4.3119
7828,3.9234
7829,4.9751
7830,2.6593
7831,2.5714
7832,3.469
7833,3.7313
7834,4.4576
7835,2.7576
7836,3.2488
7837,4.5211
7838,4.0238
7839,4.6653
7840,2.0602
7841,4.8999
7842,4.7767
7843,4.1873
7844,2.4585
7845,2.2771
7846,3.6285
7847,4.4704
7848,4.7324
7849,3.9625
7850,4.806
7851,4.0552
7852,5.1403
7853,4.7989
7854,4.042
7855,4.9823
7856,4.7399
7857,2.7996
7858,4.9947
7859,2.688
7860,4.9044
7861,2.7266
7862,3.4447
7863,4.5144
7864,4.6112
7865,4.2679
7866,3.6423
7867,4.5748
7868,4.839
7869,3.3632
7870,5.5185
7871,2.6503
7872,3.0916
7873,3.6257
7874,4.735
7875,4.6214
7876,4.8105
7877,4.9979
7878,2.4929
7879,1.8212
7880,2.8145
7881,4.6874
7882,2.953
7883,3.3039
7884,5.1223
7885,3.005
7886,3.9688
7887,5.306
7888,4.7553
7889,4.3111
7890,4.0743
7891,3.7671
7892,3.6766
7893,4.1626
7894,4.3782
7895,4.6247
7896,5.0616
7897,4.3056
7898,4.0751
7899,4.1625
7900,5.0733
7901,4.6304
7902,4.564
7903,3.9432
7904,2.7806
7905,5.1728
7906,4.6166
7907,4.167
7908,4.7184
7909,4.4312
7910,4.1801
7911,4.239
7912,4.6389
7913,2.7724
7914,4.05
7915,4.4869
7916,4.9705
7917,4.4699
7918,4.1465
7919,2.5123
7920,4.0031
7921,4.7817
7922,3.7567
7923,4.4893
7924,4.4688
7925,4.8583
7926,4.8475
7927,4.7004
7928,4.6739
7929,4.7041
7930,4.8408
7931,4.9251
7932,4.7955
7933,3.8381
7934,5.1278
7935,4.6135
7936,4.7387
7937,4.4877
7938,4.7993
7939,4.9769
7940,5.0914
7941,4.7584
7942,5.2258
7943,5.4874
7944,4.3512
7945,4.7822
7946,5.0067
7947,3.902
7948,3.7029
7949,3.3818
7950,3.8488
7951,3.5392
7952,4.5384
7953,4.7069
7954,4.5052
7955,5.4062
7956,4.6939
7957,3.677
7958,2.8767
7959,4.5771
7960,3.7219
7961,4.9857
7962,4.7436
7963,4.163
7964,4.3957
7965,4.832
7966,4.7836
7967,4.5415
7968,4.0557
7969,3.1227
7970,4.7179
7971,4.628
7972,4.7637
7973,2.7267
7974,4.0864
7975,4.7726
7976,4.0769
7977,4.5013
7978,5.1977
7979,5.023
7980,4.5432
7981,3.9308
7982,2.5508
7983,4.8727
7984,4.6639
7985,3.6042
7986,4.504
7987,4.4474
7988,4.6134
7989,4.2442
7990,3.8732
7991,4.5301
7992,3.9027
7993,4.1833
7994,3.6056
7995,4.7652
7996,3.905
7997,3.8296
7998,5.1339
7999,4.166
8000,4.3789
8001,4.564
8002,4.7728
8003,4.4889
8004,4.9908
8005,3.324
8006,3.5228
8007,4.5465
8008,4.5524
8009,4.1074
8010,3.7992
8011,4.4096
8012,4.0107
8013,2.8721
8014,4.6605
8015,4.0863
8016,2.8019
8017,4.7027
8018,2.6453
8019,2.2843
8020,3.9952
8021,3.8231
8022,5.0294
8023,3.372
8024,3.7595
8025,2.8563
8026,3.3368
8027,4.4151
8028,4.6075
8029,4.0844
8030,3.7682
8031,4.7767
8032,2.6368
8033,4.7483
8034,3.4269
8035,3.9184
8036,3.8187
8037,4.7985
8038,3.606
8039,3.6176
8040,4.3641
8041,3.5378
8042,4.6346
8043,4.344
8044,2.763
8045,3.9317
8046,2.8772
8047,4.9023
8048,2.729
8049,4.0948
8050,4.1889
8051,3.3139
8052,3.8371
8053,3.0513
8054,5.1382
8055,2.5507
8056,4.4213
8057,4.812
8058,4.3712
8059,4.0372
8060,3.7871
8061,4.8115
8062,4.364
8063,2.8375
8064,2.9244
8065,4.2019
8066,4.3624
8067,3.945
8068,3.847
8069,2.9046
8070,4.1887
8071,4.5697
8072,3.4962
8073,5.036
8074,4.4602
8075,5.0458
8076,2.4607
8077,3.9694
8078,3.2699
8079,3.6673
8080,2.8202
8081,4.8985
8082,4.2466
8083,4.0973
8084,4.3244
8085,4.6426
8086,4.2707
8087,4.4567
8088,3.7499
8089,4.858
8090,2.7199
8091,4.6157
8092,4.1117
8093,5.011
8094,4.2168
8095,5.2051
8096,4.559
8097,3.8184
8098,3.4208
8099,4.3486
8100,4.0876
8101,3.5567
8102,4.4499
8103,4.5275
8104,3.8001
8105,4.668
8106,3.1372
8107,3.2185
8108,4.9572
8109,4.4593
8110,3.1628
8111,4.6397
8112,4.7671
8113,4.077
8114,4.1045
8115,4.5241
8116,4.8847
8117,4.4347
8118,2.5285
8119,4.255
8120,4.2878
8121,3.1547
8122,3.0799
8123,4.6126
8124,3.7612
8125,4.5134
8126,3.3323
8127,4.1806
8128,3.147
8129,4.711
8130,3.583
8131,3.3536
8132,2.9715
8133,5.3081
8134,4.6077
8135,2.9972
8136,3.8526
8137,4.7818
8138,4.0143
8139,4.2983
8140,4.6106
8141,3.6805
8142,4.4936
8143,3.4818
8144,3.8546
8145,2.2332
8146,3.3126
8147,2.8747
8148,4.894
8149,5.1547
8150,4.6843
8151,5.0409
8152,4.4875
8153,2.7948
8154,4.5149
8155,3.934
8156,4.0262
8157,4.6834
8158,2.9214
8159,3.5745
8160,3.9684
8161,4.5043
8162,3.0992
8163,4.4272
8164,4.4568
8165,4.9334
8166,4.6204
8167,4.4358
8168,5.2005
8169,4.1187
8170,4.6401
8171,3.9285
8172,3.6372
8173,4.7729
8174,3.5432
8175,4.2086
8176,5.3132
8177,4.3277
8178,4.9329
8179,4.5439
8180,4.6246
8181,4.2288
8182,4.8835
8183,3.9779
8184,3.3699
8185,1.8421
8186,3.4893
8187,2.9546
8188,2.4431
8189,2.9591
8190,3.3494
8191,3.0444
8192,1.1572
8193,1.3635
8194,2.5833
8195,3.0096
8196,1.0271
8197,2.5161
8198,1.3019
8199,2.31
8200,2.0812
8201,2.5346
8202,2.9522
8203,3.4316
8204,1.9079
8205,2.2702
8206,1.6408
8207,1.5572
8208,2.1424
8209,2.943
8210,2.6956
8211,2.1347
8212,1.5136
8213,2.585
8214,2.9668
8215,3.4925
8216,4.3116
8217,4.5676
8218,1.4397
8219,4.6744
8220,3.1294
8221,3.1724
8222,4.8508
8223,2.8995
8224,2.6015
8225,4.2794
8226,4.3086
8227,4.418
8228,4.8947
8229,4.0639
8230,5.0215
8231,3.2821
8232,4.7335
8233,3.3862
8234,3.9659
8235,4.402
8236,3.307
8237,3.8822
8238,4.7008
8239,3.3122
8240,3.8145
8241,4.1456
8242,2.5943
8243,2.9624
8244,3.8399
8245,5.4716
8246,4.6844
8247,3.8978
8248,4.3924
8249,5.1075
8250,3.013
8251,4.449
8252,2.7832
8253,3.3323
8254,4.9658
8255,5.1116
8256,4.7248
8257,4.1498
8258,4.7761
8259,5.0253
8260,4.5031
8261,4.378
8262,5.1596
8263,4.7387
8264,4.698
8265,4.7912
8266,4.674
8267,4.1103
8268,2.7836
8269,4.5557
8270,5.0065
8271,4.8832
8272,4.8783
8273,3.7029
8274,3.4013
8275,3.6732
8276,4.9048
8277,4.2136
8278,2.864
8279,2.9541
8280,4.236
8281,3.6768
8282,3.8125
8283,3.1113
8284,3.7316
8285,4.4708
8286,4.4131
8287,2.6684
8288,4.4146
8289,3.0941
8290,3.1362
8291,3.1956
8292,3.4847
8293,2.606
8294,4.019
8295,2.0296
8296,2.8758
8297,3.246
8298,3.6129
8299,3.828
8300,4.6791
8301,4.436
8302,2.678
8303,1.9344
8304,3.9029
8305,4.327
8306,1.5445
8307,2.2085
8308,1.6527
8309,3.0757
8310,2.3873
8311,4.3188
8312,4.9694
8313,5.0362
8314,4.9958
8315,2.964
8316,3.9312
8317,3.6682
8318,5.0211
8319,3.2013
8320,4.9439
8321,5.2039
8322,4.7792
8323,4.9982
8324,2.4709
8325,2.5929
8326,3.2288
8327,4.7153
8328,4.0212
8329,1.834
8330,4.9042
8331,4.4151
8332,2.9531
8333,3.2374
8334,4.0548
8335,5.0317
8336,4.2801
8337,4.5086
8338,3.8459
8339,2.4132
8340,3.8614
8341,4.03
8342,3.9932
8343,4.0629
8344,3.3686
8345,3.103
8346,2.4583
8347,3.1392
8348,4.2969
8349,4.8081
8350,3.2645
8351,4.4327
8352,2.6845
8353,4.5711
8354,4.2218
8355,4.5426
8356,4.1729
8357,5.0661
8358,4.7405
8359,5.2623
8360,5.0114
8361,2.7573
8362,2.6771
8363,4.8656
8364,4.3727
8365,4.33
8366,4.8845
8367,4.6035
8368,4.5693
8369,5.4379
8370,5.0174
8371,4.8229
8372,4.2329
8373,4.6436
8374,4.5811
8375,4.7981
8376,2.8213
8377,4.156
8378,4.0523
8379,4.5561
8380,5.0354
8381,5.0736
8382,3.5744
8383,3.9886
8384,4.3801
8385,3.6147
8386,4.1234
8387,5.1908
8388,4.9713
8389,4.1695
8390,4.0771
8391,4.0127
8392,3.4011
8393,4.3698
8394,3.6289
8395,4.2367
8396,2.2798
8397,4.0737
8398,3.6955
8399,4.5901
8400,4.6426
8401,4.8323
8402,4.0346
8403,4.2933
8404,3.9817
8405,2.2043
8406,3.5603
8407,3.979
8408,2.0641
8409,5.006
8410,3.4235
8411,4.5109
8412,1.7958
8413,3.5173
8414,4.6911
8415,3.5762
8416,3.1013
8417,4.6796
8418,4.4361
8419,5.0117
8420,5.9547
8421,4.8673
8422,1.7551
8423,4.8847
8424,3.7417
8425,3.8808
8426,3.8647
8427,5.2943
8428,3.0562
8429,2.8273
8430,4.0359
8431,1.9595
8432,3.9053
8433,3.467
8434,4.751
8435,5.0765
8436,4.6103
8437,4.1476
8438,3.7104
8439,4.7472
8440,4.0752
8441,4.417
8442,4.9431
8443,5.332
8444,3.822
8445,5.0578
8446,4.7043
8447,4.1711
8448,4.8442
8449,4.263
8450,4.3266
8451,1.3994
8452,4.1678
8453,3.5456
8454,4.3899
8455,4.4923
8456,4.6202
8457,3.845
8458,4.4325
8459,4.4826
8460,4.0232
8461,4.2841
8462,2.5276
8463,2.9938
8464,5.1227
8465,4.9033
8466,3.3757
8467,3.7355
8468,4.5198
8469,4.3293
8470,3.187
8471,4.0439
8472,4.2988
8473,3.1208
8474,5.3192
8475,4.5792
8476,4.7291
8477,5.1284
8478,4.2888
8479,4.508
8480,4.3626
8481,4.4637
8482,4.5702
8483,4.2241
8484,4.5682
8485,4.0292
8486,4.7912
8487,4.4732
8488,3.094
8489,4.5467
8490,3.9724
8491,4.8209
8492,4.367
8493,4.1226
8494,4.6577
8495,4.7482
8496,3.3839
8497,4.5668
8498,4.7219
8499,2.9331
8500,4.7789
8501,5.6048
8502,4.7066
8503,3.8553
8504,4.4756
8505,3.8933
8506,3.8029
8507,4.0302
8508,4.4541
8509,5.2983
8510,4.5737
8511,5.1446
8512,4.7912
8513,4.9504
8514,4.2765
8515,4.84
8516,4.7844
8517,4.7039
8518,4.7654
8519,5.4325
8520,4.2608
8521,4.4652
8522,4.3408
8523,4.5003
8524,4.9119
8525,4.4467
8526,4.7787
8527,4.9583
8528,4.4557
8529,4.9523
8530,3.4239
8531,4.8629
8532,4.9292
8533,4.6445
8534,4.8984
8535,4.591
8536,3.784
8537,3.3822
8538,4.7356
8539,4.9513
8540,4.1809
8541,5.0179
8542,4.5271
8543,5.8201
8544,4.4004
8545,4.6464
8546,4.8028
8547,5.2402
8548,4.4069
8549,3.8526
8550,4.113
8551,4.4137
8552,4.1856
8553,4.2302
8554,3.1493
8555,3.4556
8556,2.2703
8557,4.3504
8558,3.6715
8559,5.4375
8560,4.6008
8561,4.2924
8562,2.1961
8563,3.6074
8564,4.0799
8565,4.8074
8566,3.6566
8567,4.2541
8568,2.9288
8569,4.7933
8570,3.5105
8571,4.8759
8572,5.1542
8573,4.3523
8574,4.7411
8575,4.2875
8576,4.2858
8577,4.1956
8578,3.3965
8579,4.7157
8580,2.3551
8581,3.9867
8582,5.2657
8583,3.7073
8584,3.5469
8585,4.216
8586,4.1946
8587,2.3147
8588,2.5893
8589,2.1933
8590,4.2032
8591,4.8714
8592,4.8731
8593,4.6841
8594,4.8021
8595,3.3477
8596,3.0739
8597,3.7363
8598,4.6821
8599,4.3753
8600,4.4808
8601,2.4598
8602,4.146
8603,2.9369
8604,4.6456
8605,2.4488
8606,4.8825
8607,2.6271
8608,4.9407
8609,3.2441
8610,3.8391
8611,4.033
8612,2.2796
8613,4.5024
8614,4.9906
8615,1.8806
8616,2.4796
8617,4.8306
8618,4.423
8619,4.6637
8620,4.4049
8621,3.7403
8622,4.6384
8623,3.6423
8624,4.3061
8625,4.2766
8626,3.8229
8627,4.5823
8628,2.5402
8629,3.5586
8630,3.7336
8631,3.7251
8632,4.1593
8633,4.7125
8634,3.9084
8635,1.8886
8636,3.8766
8637,4.946
8638,4.6854
8639,5.1324
8640,5.129
8641,4.133
8642,5.0401
8643,4.3168
8644,4.1108
8645,3.522
8646,4.7401
8647,2.5163
8648,3.3188
8649,2.9794
8650,2.5667
8651,4.3156
8652,4.6765
8653,5.0062
8654,3.1389
8655,4.9983
8656,3.5913
8657,4.5656
8658,4.2871
8659,3.7023
8660,4.2603
8661,5.0745
8662,4.3515
8663,3.8898
8664,4.2848
8665,5.122
8666,4.1375
8667,4.9226
8668,4.3276
8669,4.7023
8670,4.8789
8671,4.5024
8672,4.6388
8673,2.8606
8674,4.8929
8675,4.794
8676,3.5632
8677,5.2064
8678,4.5652
8679,4.1834
8680,4.5619
8681,4.7267
8682,4.3001
8683,2.7235
8684,4.228
8685,3.8871
8686,4.3979
8687,2.0338
8688,3.098
8689,2.1145
8690,4.0944
8691,4.9164
8692,5.1773
8693,3.3876
8694,3.8473
8695,4.0651
8696,5.2815
8697,4.0821
8698,4.2877
8699,3.9886
8700,3.1375
8701,3.7243
8702,2.351
8703,3.9229
8704,5.5885
8705,4.5462
8706,3.4426
8707,2.966
8708,4.7936
8709,2.8409
8710,1.7727
8711,4.4878
8712,2.9403
8713,2.6558
8714,4.1616
8715,3.5787
8716,1.7916
8717,3.918
8718,3.7744
8719,3.4348
8720,3.2113
8721,3.1553
8722,4.9829
8723,3.3609
8724,3.4498
8725,2.445
8726,5.2144
8727,3.732
8728,4.3399
8729,4.0303
8730,4.255
8731,4.4858
8732,3.0987
8733,4.1021
8734,4.3173
8735,4.7905
8736,2.8889
8737,5.0656
8738,2.4643
8739,4.1885
8740,3.1588
8741,2.4934
8742,5.1554
8743,3.8366
8744,4.2565
8745,4.7444
8746,3.5197
8747,4.3804
8748,4.006
8749,4.6893
8750,3.876
8751,5.4875
8752,2.9365
8753,3.1264
8754,2.9156
8755,2.7554
8756,4.9915
8757,4.8822
8758,4.7391
8759,3.9063
8760,3.4606
8761,3.1853
8762,4.7078
8763,3.507
8764,3.2649
8765,4.5052
8766,4.1204
8767,4.7569
8768,4.0816
8769,3.9215
8770,3.4293
8771,5.0614
8772,3.9773
8773,4.0084
8774,2.408
8775,5.1451
8776,3.3786
8777,3.7296
8778,4.8956
8779,2.721
8780,3.4478
8781,2.1865
8782,3.5972
8783,4.6379
8784,1.7134
8785,2.4056
8786,4.4513
8787,5.2392
8788,4.9614
8789,3.7444
8790,4.1534
8791,4.6685
8792,4.6465
8793,3.3497
8794,4.4773
8795,3.823
8796,4.5378
8797,3.8528
8798,5.3198
8799,4.0979
8800,4.9415
8801,4.0578
8802,3.1753
8803,2.7208
8804,4.2985
8805,5.0834
8806,3.9525
8807,4.0589
8808,4.3059
8809,4.9388
8810,5.0048
8811,3.7077
8812,3.7769
8813,4.2268
8814,4.2507
8815,4.4884
8816,3.7187
8817,4.5715
8818,4.5383
8819,4.5003
8820,3.5076
8821,3.5633
8822,4.5707
8823,4.2395
8824,4.5926
8825,2.837
8826,2.1126
8827,4.4584
8828,4.7498
8829,4.7316
8830,2.5562
8831,4.2977
8832,2.5043
8833,4.8168
8834,4.3674
8835,4.5577
8836,2.877
8837,3.1133
8838,5.1907
8839,4.3586
8840,4.1351
8841,3.7512
8842,3.0887
8843,3.108
8844,2.5193
8845,4.1661
8846,4.9403
8847,2.0405
8848,4.6039
8849,3.323
8850,4.469
8851,3.8149
8852,1.8775
8853,1.4164
8854,4.0377
8855,5.3261
8856,3.6927
8857,2.9915
8858,3.0597
8859,4.4319
8860,4.7413
8861,3.6684
8862,5.1402
8863,5.0201
8864,4.9571
8865,3.9685
8866,3.4874
8867,4.2495
8868,4.6537
8869,2.4183
8870,4.4027
8871,4.4697
8872,4.4219
8873,4.4532
8874,4.3093
8875,3.5349
8876,2.6599
8877,5.3797
8878,4.8288
8879,3.5082
8880,1.8256
8881,3.5044
8882,3.2063
8883,3.657
8884,3.8864
8885,4.8648
8886,3.9298
8887,4.4497
8888,5.2469
8889,2.638
8890,4.276
8891,5.0502
8892,4.5093
8893,3.4849
8894,4.6276
8895,4.9418
8896,3.4816
8897,3.4319
8898,4.6105
8899,4.6985
8900,4.8607
8901,3.8905
8902,3.5559
8903,4.7548
8904,3.8424
8905,4.2389
8906,4.9122
8907,4.5285
8908,4.5012
8909,4.0948
8910,4.6418
8911,4.9751
8912,5.3774
8913,2.1522
8914,2.7504
8915,4.7351
8916,4.1155
8917,4.1436
8918,3.1253
8919,2.6866
8920,4.6114
8921,3.2238
8922,5.0253
8923,5.0251
8924,3.7244
8925,4.4131
8926,4.6983
8927,4.7105
8928,4.2199
8929,4.276
8930,4.0343
8931,4.1297
8932,4.9781
8933,4.2937
8934,4.5016
8935,2.7964
8936,2.9155
8937,4.5105
8938,3.5324
8939,5.1036
8940,3.8864
8941,4.8394
8942,3.9694
8943,3.0999
8944,3.4551
8945,4.7268
8946,4.3137
8947,4.4829
8948,4.6933
8949,2.8877
8950,4.0932
8951,3.3657
8952,3.6413
8953,4.0022
8954,4.6456
8955,3.5156
8956,3.5471
8957,3.5735
8958,2.04
8959,3.3329
8960,4.9011
8961,3.424
8962,4.7389
8963,3.5719
8964,3.3926
8965,2.9199
8966,3.6198
8967,4.9754
8968,4.3412
8969,4.1599
8970,2.5065
8971,3.8615
8972,2.394
8973,3.6045
8974,3.9502
8975,2.139
8976,3.1607
8977,4.239
8978,4.1489
8979,4.4692
8980,4.646
8981,3.6174
8982,2.4729
8983,3.5392
8984,3.9945
8985,4.2339
8986,4.9551
8987,4.4903
8988,4.3371
8989,4.7623
8990,4.9447
8991,4.8079
8992,3.6335
8993,3.3542
8994,1.9671
8995,4.9921
8996,4.0096
8997,4.513
8998,3.1001
8999,3.5283
9000,5.1049
9001,3.5045
9002,4.3886
9003,1.558
9004,3.7665
9005,4.8812
9006,4.4245
9007,2.6273
9008,3.8702
9009,4.8355
9010,4.2994
9011,4.1795
9012,3.6062
9013,5.106
9014,3.089
9015,5.1556
9016,3.4358
9017,3.7567
9018,4.4886
9019,2.8263
9020,3.3209
9021,4.923
9022,4.3108
9023,2.8559
9024,4.8671
9025,5.1226
9026,3.943
9027,4.1913
9028,4.1236
9029,4.096
9030,3.3781
9031,5.1358
9032,5.0961
9033,4.8784
9034,4.1101
9035,4.3427
9036,4.2954
9037,2.8442
9038,3.0598
9039,4.7405
9040,5.0659
9041,4.7578
9042,4.1372
9043,4.5401
9044,4.4843
9045,4.509
9046,5.248
9047,3.958
9048,4.5334
9049,3.905
9050,4.9281
9051,4.2678
9052,3.3351
9053,4.5264
9054,4.6884
9055,4.7288
9056,3.042
9057,4.1798
9058,4.4105
9059,4.2928
9060,4.8473
9061,3.0247
9062,3.3818
9063,4.5372
9064,4.4081
9065,4.4578
9066,4.3724
9067,4.8352
9068,4.1105
9069,4.7311
9070,4.9873
9071,3.5662
9072,5.0923
9073,4.9514
9074,3.0104
9075,3.2216
9076,4.8875
9077,3.2994
9078,4.5303
9079,4.8271
9080,4.8219
9081,4.0536
9082,2.4191
9083,4.6294
9084,4.6608
9085,5.1992
9086,3.4867
9087,3.4631
9088,4.0414
9089,3.6215
9090,4.8414
9091,4.9224
9092,4.9031
9093,3.6029
9094,5.0096
9095,4.7202
9096,4.354
9097,4.5313
9098,5.1773
9099,4.8784
9100,4.5601
9101,4.9972
9102,4.2348
9103,3.7758
9104,5.0024
9105,4.9072
9106,4.7763
9107,5.2206
9108,4.8442
9109,3.6073
9110,4.9069
9111,4.8304
9112,4.4795
9113,4.2562
9114,3.7485
9115,4.043
9116,4.0584
9117,3.3086
9118,2.6946
9119,4.366
9120,4.2939
9121,2.991
9122,4.8647
9123,4.1128
9124,3.5778
9125,4.6778
9126,4.3471
9127,4.9332
9128,3.2819
9129,3.3585
9130,3.3123
9131,4.2586
9132,4.7068
9133,3.154
9134,4.6574
9135,5.1768
9136,4.2737
9137,3.8847
9138,3.7826
9139,4.7534
9140,4.4008
9141,4.6277
9142,2.6101
9143,4.5054
9144,3.4806
9145,4.8925
9146,2.8377
9147,3.851
9148,3.8019
9149,5.32
9150,3.9843
9151,4.7638
9152,3.3819
9153,2.2711
9154,4.1136
9155,4.4567
9156,5.1517
9157,4.2772
9158,4.2114
9159,5.3168
9160,4.0534
9161,4.8832
9162,4.2734
9163,3.9848
9164,2.3765
9165,4.5402
9166,4.9279
9167,4.9337
9168,4.6439
9169,5.2478
9170,4.1472
9171,4.5225
9172,4.4029
9173,4.0633
9174,4.0992
9175,4.3009
9176,4.0958
9177,4.1799
9178,5.0785
9179,4.6039
9180,4.3804
9181,3.8206
9182,4.0413
9183,4.8762
9184,4.5739
9185,4.3836
9186,3.6681
9187,3.1368
9188,3.1229
9189,2.8954
9190,4.9152
9191,4.9707
9192,4.3241
9193,4.3095
9194,3.835
9195,4.455
9196,3.3249
9197,4.9762
9198,3.4657
9199,3.3892
9200,4.173
9201,4.6691
9202,4.8756
9203,4.1851
9204,4.4461
9205,4.282
9206,4.0947
9207,3.9505
9208,4.5599
9209,4.55
9210,3.7307
9211,4.6954
9212,4.314
9213,4.359
9214,4.8373
9215,4.7139
9216,5.6423
9217,5.0693
9218,5.2241
9219,4.8328
9220,4.654
9221,3.8935
9222,4.3221
9223,4.7816
9224,5.1662
9225,4.5794
9226,4.6641
9227,3.5857
9228,4.4332
9229,3.534
9230,3.4404
9231,3.2109
9232,4.5146
9233,5.0849
9234,4.68
9235,2.914
9236,4.2312
9237,5.2518
9238,5.254
9239,4.6238
9240,3.9292
9241,4.7695
9242,4.7156
9243,4.8296
9244,4.3229
9245,4.4368
9246,3.4554
9247,5.1136
9248,5.0581
9249,4.7409
9250,4.4282
9251,4.4729
9252,5.2318
9253,4.4598
9254,5.0915
9255,4.5166
9256,5.6974
9257,3.752
9258,5.015
9259,5.1477
9260,2.8584
9261,4.8826
9262,4.5928
9263,5.1428
9264,4.6937
9265,4.751
9266,4.6727
9267,3.8939
9268,4.8879
9269,4.9845
9270,4.9306
9271,5.3867
9272,4.8505
9273,3.1923
9274,4.0028
9275,4.2131
9276,3.4469
9277,5.1425
9278,4.9278
9279,3.7124
9280,3.6203
9281,5.0646
9282,2.8179
9283,4.7905
9284,4.0499
9285,3.8719
9286,5.268
9287,4.3306
9288,4.7589
9289,3.854
9290,4.7675
9291,4.8627
9292,5.2495
9293,5.2427
9294,4.8175
9295,4.8613
9296,4.8239
9297,4.7445
9298,4.5593
9299,4.5198
9300,3.5798
9301,4.1371
9302,4.1094
9303,4.5217
9304,3.4034
9305,3.8815
9306,4.5517
9307,4.807
9308,4.9935
9309,4.4456
9310,4.6954
9311,4.7015
9312,4.5949
9313,3.9916
9314,4.3651
9315,5.3684
9316,4.6495
9317,4.4073
9318,4.9623
9319,4.7546
9320,4.87
9321,4.1867
9322,4.4938
9323,4.8806
9324,4.4433
9325,4.7982
9326,4.8021
9327,4.5372
9328,4.8007
9329,4.781
9330,3.2865
9331,4.6946
9332,4.8252
9333,4.3661
9334,3.6167
9335,4.4447
9336,4.7809
9337,2.7326
9338,4.164
9339,3.4958
9340,4.1326
9341,4.4381
9342,4.4692
9343,5.0285
9344,4.4792
9345,4.5369
9346,4.7989
9347,4.9869
9348,4.428
9349,4.0754
9350,4.5591
9351,5.0559
9352,4.5222
9353,3.6268
9354,4.0518
9355,4.939
9356,4.8898
9357,3.1442
9358,3.2149
9359,3.7037
9360,4.4592
9361,4.3246
9362,3.8539
9363,4.5676
9364,4.017
9365,3.5012
9366,3.0044
9367,2.4126
9368,4.2282
9369,5.2106
9370,1.9786
9371,4.1933
9372,4.3386
9373,5.6573
9374,5.6624
9375,4.4919
9376,3.9906
9377,4.1324
9378,4.9085
9379,5.0493
9380,4.8898
9381,4.3803
9382,4.5082
9383,4.5449
9384,3.7173
9385,3.223
9386,3.9301
9387,3.1093
9388,3.955
9389,3.1931
9390,4.317
9391,4.0633
9392,3.6315
9393,3.8973
9394,4.3647
9395,4.7976
9396,4.0011
9397,4.0499
9398,3.4895
9399,2.8012
9400,3.4932
9401,3.8254
9402,4.2191
9403,4.2646
9404,4.0926
9405,3.8593
9406,4.0983
9407,4.394
9408,4.8083
9409,5.0132
9410,4.401
9411,3.4561
9412,4.9156
9413,5.0925
9414,3.4174
9415,4.7521
9416,3.1143
9417,4.7529
9418,4.2272
9419,5.0485
9420,5.3643
9421,4.383
9422,4.752
9423,4.274
9424,4.2304
9425,4.6929
9426,4.9053
9427,4.8884
9428,3.4664
9429,4.1278
9430,4.4208
9431,4.3818
9432,4.8332
9433,3.6506
9434,4.8691
9435,4.3071
9436,5.0761
9437,2.4191
9438,4.9802
9439,4.8785
9440,2.7351
9441,4.189
9442,5.1017
9443,4.896
9444,4.5558
9445,4.704
9446,4.4833
9447,3.9682
9448,4.6927
9449,4.3835
9450,3.0252
9451,4.1837
9452,4.2796
9453,4.6627
9454,5.3893
9455,5.0738
9456,4.6079
9457,4.1003
9458,4.893
9459,4.4679
9460,4.7594
9461,3.8728
9462,4.8035
9463,5.0618
9464,4.8151
9465,4.6585
9466,3.3242
9467,5.0922
9468,4.4075
9469,5.232
9470,4.4706
9471,4.8174
9472,4.6536
9473,4.6618
9474,4.2851
9475,4.8174
9476,4.6863
9477,4.4243
9478,4.9828
9479,5.1857
9480,3.979
9481,4.7984
9482,4.2237
9483,4.4029
9484,4.0138
9485,4.5014
9486,4.5999
9487,4.5827
9488,5.0038
9489,4.9518
9490,4.9361
9491,4.6714
9492,5.0026
9493,4.6319
9494,4.8276
9495,3.9428
9496,4.3169
9497,4.2598
9498,5.072
9499,3.0889
9500,4.2407
9501,4.0605
9502,4.9863
9503,4.7281
9504,4.3125
9505,5.184
9506,4.6792
9507,3.5517
9508,4.5971
9509,4.5607
9510,3.3777
9511,5.1576
9512,5.0135
9513,4.8878
9514,4.9791
9515,4.7233
9516,4.5693
9517,4.0752
9518,5.0143
9519,4.816
9520,4.7279
9521,4.2392
9522,4.7417
9523,4.4596
9524,4.3213
9525,4.9538
9526,4.7652
9527,2.9801
9528,4.9062
9529,4.3233
9530,3.6926
9531,5.0135
9532,4.5694
9533,4.5837
9534,4.3207
9535,3.278
9536,4.0448
9537,4.4322
9538,3.9402
9539,4.5464
9540,4.6302
9541,4.17
9542,4.4983
9543,4.1857
9544,3.7687
9545,4.3243
9546,5.394
9547,4.4028
9548,4.4755
9549,4.559
9550,4.1671
9551,3.9522
9552,4.2106
9553,4.2142
9554,5.0054
9555,4.7671
9556,5.1544
9557,5.1178
9558,4.6715
9559,4.7317
9560,4.9868
9561,4.3632
9562,4.5758
9563,5.053
9564,3.8254
9565,4.1306
9566,4.2473
9567,4.6944
9568,4.2325
9569,4.4336
9570,4.2101
9571,4.9862
9572,3.4132
9573,2.4621
9574,4.8295
9575,3.97
9576,4.6814
9577,4.7482
9578,4.5756
9579,3.7133
9580,4.2483
9581,4.4384
9582,3.239
9583,4.4701
9584,4.8613
9585,4.1947
9586,4.2236
9587,3.1252
9588,4.8915
9589,4.5283
9590,4.8709
9591,4.4349
9592,5.4677
9593,3.8851
9594,3.546
9595,4.6024
9596,5.0482
9597,4.3989
9598,4.5109
9599,4.1946
9600,4.5363
9601,3.8039
9602,2.985
9603,1.753
9604,3.445
9605,4.3047
9606,4.5411
9607,4.1364
9608,4.3318
9609,3.424
9610,4.3208
9611,3.9573
9612,4.349
9613,2.0064
9614,5.0641
9615,3.4975
9616,4.5451
9617,3.8119
9618,3.6597
9619,4.376
9620,4.2918
9621,4.2911
9622,3.116
9623,3.4209
9624,4.7583
9625,3.7797
9626,3.9514
9627,4.0829
9628,3.9614
9629,3.0008
9630,4.8715
9631,3.2484
9632,3.9945
9633,4.4602
9634,4.8045
9635,2.4818
9636,3.669
9637,4.7928
9638,4.3531
9639,3.7323
9640,3.7681
9641,4.3406
9642,4.8078
9643,3.9503
9644,4.402
9645,4.2952
9646,4.42
9647,4.8481
9648,3.9452
9649,4.4794
9650,3.9614
9651,4.4458
9652,4.5099
9653,4.3816
9654,4.0274
9655,4.5585
9656,3.2439
9657,3.2995
9658,3.2166
9659,4.5077
9660,2.3845
9661,3.6537
9662,3.488
9663,3.188
9664,1.9967
9665,4.3586
9666,4.2483
9667,3.9193
9668,2.8001
9669,4.5519
9670,4.8522
9671,4.1348
9672,4.1601
9673,4.1988
9674,3.2737
9675,4.3498
9676,4.1878
9677,4.3376
9678,3.7818
9679,1.6658
9680,4.133
9681,4.2985
9682,4.6933
9683,3.5978
9684,4.0902
9685,4.974
9686,3.6554
9687,4.5383
9688,4.8994
9689,2.2725
9690,4.7756
9691,2.8812
9692,5.0803
9693,3.8086
9694,4.1612
9695,4.3442
9696,1.4512
9697,3.3374
9698,3.816
9699,3.856
9700,3.8739
9701,2.7385
9702,4.379
9703,3.8345
9704,4.0225
9705,2.517
9706,4.5858
9707,4.6986
9708,3.7323
9709,4.0008
9710,3.9354
9711,4.5551
9712,3.9673
9713,4.5052
9714,4.6093
9715,3.4876
9716,4.547
9717,4.0368
9718,4.8478
9719,5.4715
9720,4.6327
9721,5.0611
9722,4.3808
9723,4.3006
9724,4.4217
9725,4.615
9726,4.0295
9727,4.5377
9728,3.7894
9729,3.1258
9730,4.2864
9731,4.7542
9732,4.1317
9733,4.0933
9734,3.7318
9735,4.7522
9736,4.6898
9737,4.7348
9738,4.2759
9739,4.8805
9740,4.0467
9741,4.373
9742,4.6945
9743,4.9835
9744,4.4556
9745,4.4549
9746,4.5492
9747,4.3912
9748,3.9766
9749,3.476
9750,3.1013
9751,4.8249
9752,4.9592
9753,4.7453
9754,4.3973
9755,4.2341
9756,4.0641
9757,4.4717
9758,4.1526
9759,3.0189
9760,4.7267
9761,2.8968
9762,4.5582
9763,4.4165
9764,4.9658
9765,3.4613
9766,4.3937
9767,2.823
9768,2.5678
9769,4.6374
9770,3.2648
9771,3.9721
9772,4.2129
9773,4.1064
9774,4.3909
9775,4.4691
9776,3.4028
9777,5.0563
9778,4.8389
9779,4.6734
9780,4.6919
9781,4.2943
9782,4.3089
9783,4.4609
9784,4.6003
9785,4.7808
9786,4.5128
9787,4.2767
9788,4.7113
9789,4.2462
9790,3.9437
9791,4.8217
9792,3.4337
9793,4.639
9794,3.6696
9795,2.5949
9796,5.2687
9797,4.6034
9798,3.6821
9799,4.9367
9800,3.4991
9801,3.4213
9802,4.4816
9803,2.797
9804,4.7129
9805,4.6691
9806,4.3817
9807,5.248
9808,5.0395
9809,5.1916
9810,3.464
9811,4.4235
9812,4.8801
9813,4.5926
9814,3.7754
9815,4.2612
9816,4.4667
9817,4.2143
9818,4.67
9819,3.7134
9820,4.8577
9821,4.5326
9822,4.3951
9823,4.6275
9824,5.5969
9825,5.6838
9826,4.9373
9827,4.6173
9828,3.9984
9829,4.3705
9830,4.6534
9831,3.2119
9832,4.2701
9833,4.6051
9834,3.7326
9835,4.7825
9836,5.0172
9837,2.4281
9838,4.3722
9839,4.8315
9840,4.2157
9841,5.202
9842,4.8251
9843,4.6666
9844,4.6162
9845,4.7857
9846,4.2917
9847,4.0366
9848,5.1786
9849,4.2959
9850,2.8672
9851,4.4341
9852,3.6681
9853,2.545
9854,4.4913
9855,4.0292
9856,4.9254
9857,2.7509
9858,3.0067
9859,4.2018
9860,4.5053
9861,2.929
9862,3.9622
9863,4.6294
9864,4.3824
9865,3.1491
9866,3.4381
9867,3.4693
9868,4.4945
9869,4.8086
9870,3.0463
9871,3.9126
9872,1.8023
9873,4.5986
9874,4.3327
9875,3.7235
9876,2.145
9877,4.3556
9878,3.3696
9879,1.4606
9880,4.3602
9881,2.224
9882,3.1037
9883,3.5089
9884,2.8584
9885,3.8753
9886,2.058
9887,4.3379
9888,3.9926
9889,2.2467
9890,2.7311
9891,1.8168
9892,4.5568
9893,4.355
9894,2.8872
9895,4.0943
9896,2.2792
9897,3.168
9898,1.9282
9899,3.8332
9900,2.5196
9901,2.3819
9902,4.0405
9903,3.7854
9904,1.7601
9905,3.9357
9906,5.1082
9907,3.8427
9908,3.3775
9909,4.3759
9910,4.7927
9911,3.4428
9912,1.8675
9913,3.9839
9914,3.397
9915,3.9864
9916,3.5739
9917,2.4026
9918,2.3749
9919,2.3536
9920,3.1748
9921,3.7842
9922,4.161
9923,4.1233
9924,2.2882
9925,2.5285
9926,3.3333
9927,2.545
9928,4.0903
9929,2.3846
9930,4.8985
9931,4.1344
9932,1.4255
9933,3.3895
9934,3.4962
9935,4.1508
9936,1.8702
9937,2.8986
9938,3.3768
9939,1.9621
9940,2.8294
9941,2.7388
9942,1.8054
9943,4.3538
9944,3.926
9945,5.1434
9946,4.829
9947,2.4728
9948,3.184
9949,2.8435
9950,4.5369
9951,4.8529
9952,2.8516
9953,3.4491
9954,5.0147
9955,3.256
9956,4.6999
9957,3.6407
9958,4.0094
9959,3.9992
9960,4.1944
9961,3.2719
9962,4.0973
9963,3.9686
9964,3.9857
9965,4.153
9966,3.53
9967,4.5385
9968,4.3727
9969,4.523
9970,3.971
9971,4.4204
9972,2.1949
9973,2.4968
9974,2.4171
9975,3.3098
9976,4.8919
9977,3.8847
9978,4.6325
9979,5.1694
9980,4.4016
9981,5.106
9982,4.9859
9983,4.7046
9984,3.1476
9985,4.1588
9986,4.4124
9987,5.0276
9988,3.6247
9989,3.3407
9990,4.8725
9991,4.7562
9992,2.544
9993,2.5642
9994,4.8722
9995,3.6999
9996,4.4534
9997,3.9591
9998,4.631
9999,3.7629
10000,4.29
